record_id,case_id,scope,reference_origin,language,reference_certainty,expected_review,expected_in_window,expected_claims,tags,rationale
return:SYN_R0001,C001,model,delegated synthetic annotation,Hinglish,clear,False,True,"[{""reason"": ""fit_too_small"", ""size_direction"": ""too_small"", ""evidence_quote"": ""chest part bahut tight hai""}, {""reason"": ""quality_defect"", ""size_direction"": ""none"", ""evidence_quote"": ""Side seam bhi khul rahi""}]","[""fit"", ""size"", ""quality""]",Garment is explicitly too tight and separately has an opening side seam.
review:SYN_RV0001,C002,model,delegated synthetic annotation,Hinglish,clear,False,True,"[{""reason"": ""fit_too_small"", ""size_direction"": ""too_small"", ""evidence_quote"": ""shoulders squeeze karte hain""}]","[""fit"", ""size""]",Shoulder restriction states an undersized fit despite positive design comment.
return:SYN_R0002,C003,model,delegated synthetic annotation,English,clear,False,True,"[{""reason"": ""fit_too_small"", ""size_direction"": ""too_small"", ""evidence_quote"": ""waist is so snug""}, {""reason"": ""fabric_feel"", ""size_direction"": ""none"", ""evidence_quote"": ""lining also feels scratchy""}]","[""fit"", ""size"", ""fabric""]",Unambiguously tight waist fit and separate scratchy lining.
review:SYN_RV0002,C004,model,delegated synthetic annotation,Hinglish,clear,False,True,"[{""reason"": ""fit_too_small"", ""size_direction"": ""too_small"", ""evidence_quote"": ""Manga aur bust dono tight hain""}, {""reason"": ""fabric_feel"", ""size_direction"": ""none"", ""evidence_quote"": ""material soft hai""}]","[""fit"", ""size"", ""fabric""]",Reports tight garment fit and separately praises fabric texture.
return:SYN_R0003,C005,model,delegated synthetic annotation,English,clear,False,True,"[{""reason"": ""fit_too_small"", ""size_direction"": ""too_small"", ""evidence_quote"": ""band cuts into my ribs""}, {""reason"": ""colour_or_look_mismatch"", ""size_direction"": ""none"", ""evidence_quote"": ""navy looks purple compared with the listing""}]","[""fit"", ""size"", ""colour""]",Constricting band and independently mismatched listed color.
review:SYN_RV0003,C006,model,delegated synthetic annotation,Hinglish,clear,False,True,"[{""reason"": ""fit_too_small"", ""size_direction"": ""too_small"", ""evidence_quote"": ""Waist pe tight hai""}]","[""fit"", ""size""]",Waist tightness is a clear fit complaint.
return:SYN_R0004,C007,model,delegated synthetic annotation,English,clear,False,True,"[{""reason"": ""fit_too_small"", ""size_direction"": ""too_small"", ""evidence_quote"": ""sleeves bind around my upper arms""}, {""reason"": ""quality_defect"", ""size_direction"": ""none"", ""evidence_quote"": ""one cuff button is missing""}]","[""fit"", ""size"", ""quality""]",Separates restrictive sleeve fit from a missing garment button.
review:SYN_RV0004,C008,model,delegated synthetic annotation,Hinglish,clear,False,True,"[{""reason"": ""fit_too_small"", ""size_direction"": ""too_small"", ""evidence_quote"": ""rib cage area chhota pad gaya""}, {""reason"": ""quality_defect"", ""size_direction"": ""none"", ""evidence_quote"": ""Side zipper ka pull toot gaya""}]","[""fit"", ""size"", ""quality""]",Bodice is too small and zipper pull is separately broken.
return:SYN_R0005,C009,model,delegated synthetic annotation,English,clear,False,True,"[{""reason"": ""fit_too_small"", ""size_direction"": ""too_small"", ""evidence_quote"": ""shoulders are narrow enough to pull the whole back tight""}, {""reason"": ""fabric_feel"", ""size_direction"": ""none"", ""evidence_quote"": ""lining feels rough against my arms""}]","[""fit"", ""size"", ""fabric""]",Tight shoulders and rough lining are distinct complaints.
review:SYN_RV0005,C010,model,delegated synthetic annotation,Hindi,clear,False,True,"[{""reason"": ""fit_too_small"", ""size_direction"": ""too_small"", ""evidence_quote"": ""सीना बहुत तंग है""}]","[""fit"", ""size""]",Explicitly tight chest fit; color praise is unrelated.
return:SYN_R0006,C011,model,delegated synthetic annotation,Hinglish,clear,False,True,"[{""reason"": ""fit_too_small"", ""size_direction"": ""too_small"", ""evidence_quote"": ""underarms mein chubh ke tight hota""}, {""reason"": ""quality_defect"", ""size_direction"": ""none"", ""evidence_quote"": ""Ek hook bhi missing hai""}]","[""fit"", ""size"", ""quality""]",Underarm tightness and a missing attached hook are separate issues.
review:SYN_RV0006,C012,model,delegated synthetic annotation,Hinglish,clear,False,True,"[{""reason"": ""fit_too_small"", ""size_direction"": ""too_small"", ""evidence_quote"": ""Size chhota nikla""}, {""reason"": ""quality_defect"", ""size_direction"": ""none"", ""evidence_quote"": ""side seam bhi khuli hui aayi""}]","[""fit"", ""size"", ""quality""]",Explicit small size and a separate open seam defect.
return:SYN_R0007,C013,model,delegated synthetic annotation,English,clear,False,True,"[{""reason"": ""fit_too_small"", ""size_direction"": ""too_small"", ""evidence_quote"": ""lining presses against my chest""}, {""reason"": ""colour_or_look_mismatch"", ""size_direction"": ""none"", ""evidence_quote"": ""floral print is absent from the delivered top""}]","[""fit"", ""size"", ""colour""]",Constricting fit and missing listed design are independent problems.
review:SYN_RV0007,C014,model,delegated synthetic annotation,Hinglish,clear,False,True,"[{""reason"": ""fit_too_small"", ""size_direction"": ""too_small"", ""evidence_quote"": ""Waistband itna kas ke baithta hai""}]","[""fit"", ""size""]",A too-tight waistband is explicit.
return:SYN_R0008,C015,model,delegated synthetic annotation,English,clear,False,True,"[{""reason"": ""fit_too_small"", ""size_direction"": ""too_small"", ""evidence_quote"": ""tight across the hips""}, {""reason"": ""quality_defect"", ""size_direction"": ""none"", ""evidence_quote"": ""decorative button is loose and falling off""}]","[""fit"", ""size"", ""quality""]",Tight hip fit and loose button are independently evidenced.
review:SYN_RV0008,C016,model,delegated synthetic annotation,Hinglish,clear,False,True,"[{""reason"": ""fit_too_large"", ""size_direction"": ""too_large"", ""evidence_quote"": ""shoulders se loose latak rahi hai""}, {""reason"": ""colour_or_look_mismatch"", ""size_direction"": ""none"", ""evidence_quote"": ""Listing ka red actual mein orange nikla""}]","[""fit"", ""size"", ""colour""]",Loose fit and a distinct listed-versus-delivered color mismatch.
return:SYN_R0009,C017,model,delegated synthetic annotation,Hinglish,clear,False,True,"[{""reason"": ""fit_too_large"", ""size_direction"": ""too_large"", ""evidence_quote"": ""slides down unless I keep tightening the drawstring""}, {""reason"": ""quality_defect"", ""size_direction"": ""none"", ""evidence_quote"": ""One pocket seam is open""}]","[""fit"", ""size"", ""quality""]",Loose waist fit and an open pocket seam are distinct issues.
review:SYN_RV0009,C018,model,delegated synthetic annotation,English,clear,False,True,"[{""reason"": ""fit_too_large"", ""size_direction"": ""too_large"", ""evidence_quote"": ""far too roomy""}, {""reason"": ""fabric_feel"", ""size_direction"": ""none"", ""evidence_quote"": ""yarn feels scratchy on my neck""}]","[""fit"", ""size"", ""fabric""]",Oversized garment and scratchy yarn are independent complaints.
return:SYN_R0010,C019,model,delegated synthetic annotation,Hinglish,clear,False,True,"[{""reason"": ""fit_too_large"", ""size_direction"": ""too_large"", ""evidence_quote"": ""Jeans waist pe dheeli hai""}, {""reason"": ""colour_or_look_mismatch"", ""size_direction"": ""none"", ""evidence_quote"": ""shade bhi listing se darker hai""}]","[""fit"", ""size"", ""colour""]",Separately reports loose waist and a darker-than-listed wash.
review:SYN_RV0010,C020,model,delegated synthetic annotation,Hindi,clear,False,True,"[{""reason"": ""fit_too_large"", ""size_direction"": ""too_large"", ""evidence_quote"": ""कंधों से बहुत ढीला है""}]","[""fit"", ""size""]",Shoulders are explicitly loose.
return:SYN_R0011,C021,model,delegated synthetic annotation,Hinglish,clear,False,True,"[{""reason"": ""fit_too_large"", ""size_direction"": ""too_large"", ""evidence_quote"": ""itna baggy hai jaise XL ho""}, {""reason"": ""colour_or_look_mismatch"", ""size_direction"": ""none"", ""evidence_quote"": ""Listing ka cream shade actual mein yellow hai""}]","[""fit"", ""size"", ""colour""]",Excessively baggy fit and separate shade mismatch are both clear.
review:SYN_RV0011,C022,model,delegated synthetic annotation,English,clear,False,True,"[{""reason"": ""fit_too_large"", ""size_direction"": ""too_large"", ""evidence_quote"": ""waist is loose and gapes at the back""}, {""reason"": ""quality_defect"", ""size_direction"": ""none"", ""evidence_quote"": ""zipper teeth are bent""}]","[""fit"", ""size"", ""quality""]",Loose fit and a separate defective zipper are both stated.
return:SYN_R0012,C023,model,delegated synthetic annotation,Hinglish,clear,False,True,"[{""reason"": ""fit_too_large"", ""size_direction"": ""too_large"", ""evidence_quote"": ""waist dono extra loose hain""}]","[""fit"", ""size""]",Explicitly oversized waist and crotch area.
review:SYN_RV0012,C024,model,delegated synthetic annotation,English,clear,False,True,"[{""reason"": ""fit_too_large"", ""size_direction"": ""too_large"", ""evidence_quote"": ""so much spare fabric at the waist""}, {""reason"": ""quality_defect"", ""size_direction"": ""none"", ""evidence_quote"": ""waistband stitching is unraveling""}]","[""fit"", ""size"", ""quality""]","Excess fabric indicates loose fit, and waistband stitching is separately failing."
return:SYN_R0013,C025,model,delegated synthetic annotation,Hinglish,clear,False,True,"[{""reason"": ""fit_too_large"", ""size_direction"": ""too_large"", ""evidence_quote"": ""overall size bada lag raha hai""}, {""reason"": ""fabric_feel"", ""size_direction"": ""none"", ""evidence_quote"": ""Material bhi plastic jaisa feel hota""}]","[""fit"", ""size"", ""fabric""]",Oversized fit and unpleasant synthetic hand-feel are separate concerns.
review:SYN_RV0013,C026,model,delegated synthetic annotation,English,clear,False,True,"[{""reason"": ""fit_too_large"", ""size_direction"": ""too_large"", ""evidence_quote"": ""loose fabric at both sides""}, {""reason"": ""colour_or_look_mismatch"", ""size_direction"": ""none"", ""evidence_quote"": ""mine has a large bow""}]","[""fit"", ""size"", ""colour""]",Loose fit and unlisted design detail are separately stated.
return:SYN_R0014,C027,model,delegated synthetic annotation,Hinglish,clear,False,True,"[{""reason"": ""fit_too_large"", ""size_direction"": ""too_large"", ""evidence_quote"": ""Sleeves aur torso dono oversize feel hote hain""}, {""reason"": ""quality_defect"", ""size_direction"": ""none"", ""evidence_quote"": ""Ek cuff button toot gaya""}]","[""fit"", ""size"", ""quality""]",Oversized cut and broken cuff button are separate complaints.
review:SYN_RV0014,C028,model,delegated synthetic annotation,Hinglish,clear,False,True,"[{""reason"": ""fit_too_large"", ""size_direction"": ""too_large"", ""evidence_quote"": ""chest pe extra space""}]","[""fit"", ""size""]",Extra chest space and need to size down indicate oversized fit.
return:SYN_R0015,C029,model,delegated synthetic annotation,English,clear,False,True,"[{""reason"": ""fit_too_large"", ""size_direction"": ""too_large"", ""evidence_quote"": ""much too loose around my waist""}, {""reason"": ""fabric_feel"", ""size_direction"": ""none"", ""evidence_quote"": ""lining feels stiff and papery""}]","[""fit"", ""size"", ""fabric""]",Loose waist fit and stiff lining texture are distinct issues.
review:SYN_RV0015,C030,model,delegated synthetic annotation,Hindi,clear,False,True,"[{""reason"": ""fit_too_large"", ""size_direction"": ""too_large"", ""evidence_quote"": ""कमर पर इतनी ढीली है""}]","[""fit"", ""size""]",Loose waistband is explicit.
return:SYN_R0016,C031,model,delegated synthetic annotation,Hinglish,clear,False,True,"[{""reason"": ""fit_length_or_shape"", ""size_direction"": ""none"", ""evidence_quote"": ""sleeves meri kalai se kaafi neeche aa rahi hain""}, {""reason"": ""quality_defect"", ""size_direction"": ""none"", ""evidence_quote"": ""Side seam ka stitch bhi khula hai""}]","[""fit"", ""length"", ""quality""]",Long sleeves and a separately open side seam are reported.
review:SYN_RV0016,C032,model,delegated synthetic annotation,Hinglish,clear,False,True,"[{""reason"": ""fit_length_or_shape"", ""size_direction"": ""none"", ""evidence_quote"": ""crotch bahut low-slung dikhta""}, {""reason"": ""fabric_feel"", ""size_direction"": ""none"", ""evidence_quote"": ""Denim bhi unusually stiff hai""}]","[""fit"", ""shape"", ""fabric""]",Low crotch shape and stiff denim texture are distinct issues.
return:SYN_R0017,C033,model,delegated synthetic annotation,English,clear,False,True,"[{""reason"": ""fit_length_or_shape"", ""size_direction"": ""none"", ""evidence_quote"": ""hem sweeps the floor in flats""}, {""reason"": ""colour_or_look_mismatch"", ""size_direction"": ""none"", ""evidence_quote"": ""delivered plum is much brighter than the muted listing photo""}]","[""fit"", ""length"", ""colour""]",Excessive hem length and separate color appearance mismatch.
review:SYN_RV0017,C034,model,delegated synthetic annotation,Hinglish,clear,False,True,"[{""reason"": ""fit_length_or_shape"", ""size_direction"": ""none"", ""evidence_quote"": ""Sleeves chhoti pad rahi hain""}, {""reason"": ""colour_or_look_mismatch"", ""size_direction"": ""none"", ""evidence_quote"": ""print listing jaisa nahi""}]","[""fit"", ""length"", ""colour""]",Short sleeves and a separately different print are both reported.
return:SYN_R0018,C035,model,delegated synthetic annotation,English,clear,False,True,"[{""reason"": ""fit_length_or_shape"", ""size_direction"": ""none"", ""evidence_quote"": ""boxy cut makes me look square""}, {""reason"": ""fabric_feel"", ""size_direction"": ""none"", ""evidence_quote"": ""lining is scratchy against my wrists""}]","[""fit"", ""shape"", ""fabric""]",Silhouette and scratchy lining are independently described.
review:SYN_RV0018,C036,model,delegated synthetic annotation,Hinglish,clear,False,True,"[{""reason"": ""fit_length_or_shape"", ""size_direction"": ""none"", ""evidence_quote"": ""front hem uneven hai""}, {""reason"": ""colour_or_look_mismatch"", ""size_direction"": ""none"", ""evidence_quote"": ""Listing ka green print actual mein blue hai""}]","[""fit"", ""length"", ""colour""]",Uneven hem and distinct listed-versus-delivered color mismatch.
return:SYN_R0019,C037,model,delegated synthetic annotation,English,clear,False,True,"[{""reason"": ""fit_length_or_shape"", ""size_direction"": ""none"", ""evidence_quote"": ""neckline sits awkwardly wide and folds outward""}]","[""fit"", ""shape""]",Neckline shape is explicitly uncomfortable-looking; no overall size direction.
review:SYN_RV0019,C038,model,delegated synthetic annotation,Hinglish,clear,False,True,"[{""reason"": ""fit_length_or_shape"", ""size_direction"": ""none"", ""evidence_quote"": ""body length short hai""}]","[""fit"", ""length""]",Body length is too short while size is described as correct.
return:SYN_R0020,C039,model,delegated synthetic annotation,English,clear,False,True,"[{""reason"": ""fit_length_or_shape"", ""size_direction"": ""none"", ""evidence_quote"": ""darts point too high""}]","[""fit"", ""shape""]","Seam and dart placement concern garment shaping, not size."
review:SYN_RV0020,C040,model,delegated synthetic annotation,Hindi,clear,False,True,"[{""reason"": ""fit_length_or_shape"", ""size_direction"": ""none"", ""evidence_quote"": ""बाँहें बहुत लंबी हैं""}]","[""fit"", ""length""]",Long sleeves are a length issue; shoulders fit correctly.
return:SYN_R0021,C041,model,delegated synthetic annotation,Hinglish,clear,False,True,"[{""reason"": ""fit_length_or_shape"", ""size_direction"": ""none"", ""evidence_quote"": ""flare hips pe awkward balloon banata hai""}]","[""fit"", ""shape""]",Shape is unflattering without a too-small/large size claim.
review:SYN_RV0021,C042,model,delegated synthetic annotation,Hinglish,clear,False,True,"[{""reason"": ""fit_length_or_shape"", ""size_direction"": ""none"", ""evidence_quote"": ""train bahut lambi hai""}]","[""fit"", ""length""]","Train length, rather than overall width, causes the issue."
return:SYN_R0022,C043,model,delegated synthetic annotation,English,clear,False,True,"[{""reason"": ""fit_length_or_shape"", ""size_direction"": ""none"", ""evidence_quote"": ""collar stands up in a strange point""}]","[""fit"", ""shape""]",Collar construction/shape is the sole complaint.
review:SYN_RV0022,C044,model,delegated synthetic annotation,Hinglish,clear,False,True,"[{""reason"": ""fit_length_or_shape"", ""size_direction"": ""none"", ""evidence_quote"": ""inseam chhoti nikli""}]","[""fit"", ""length""]","Short inseam is a length complaint, not overall size."
return:SYN_R0023,C045,model,delegated synthetic annotation,English,clear,False,True,"[{""reason"": ""fit_length_or_shape"", ""size_direction"": ""none"", ""evidence_quote"": ""cut is oddly angled""}]","[""fit"", ""shape""]",Angled cut causes a shape problem despite correct sizing.
review:SYN_RV0023,C046,model,delegated synthetic annotation,Hinglish,clear,False,True,"[{""reason"": ""quality_defect"", ""size_direction"": ""none"", ""evidence_quote"": ""Stitching first wash ke baad khul gayi""}]","[""quality""]","A seam fails after washing, indicating a garment quality defect."
return:SYN_R0024,C047,model,delegated synthetic annotation,Hinglish,clear,False,True,"[{""reason"": ""quality_defect"", ""size_direction"": ""none"", ""evidence_quote"": ""zipper jams halfway and the teeth split apart""}]","[""quality""]",Broken zipper is a product defect.
review:SYN_RV0024,C048,model,delegated synthetic annotation,English,clear,False,True,"[{""reason"": ""quality_defect"", ""size_direction"": ""none"", ""evidence_quote"": ""sleeve seam is unraveling""}]","[""quality""]","Unraveling garment seam is a quality complaint, not fit."
return:SYN_R0025,C049,model,delegated synthetic annotation,Hinglish,clear,False,True,"[{""reason"": ""quality_defect"", ""size_direction"": ""none"", ""evidence_quote"": ""lining phati hui mili""}, {""reason"": ""fit_too_small"", ""size_direction"": ""too_small"", ""evidence_quote"": ""shoulders also too tight""}]","[""quality"", ""fit""]",Torn lining and tight shoulder fit are distinct complaints.
review:SYN_RV0025,C050,model,delegated synthetic annotation,Hindi,clear,False,True,"[{""reason"": ""quality_defect"", ""size_direction"": ""none"", ""evidence_quote"": ""हुक पहली बार पहनते ही टूट गया""}]","[""quality""]",A garment hook broke during first wear.
return:SYN_R0026,C051,model,delegated synthetic annotation,Hinglish,clear,False,True,"[{""reason"": ""quality_defect"", ""size_direction"": ""none"", ""evidence_quote"": ""Buttons aadhe loose hain aur ek missing""}]","[""quality""]",Loose and missing attached buttons are garment defects.
review:SYN_RV0026,C052,model,delegated synthetic annotation,English,clear,False,True,"[{""reason"": ""quality_defect"", ""size_direction"": ""none"", ""evidence_quote"": ""lining has a long tear""}, {""reason"": ""fabric_feel"", ""size_direction"": ""none"", ""evidence_quote"": ""outer fabric also feels scratchy""}]","[""quality"", ""fabric""]",Reports structural damage and separately scratchy material.
return:SYN_R0027,C053,model,delegated synthetic annotation,Hinglish,clear,False,True,"[{""reason"": ""quality_defect"", ""size_direction"": ""none"", ""evidence_quote"": ""Pocket ka corner properly stitch hi nahi hua""}]","[""quality""]",An unstitched pocket is a manufacturing defect.
review:SYN_RV0027,C054,model,delegated synthetic annotation,English,clear,False,True,"[{""reason"": ""quality_defect"", ""size_direction"": ""none"", ""evidence_quote"": ""decorative bead fell off""}]","[""quality""]",Detached embellishment reflects poor garment construction.
return:SYN_R0028,C055,model,delegated synthetic annotation,Hinglish,clear,False,True,"[{""reason"": ""quality_defect"", ""size_direction"": ""none"", ""evidence_quote"": ""buttonhole closed hi hai""}]","[""quality""]",A nonfunctional buttonhole is a manufacturing issue.
review:SYN_RV0028,C056,model,delegated synthetic annotation,Hinglish,clear,False,True,"[{""reason"": ""quality_defect"", ""size_direction"": ""none"", ""evidence_quote"": ""ek seam pehle wear mein hi khul gayi""}]","[""quality""]",Seam failure during first wear is a clear quality defect.
return:SYN_R0029,C057,model,delegated synthetic annotation,English,clear,False,True,"[{""reason"": ""quality_defect"", ""size_direction"": ""none"", ""evidence_quote"": ""snap fastening is cracked""}]","[""quality""]",Cracked fastening on an unworn garment is defective.
review:SYN_RV0029,C058,model,delegated synthetic annotation,Hinglish,clear,False,True,"[{""reason"": ""quality_defect"", ""size_direction"": ""none"", ""evidence_quote"": ""stitches uneven aur kuch jagah missing hain""}]","[""quality""]",Uneven and missing stitches are a construction-quality complaint.
return:SYN_R0030,C059,model,delegated synthetic annotation,English,clear,False,True,"[{""reason"": ""quality_defect"", ""size_direction"": ""none"", ""evidence_quote"": ""elastic casing is split open""}]","[""quality""]",Split casing and exposed elastic are garment damage.
review:SYN_RV0030,C060,model,delegated synthetic annotation,Hindi,clear,False,True,"[{""reason"": ""quality_defect"", ""size_direction"": ""none"", ""evidence_quote"": ""सिलाई कई जगह से उधड़ रही है""}]","[""quality""]",Unraveling seams are a clear construction defect.
return:SYN_R0031,C061,model,delegated synthetic annotation,Hinglish,clear,False,True,"[{""reason"": ""colour_or_look_mismatch"", ""size_direction"": ""none"", ""evidence_quote"": ""clearly teal nikla""}]","[""appearance"", ""colour""]",Delivered color differs from listing.
review:SYN_RV0031,C062,model,delegated synthetic annotation,Hinglish,clear,False,True,"[{""reason"": ""colour_or_look_mismatch"", ""size_direction"": ""none"", ""evidence_quote"": ""shiny navy finish""}]","[""appearance"", ""colour""]",Appearance and color finish differ from the expected matte black.
return:SYN_R0032,C063,model,delegated synthetic annotation,English,clear,False,True,"[{""reason"": ""colour_or_look_mismatch"", ""size_direction"": ""none"", ""evidence_quote"": ""tiny dots, whereas the product page showed wide stripes""}]","[""appearance"", ""colour""]",Pattern design is unlike the listing image.
review:SYN_RV0032,C064,model,delegated synthetic annotation,Hinglish,clear,False,True,"[{""reason"": ""colour_or_look_mismatch"", ""size_direction"": ""none"", ""evidence_quote"": ""maroon shade photo se kaafi purple hai""}]","[""appearance"", ""colour""]",Explicit shade discrepancy against the product photo.
return:SYN_R0033,C065,model,delegated synthetic annotation,English,clear,False,True,"[{""reason"": ""colour_or_look_mismatch"", ""size_direction"": ""none"", ""evidence_quote"": ""embroidery placement is completely different""}]","[""appearance"", ""colour""]",The garment's visible design placement does not match listing.
review:SYN_RV0033,C066,model,delegated synthetic annotation,Hinglish,clear,False,True,"[{""reason"": ""colour_or_look_mismatch"", ""size_direction"": ""none"", ""evidence_quote"": ""print dull brown aaya""}, {""reason"": ""fit_too_large"", ""size_direction"": ""too_large"", ""evidence_quote"": ""waist feels too loose""}]","[""appearance"", ""colour"", ""fit""]",Reports a different print shade and an independent loose waist.
return:SYN_R0034,C067,model,delegated synthetic annotation,English,clear,False,True,"[{""reason"": ""colour_or_look_mismatch"", ""size_direction"": ""none"", ""evidence_quote"": ""plain white, not the ivory-and-gold patterned kurta""}]","[""appearance"", ""colour""]",Delivered overall look differs substantially from listing.
review:SYN_RV0034,C068,model,delegated synthetic annotation,Hinglish,clear,False,True,"[{""reason"": ""colour_or_look_mismatch"", ""size_direction"": ""none"", ""evidence_quote"": ""actual shade almost charcoal grey hai""}]","[""appearance"", ""colour""]",Customer states a clear blue-to-grey mismatch.
return:SYN_R0035,C069,model,delegated synthetic annotation,English,clear,False,True,"[{""reason"": ""colour_or_look_mismatch"", ""size_direction"": ""none"", ""evidence_quote"": ""floral print is much larger and busier""}]","[""appearance"", ""colour""]",Pattern scale and appearance do not match the listing.
review:SYN_RV0035,C070,model,delegated synthetic annotation,Hindi,clear,False,True,"[{""reason"": ""colour_or_look_mismatch"", ""size_direction"": ""none"", ""evidence_quote"": ""मिला हुआ टॉप चमकीला नारंगी है""}]","[""appearance"", ""colour""]",Delivered color is explicitly unlike the photographed pink.
return:SYN_R0036,C071,model,delegated synthetic annotation,Hinglish,clear,False,True,"[{""reason"": ""colour_or_look_mismatch"", ""size_direction"": ""none"", ""evidence_quote"": ""yahan silver geometric lines hain""}]","[""appearance"", ""colour""]",The listed gold motif was replaced by a different silver design.
review:SYN_RV0036,C072,model,delegated synthetic annotation,English,clear,False,True,"[{""reason"": ""colour_or_look_mismatch"", ""size_direction"": ""none"", ""evidence_quote"": ""conspicuous white piping absent from every listing photo""}]","[""appearance"", ""colour""]",Visible design detail is not shown in listing.
return:SYN_R0037,C073,model,delegated synthetic annotation,Hinglish,clear,False,True,"[{""reason"": ""colour_or_look_mismatch"", ""size_direction"": ""none"", ""evidence_quote"": ""actual color faded mustard hai""}]","[""appearance"", ""colour""]",Color appearance is visibly different from the online depiction.
review:SYN_RV0037,C074,model,delegated synthetic annotation,English,clear,False,True,"[{""reason"": ""colour_or_look_mismatch"", ""size_direction"": ""none"", ""evidence_quote"": ""neckline has a large ruffle that the product image does not have""}]","[""appearance"", ""colour""]",Unlisted design feature makes the appearance mismatch.
return:SYN_R0038,C075,model,delegated synthetic annotation,Hinglish,clear,False,True,"[{""reason"": ""colour_or_look_mismatch"", ""size_direction"": ""none"", ""evidence_quote"": ""received shirt mein huge checks hain""}]","[""appearance"", ""colour""]",Check pattern scale differs clearly from listing.
review:SYN_RV0038,C076,model,delegated synthetic annotation,Hinglish,clear,False,True,"[{""reason"": ""fabric_feel"", ""size_direction"": ""none"", ""evidence_quote"": ""polyester jaisa slippery feel hai""}]","[""fabric""]",Texture and expected fabric type are both criticized.
return:SYN_R0039,C077,model,delegated synthetic annotation,Hinglish,clear,False,True,"[{""reason"": ""fabric_feel"", ""size_direction"": ""none"", ""evidence_quote"": ""so itchy on my neck""}]","[""fabric""]",Scratchy material is the explicit complaint.
review:SYN_RV0039,C078,model,delegated synthetic annotation,English,clear,False,True,"[{""reason"": ""fabric_feel"", ""size_direction"": ""none"", ""evidence_quote"": ""transparent in daylight and much thinner""}]","[""fabric""]",Criticizes thinness and sheerness of material.
return:SYN_R0040,C079,model,delegated synthetic annotation,Hinglish,clear,False,True,"[{""reason"": ""fabric_feel"", ""size_direction"": ""none"", ""evidence_quote"": ""kapda plastic-feel hai""}, {""reason"": ""fit_too_small"", ""size_direction"": ""too_small"", ""evidence_quote"": ""waist is too tight for me""}]","[""fabric"", ""fit""]",Separates unexpected synthetic-feeling fabric from tight waist fit.
review:SYN_RV0040,C080,model,delegated synthetic annotation,Hindi,clear,False,True,"[{""reason"": ""fabric_feel"", ""size_direction"": ""none"", ""evidence_quote"": ""कपड़ा बहुत खुरदुरा है""}]","[""fabric""]","Explicitly rough, irritating fabric texture."
return:SYN_R0041,C081,model,delegated synthetic annotation,Hinglish,clear,False,True,"[{""reason"": ""fabric_feel"", ""size_direction"": ""none"", ""evidence_quote"": ""stiff canvas jaisa hai""}]","[""fabric""]",Material type and hand-feel differ from expectation.
review:SYN_RV0041,C082,model,delegated synthetic annotation,English,clear,False,True,"[{""reason"": ""fabric_feel"", ""size_direction"": ""none"", ""evidence_quote"": ""fabric pills after one short wear and feels scratchy""}, {""reason"": ""quality_defect"", ""size_direction"": ""none"", ""evidence_quote"": ""belt loop also came off""}]","[""fabric"", ""quality""]",Material pilling/texture and a detached loop are separate issues.
return:SYN_R0042,C083,model,delegated synthetic annotation,Hinglish,clear,False,True,"[{""reason"": ""fabric_feel"", ""size_direction"": ""none"", ""evidence_quote"": ""Dupatta itna rough hai""}]","[""fabric""]",Rough irritating textile is the concern.
review:SYN_RV0042,C084,model,delegated synthetic annotation,English,clear,False,True,"[{""reason"": ""fabric_feel"", ""size_direction"": ""none"", ""evidence_quote"": ""feels papery and rigid""}]","[""fabric""]",Complains about stiffness and expected hand-feel.
return:SYN_R0043,C085,model,delegated synthetic annotation,Hinglish,clear,False,True,"[{""reason"": ""fabric_feel"", ""size_direction"": ""none"", ""evidence_quote"": ""material bahut thin hai""}]","[""fabric""]",Thinness and transparency are material complaints.
review:SYN_RV0043,C086,model,delegated synthetic annotation,Hinglish,clear,False,True,"[{""reason"": ""fabric_feel"", ""size_direction"": ""none"", ""evidence_quote"": ""dry aur rough lagti""}]","[""fabric""]",Criticizes textile's tactile quality versus expected silkiness.
return:SYN_R0044,C087,model,delegated synthetic annotation,English,clear,False,True,"[{""reason"": ""fabric_feel"", ""size_direction"": ""none"", ""evidence_quote"": ""feels unpleasantly coarse""}]","[""fabric""]",Coarse fabric feel is explicit; shedding is tied to the textile.
review:SYN_RV0044,C088,model,delegated synthetic annotation,Hinglish,clear,False,True,"[{""reason"": ""fabric_feel"", ""size_direction"": ""none"", ""evidence_quote"": ""fabric stiff hai""}]","[""fabric""]",Stiff hand-feel and drape differ from expected cotton.
return:SYN_R0045,C089,model,delegated synthetic annotation,English,clear,False,True,"[{""reason"": ""fabric_feel"", ""size_direction"": ""none"", ""evidence_quote"": ""jersey is tissue-thin""}]","[""fabric""]",Material thinness and cling are the complaint.
review:SYN_RV0045,C090,model,delegated synthetic annotation,Hindi,clear,False,True,"[{""reason"": ""fabric_feel"", ""size_direction"": ""none"", ""evidence_quote"": ""ऊन बहुत चुभता है""}]","[""fabric""]",Wool texture is explicitly irritating.
return:SYN_R0046,C091,model,delegated synthetic annotation,Hinglish,clear,False,True,"[{""reason"": ""wrong_or_missing_item"", ""size_direction"": ""unclear"", ""evidence_quote"": ""S tag wala kurta mila""}]","[""logistics"", ""wrong_item""]",Wrong labeled SKU was sent; this does not establish fit of ordered item.
review:SYN_RV0046,C092,model,delegated synthetic annotation,Hinglish,clear,False,True,"[{""reason"": ""wrong_or_missing_item"", ""size_direction"": ""unclear"", ""evidence_quote"": ""got two beige ones and no green scarf at all""}]","[""logistics"", ""wrong_item""]",Wrong color SKU delivered and ordered item absent.
return:SYN_R0047,C093,model,delegated synthetic annotation,English,clear,False,True,"[{""reason"": ""wrong_or_missing_item"", ""size_direction"": ""unclear"", ""evidence_quote"": ""a men's shirt instead of the women's linen trousers""}]","[""logistics"", ""wrong_item""]","Different product was delivered, not a garment fit complaint."
review:SYN_RV0047,C094,model,delegated synthetic annotation,Hinglish,clear,False,True,"[{""reason"": ""wrong_or_missing_item"", ""size_direction"": ""unclear"", ""evidence_quote"": ""sirf 2 aaye; yellow wala missing hai""}]","[""logistics"", ""wrong_item""]",One ordered unit is explicitly missing.
return:SYN_R0048,C095,model,delegated synthetic annotation,Hinglish,clear,False,True,"[{""reason"": ""wrong_or_missing_item"", ""size_direction"": ""unclear"", ""evidence_quote"": ""Label pe SKU 74-B hai but maine 74-A floral dress order ki thi""}]","[""logistics"", ""wrong_item""]",SKU confirms wrong item was sent.
review:SYN_RV0048,C096,model,delegated synthetic annotation,English,clear,False,True,"[{""reason"": ""wrong_or_missing_item"", ""size_direction"": ""unclear"", ""evidence_quote"": ""Only one shoe arrived from the pair order""}]","[""logistics"", ""wrong_item""]",Ordered pair arrived incomplete.
return:SYN_R0049,C097,model,delegated synthetic annotation,Hinglish,clear,False,True,"[{""reason"": ""wrong_or_missing_item"", ""size_direction"": ""unclear"", ""evidence_quote"": ""delivered packet mein red size M hai""}]","[""logistics"", ""wrong_item""]",Wrong color and labeled size delivered; do not infer garment fit.
review:SYN_RV0049,C098,model,delegated synthetic annotation,English,clear,False,True,"[{""reason"": ""wrong_or_missing_item"", ""size_direction"": ""unclear"", ""evidence_quote"": ""belt is missing""}]","[""logistics"", ""wrong_item""]",A listed component of the order was absent.
return:SYN_R0050,C099,model,delegated synthetic annotation,Hinglish,clear,False,True,"[{""reason"": ""wrong_or_missing_item"", ""size_direction"": ""unclear"", ""evidence_quote"": ""kurti ke badle ek unrelated pillow cover tha""}]","[""logistics"", ""wrong_item""]",Received object is not the ordered garment.
review:SYN_RV0050,C100,model,delegated synthetic annotation,Hindi,clear,False,True,"[{""reason"": ""wrong_or_missing_item"", ""size_direction"": ""unclear"", ""evidence_quote"": ""पैकेट में केवल एक जोड़ी मिली""}]","[""logistics"", ""wrong_item""]",An ordered unit is missing.
return:SYN_R0051,C101,model,delegated synthetic annotation,Hinglish,clear,False,True,"[{""reason"": ""wrong_or_missing_item"", ""size_direction"": ""unclear"", ""evidence_quote"": ""kisi aur customer ka kurta tha""}]","[""logistics"", ""wrong_item""]",A different customer's item arrived instead of the ordered item.
review:SYN_RV0051,C102,model,delegated synthetic annotation,Hinglish,clear,False,True,"[{""reason"": ""wrong_or_missing_item"", ""size_direction"": ""unclear"", ""evidence_quote"": ""tag says 32""}]","[""logistics"", ""wrong_item""]","Explicit tag discrepancy means wrong item, not inferred fit."
return:SYN_R0052,C103,model,delegated synthetic annotation,English,clear,False,True,"[{""reason"": ""wrong_or_missing_item"", ""size_direction"": ""unclear"", ""evidence_quote"": ""not the matching skirt""}]","[""logistics"", ""wrong_item""]",One component of the ordered two-piece set is missing.
review:SYN_RV0052,C104,model,delegated synthetic annotation,Hinglish,clear,False,True,"[{""reason"": ""wrong_or_missing_item"", ""size_direction"": ""unclear"", ""evidence_quote"": ""White kurta ke badle black one bhej diya""}]","[""logistics"", ""wrong_item""]",The wrong color variant was delivered.
return:SYN_R0053,C105,model,delegated synthetic annotation,English,clear,False,True,"[{""reason"": ""wrong_or_missing_item"", ""size_direction"": ""unclear"", ""evidence_quote"": ""only the jacket was in the sealed bag""}]","[""logistics"", ""wrong_item""]",The ordered trousers are missing.
review:SYN_RV0053,C106,model,delegated synthetic annotation,Hinglish,clear,False,True,"[{""reason"": ""damaged_in_transit"", ""size_direction"": ""none"", ""evidence_quote"": ""carton crush kar diya""}]","[""logistics"", ""transit_damage""]",Courier-crushed package and garment tear indicate transit damage.
return:SYN_R0054,C107,model,delegated synthetic annotation,Hinglish,clear,False,True,"[{""reason"": ""damaged_in_transit"", ""size_direction"": ""none"", ""evidence_quote"": ""box arrived soaked through after rain""}]","[""logistics"", ""transit_damage""]",External shipping exposure damaged package and garment.
review:SYN_RV0054,C108,model,delegated synthetic annotation,English,clear,False,True,"[{""reason"": ""damaged_in_transit"", ""size_direction"": ""none"", ""evidence_quote"": ""puncture through the shipping mailer left a hole in the jacket sleeve""}]","[""logistics"", ""transit_damage""]",Package puncture caused garment damage in transit.
return:SYN_R0055,C109,model,delegated synthetic annotation,Hinglish,clear,False,True,"[{""reason"": ""damaged_in_transit"", ""size_direction"": ""none"", ""evidence_quote"": ""box dented tha aur kurta ka buckle toot chuka tha""}]","[""logistics"", ""transit_damage""]",Impact during courier delivery damaged the package and buckle.
review:SYN_RV0055,C110,model,delegated synthetic annotation,Hindi,clear,False,True,"[{""reason"": ""damaged_in_transit"", ""size_direction"": ""none"", ""evidence_quote"": ""पार्सल का कोना फटा हुआ आया""}]","[""logistics"", ""transit_damage""]",Torn shipping parcel and cut sleeve point to transit damage.
return:SYN_R0056,C111,model,delegated synthetic annotation,Hinglish,clear,False,True,"[{""reason"": ""damaged_in_transit"", ""size_direction"": ""none"", ""evidence_quote"": ""Outer courier bag pe boot print aur tear tha""}]","[""logistics"", ""transit_damage""]",Evidence links garment snag to damaged shipping bag.
review:SYN_RV0056,C112,model,delegated synthetic annotation,English,clear,False,True,"[{""reason"": ""damaged_in_transit"", ""size_direction"": ""none"", ""evidence_quote"": ""delivery carton was crushed flat""}]","[""logistics"", ""transit_damage""]",Crushed shipping carton caused item damage.
return:SYN_R0057,C113,model,delegated synthetic annotation,Hinglish,clear,False,True,"[{""reason"": ""damaged_in_transit"", ""size_direction"": ""none"", ""evidence_quote"": ""Courier bag ka seal already ripped tha""}]","[""logistics"", ""transit_damage""]",Ripped shipping seal and associated item damage indicate transit incident.
review:SYN_RV0057,C114,model,delegated synthetic annotation,Hinglish,clear,False,True,"[{""reason"": ""damaged_in_transit"", ""size_direction"": ""none"", ""evidence_quote"": ""Parcel crushed tha""}, {""reason"": ""quality_defect"", ""size_direction"": ""none"", ""evidence_quote"": ""hem stitching bhi already loose hai""}]","[""logistics"", ""transit_damage"", ""quality""]",Crushed parcel suggests transit damage while loose hem stitching is separate.
return:SYN_R0058,C115,model,delegated synthetic annotation,English,clear,False,True,"[{""reason"": ""damaged_in_transit"", ""size_direction"": ""none"", ""evidence_quote"": ""left the parcel under a dripping leak""}]","[""logistics"", ""transit_damage""]",Shipping exposure during delivery caused wet stains.
review:SYN_RV0058,C116,model,delegated synthetic annotation,Hinglish,clear,False,True,"[{""reason"": ""damaged_in_transit"", ""size_direction"": ""none"", ""evidence_quote"": ""Box side se phata tha""}]","[""logistics"", ""transit_damage""]",Torn box accompanying a scratched buckle supports transit damage.
return:SYN_R0059,C117,model,delegated synthetic annotation,English,clear,False,True,"[{""reason"": ""damaged_in_transit"", ""size_direction"": ""none"", ""evidence_quote"": ""shipping envelope had a deep cut""}]","[""logistics"", ""transit_damage""]",Matching package and garment cuts point to transit damage.
review:SYN_RV0059,C118,model,delegated synthetic annotation,Hinglish,clear,False,True,"[{""reason"": ""damaged_in_transit"", ""size_direction"": ""none"", ""evidence_quote"": ""packing paper soggy tha""}]","[""logistics"", ""transit_damage""]",Wet packaging and stain indicate shipping damage.
return:SYN_R0060,C119,model,delegated synthetic annotation,English,clear,False,True,"[{""reason"": ""damaged_in_transit"", ""size_direction"": ""none"", ""evidence_quote"": ""parcel was visibly run over or compressed""}]","[""logistics"", ""transit_damage""]",Severe package compression during shipping damaged contents.
review:SYN_RV0060,C120,model,delegated synthetic annotation,Hindi,clear,False,True,"[{""reason"": ""damaged_in_transit"", ""size_direction"": ""none"", ""evidence_quote"": ""कूरियर का डिब्बा दबा हुआ था""}]","[""logistics"", ""transit_damage""]",Compressed courier box caused a broken garment button.
return:SYN_R0061,C121,model,delegated synthetic annotation,Hinglish,clear,False,True,"[{""reason"": ""delivery_delay"", ""size_direction"": ""none"", ""evidence_quote"": ""outfit uske baad deliver hua""}]","[""logistics"", ""delay""]",Arrival after the event is an explicit delay complaint.
review:SYN_RV0061,C122,model,delegated synthetic annotation,Hinglish,clear,False,True,"[{""reason"": ""delivery_delay"", ""size_direction"": ""none"", ""evidence_quote"": ""three weeks beyond the promised date""}]","[""logistics"", ""delay""]",Arrival exceeded the promised date substantially.
return:SYN_R0062,C123,model,delegated synthetic annotation,English,clear,False,True,"[{""reason"": ""delivery_delay"", ""size_direction"": ""none"", ""evidence_quote"": ""arrived on Tuesday of the following week""}]","[""logistics"", ""delay""]",Delivery missed the explicitly paid-for date.
review:SYN_RV0062,C124,model,delegated synthetic annotation,Hinglish,clear,False,True,"[{""reason"": ""delivery_delay"", ""size_direction"": ""none"", ""evidence_quote"": ""birthday gift time par nahi pahucha""}]","[""logistics"", ""delay""]",Late arrival made the intended gift date pass.
return:SYN_R0063,C125,model,delegated synthetic annotation,English,clear,False,True,"[{""reason"": ""delivery_delay"", ""size_direction"": ""none"", ""evidence_quote"": ""sat with the carrier for ten days""}]","[""logistics"", ""delay""]",Carrier transit took an explicitly excessive amount of time.
review:SYN_RV0063,C126,model,delegated synthetic annotation,Hindi,clear,False,True,"[{""reason"": ""delivery_delay"", ""size_direction"": ""none"", ""evidence_quote"": ""बारह दिन बाद आए""}]","[""logistics"", ""delay""]",Delivery arrived well after the promised two days.
return:SYN_R0064,C127,model,delegated synthetic annotation,Hinglish,clear,False,True,"[{""reason"": ""delivery_delay"", ""size_direction"": ""none"", ""evidence_quote"": ""actual parcel deadline ke baad aaya""}]","[""logistics"", ""delay""]",Package arrived after the stated deadline.
review:SYN_RV0064,C128,model,delegated synthetic annotation,English,clear,False,True,"[{""reason"": ""delivery_delay"", ""size_direction"": ""none"", ""evidence_quote"": ""arrived a month after support promised it""}]","[""logistics"", ""delay""]",Replacement delivery was substantially late.
return:SYN_R0065,C129,model,delegated synthetic annotation,Hinglish,clear,False,True,"[{""reason"": ""delivery_delay"", ""size_direction"": ""none"", ""evidence_quote"": ""parcel trip se wapas aane ke baad mila""}]","[""logistics"", ""delay""]",Repeated rescheduling led to delivery after the trip.
review:SYN_RV0065,C130,model,delegated synthetic annotation,English,clear,False,True,"[{""reason"": ""delivery_delay"", ""size_direction"": ""none"", ""evidence_quote"": ""six days after the advertised arrival window""}]","[""logistics"", ""delay""]",Condition is good; lateness is the stated complaint.
return:SYN_R0066,C131,model,delegated synthetic annotation,Hinglish,clear,False,True,"[{""reason"": ""delivery_delay"", ""size_direction"": ""none"", ""evidence_quote"": ""Saturday ko mila""}]","[""logistics"", ""delay""]",Arrival after the event deadline was late.
review:SYN_RV0066,C132,model,delegated synthetic annotation,Hinglish,clear,False,True,"[{""reason"": ""delivery_delay"", ""size_direction"": ""none"", ""evidence_quote"": ""12 din late aaya""}, {""reason"": ""wrong_or_missing_item"", ""size_direction"": ""unclear"", ""evidence_quote"": ""ordered belt missing bhi thi""}]","[""logistics"", ""delay"", ""wrong_item""]",Reports both late delivery and missing ordered component.
return:SYN_R0067,C133,model,delegated synthetic annotation,English,clear,False,True,"[{""reason"": ""delivery_delay"", ""size_direction"": ""none"", ""evidence_quote"": ""did not reach the pickup point until after my collection code expired twice""}]","[""logistics"", ""delay""]",Late arrival prevented timely collection.
review:SYN_RV0067,C134,model,delegated synthetic annotation,Hinglish,clear,False,True,"[{""reason"": ""delivery_delay"", ""size_direction"": ""none"", ""evidence_quote"": ""delivery uske baad hui""}]","[""logistics"", ""delay""]",Delivery came after the occasion for which item was ordered.
return:SYN_R0068,C135,model,delegated synthetic annotation,English,clear,False,True,"[{""reason"": ""delivery_delay"", ""size_direction"": ""none"", ""evidence_quote"": ""eleven days in transit""}]","[""logistics"", ""delay""]",Explicit delay complaint with quality ruled out.
review:SYN_RV0068,C136,model,delegated synthetic annotation,Hinglish,clear,False,True,"[{""reason"": ""changed_mind"", ""size_direction"": ""none"", ""evidence_quote"": ""Function cancel ho gaya, outfit ki zaroorat nahi rahi""}]","[""other"", ""changed_mind""]",Need ended because event was canceled; no product issue.
return:SYN_R0069,C137,model,delegated synthetic annotation,Hinglish,clear,False,True,"[{""reason"": ""changed_mind"", ""size_direction"": ""none"", ""evidence_quote"": ""simply changed my mind""}]","[""other"", ""changed_mind""]",Explicit preference change without product complaint.
review:SYN_RV0069,C138,model,delegated synthetic annotation,English,clear,False,True,"[{""reason"": ""changed_mind"", ""size_direction"": ""none"", ""evidence_quote"": ""dress is no longer needed""}]","[""other"", ""changed_mind""]",External plans changed; item quality or fit is not criticized.
return:SYN_R0070,C139,model,delegated synthetic annotation,Hinglish,clear,False,True,"[{""reason"": ""changed_mind"", ""size_direction"": ""none"", ""evidence_quote"": ""decide kiya ki wardrobe mein already similar jacket hai""}]","[""other"", ""changed_mind""]","Returns due to changed preference and duplication, not a product issue."
review:SYN_RV0070,C140,model,delegated synthetic annotation,Hindi,clear,False,True,"[{""reason"": ""changed_mind"", ""size_direction"": ""none"", ""evidence_quote"": ""अब इस कपड़े की ज़रूरत नहीं है""}]","[""other"", ""changed_mind""]",Customer no longer needs item after choosing another.
return:SYN_R0071,C141,model,delegated synthetic annotation,Hinglish,clear,False,True,"[{""reason"": ""changed_mind"", ""size_direction"": ""none"", ""evidence_quote"": ""already bought the same kurta""}]","[""other"", ""changed_mind""]",Duplicate gift makes this purchase unnecessary.
review:SYN_RV0071,C142,model,delegated synthetic annotation,English,clear,False,True,"[{""reason"": ""changed_mind"", ""size_direction"": ""none"", ""evidence_quote"": ""my preferred style changed""}]","[""other"", ""changed_mind""]",Explicit preference change and no product fault.
return:SYN_R0072,C143,model,delegated synthetic annotation,Hinglish,clear,False,True,"[{""reason"": ""changed_mind"", ""size_direction"": ""none"", ""evidence_quote"": ""mujhe ye color chahiye hi nahi""}]","[""other"", ""changed_mind""]","Customer no longer wants the selected color, without mismatch claim."
review:SYN_RV0072,C144,model,delegated synthetic annotation,English,clear,False,True,"[{""reason"": ""changed_mind"", ""size_direction"": ""none"", ""evidence_quote"": ""I have no use for these perfectly fine trousers""}]","[""other"", ""changed_mind""]",Changed circumstances remove need; garment is not criticized.
return:SYN_R0073,C145,model,delegated synthetic annotation,Hinglish,clear,False,True,"[{""reason"": ""changed_mind"", ""size_direction"": ""none"", ""evidence_quote"": ""decide kiya ki party outfit nahi lena""}]","[""other"", ""changed_mind""]",Customer reconsidered the purchase without identifying a product issue.
review:SYN_RV0073,C146,model,delegated synthetic annotation,English,clear,False,True,"[{""reason"": ""changed_mind"", ""size_direction"": ""none"", ""evidence_quote"": ""no longer have a reason to keep the occasion wear""}]","[""other"", ""changed_mind""]",Canceled event removed the need for the item.
return:SYN_R0074,C147,model,delegated synthetic annotation,Hinglish,clear,False,True,"[{""reason"": ""changed_mind"", ""size_direction"": ""none"", ""evidence_quote"": ""mera sealed wala extra ho gaya""}]","[""other"", ""changed_mind""]",A duplicate gift made the purchase redundant.
review:SYN_RV0074,C148,model,delegated synthetic annotation,Hinglish,clear,False,True,"[{""reason"": ""changed_mind"", ""size_direction"": ""none"", ""evidence_quote"": ""don't actually like wearing long skirts anymore""}]","[""other"", ""changed_mind""]",Personal preference changed; explicitly no item fault.
return:SYN_R0075,C149,model,delegated synthetic annotation,English,clear,False,True,"[{""reason"": ""changed_mind"", ""size_direction"": ""none"", ""evidence_quote"": ""I no longer need the travel set""}]","[""other"", ""changed_mind""]",Trip cancellation removes need for the purchase.
review:SYN_RV0075,C150,model,delegated synthetic annotation,Hindi,clear,False,True,"[{""reason"": ""changed_mind"", ""size_direction"": ""none"", ""evidence_quote"": ""यह रंग मेरी पसंद का नहीं है""}]","[""other"", ""changed_mind""]","Preference mismatch, not a listing mismatch or defect."
review:SYN_RV0076,C151,model,delegated synthetic annotation,Hinglish,clear,False,True,"[{""reason"": ""no_fit_complaint"", ""size_direction"": ""none"", ""evidence_quote"": ""Kurta comfy hai""}]","[""review"", ""positive""]",Positive review has no complaint; review-only no-fit label applies.
review:SYN_RV0077,C152,model,delegated synthetic annotation,Hinglish,clear,False,True,"[{""reason"": ""no_fit_complaint"", ""size_direction"": ""none"", ""evidence_quote"": ""exactly what I expected""}]","[""review"", ""positive""]",Positive evaluation without any complaint.
review:SYN_RV0078,C153,model,delegated synthetic annotation,English,clear,False,True,"[{""reason"": ""no_fit_complaint"", ""size_direction"": ""none"", ""evidence_quote"": ""It is a scarf, and the color is navy""}]","[""review"", ""neutral""]",Neutral factual review with no stated problem.
review:SYN_RV0079,C154,model,delegated synthetic annotation,Hinglish,clear,False,True,"[{""reason"": ""no_fit_complaint"", ""size_direction"": ""none"", ""evidence_quote"": ""fit aur wash dono mast hain""}]","[""review"", ""positive""]",Positive garment and service feedback; no complaint.
review:SYN_RV0080,C155,model,delegated synthetic annotation,English,clear,False,True,"[{""reason"": ""no_fit_complaint"", ""size_direction"": ""none"", ""evidence_quote"": ""accurate sizing and tidy finishing""}]","[""review"", ""positive""]","Praises fit and finishing, with no negative issue."
review:SYN_RV0081,C156,model,delegated synthetic annotation,Hinglish,clear,False,True,"[{""reason"": ""no_fit_complaint"", ""size_direction"": ""none"", ""evidence_quote"": ""Bas received status confirm kar raha hu""}]","[""review"", ""neutral""]",A neutral receipt confirmation contains no complaint.
review:SYN_RV0082,C157,model,delegated synthetic annotation,English,clear,False,True,"[{""reason"": ""no_fit_complaint"", ""size_direction"": ""none"", ""evidence_quote"": ""the color is true to the photos""}]","[""review"", ""positive""]",All listed attributes are positive; no complaint.
review:SYN_RV0083,C158,model,delegated synthetic annotation,Hinglish,clear,False,True,"[{""reason"": ""no_fit_complaint"", ""size_direction"": ""none"", ""evidence_quote"": ""print sundar""}]","[""review"", ""positive""]",Positive product review without an issue.
review:SYN_RV0084,C159,model,delegated synthetic annotation,English,clear,False,True,"[{""reason"": ""no_fit_complaint"", ""size_direction"": ""none"", ""evidence_quote"": ""Both are folded and labeled correctly""}]","[""review"", ""neutral""]",Neutral confirmation that order is correct; no complaint.
review:SYN_RV0085,C160,model,delegated synthetic annotation,Hindi,clear,False,True,"[{""reason"": ""no_fit_complaint"", ""size_direction"": ""none"", ""evidence_quote"": ""आरामदायक है""}]","[""review"", ""positive""]","Positive comfort and color feedback, no complaint."
review:SYN_RV0086,C161,model,delegated synthetic annotation,Hinglish,clear,False,True,"[{""reason"": ""no_fit_complaint"", ""size_direction"": ""none"", ""evidence_quote"": ""fits just right""}]","[""review"", ""positive""]",The review reports good fit and useful features only.
review:SYN_RV0087,C162,model,delegated synthetic annotation,English,clear,False,True,"[{""reason"": ""no_fit_complaint"", ""size_direction"": ""none"", ""evidence_quote"": ""Nothing to complain about""}]","[""review"", ""positive""]",Explicitly says there is no complaint.
return:SYN_R0076,C163,model,delegated synthetic annotation,Hinglish,ambiguous,True,True,"[{""reason"": ""unclear"", ""size_direction"": ""unclear"", ""evidence_quote"": ""chhota bhi lagta aur thoda bada bhi""}]","[""unclear"", ""contradictory""]",Contradictory size impressions and forgotten reason prevent a reliable label.
return:SYN_R0077,C164,model,delegated synthetic annotation,Hinglish,ambiguous,True,True,"[{""reason"": ""unclear"", ""size_direction"": ""unclear"", ""evidence_quote"": ""Doesn't work for me""}]","[""unclear"", ""insufficient""]","No product, delivery, or preference detail identifies a reason."
return:SYN_R0078,C165,model,delegated synthetic annotation,English,ambiguous,True,True,"[{""reason"": ""unclear"", ""size_direction"": ""unclear"", ""evidence_quote"": ""both perfectly fitted and impossible to button""}]","[""unclear"", ""contradictory""]",Fit statements conflict and tried size is unknown.
return:SYN_R0079,C166,model,delegated synthetic annotation,Hinglish,ambiguous,True,True,"[{""reason"": ""unclear"", ""size_direction"": ""unclear"", ""evidence_quote"": ""Kal wala issue phir se ho gaya""}]","[""unclear"", ""insufficient""]",Unspecified prior issue cannot be mapped to a product reason.
return:SYN_R0080,C167,model,delegated synthetic annotation,English,ambiguous,True,True,"[{""reason"": ""unclear"", ""size_direction"": ""unclear"", ""evidence_quote"": ""there is no actual order or item detail here""}]","[""unclear"", ""prompt_injection""]",Instruction-only label request supplies no genuine return reason.
return:SYN_R0081,C168,model,delegated synthetic annotation,Hinglish,ambiguous,True,True,"[{""reason"": ""unclear"", ""size_direction"": ""unclear"", ""evidence_quote"": ""Mera lucky number 8 hai""}]","[""unclear"", ""irrelevant""]",Irrelevant statement gives no actionable return reason.
review:SYN_RV0088,C169,model,delegated synthetic annotation,Hinglish,ambiguous,True,True,"[{""reason"": ""unclear"", ""size_direction"": ""unclear"", ""evidence_quote"": ""Maybe okay, maybe not""}]","[""unclear"", ""insufficient""]",Indecision without a specific product assessment is insufficient.
review:SYN_RV0089,C170,model,delegated synthetic annotation,English,ambiguous,True,True,"[{""reason"": ""unclear"", ""size_direction"": ""unclear"", ""evidence_quote"": ""cannot decide""}]","[""unclear"", ""contradictory""]",Sarcastic praise and criticism are explicitly unresolved.
review:SYN_RV0090,C171,model,delegated synthetic annotation,Hinglish,ambiguous,True,True,"[{""reason"": ""unclear"", ""size_direction"": ""unclear"", ""evidence_quote"": ""Iska scene alag hi tha""}]","[""unclear"", ""insufficient""]",Vague slang does not convey a clear complaint or praise.
review:SYN_RV0091,C172,model,delegated synthetic annotation,Hinglish,ambiguous,True,True,"[{""reason"": ""unclear"", ""size_direction"": ""unclear"", ""evidence_quote"": ""maybe both because one is folded? Can't tell""}]","[""unclear"", ""contradictory""]",Self-correction and uncertainty leave sleeve issue unresolved.
review:SYN_RV0092,C173,model,delegated synthetic annotation,English,ambiguous,True,True,"[{""reason"": ""unclear"", ""size_direction"": ""unclear"", ""evidence_quote"": ""this message was pasted by mistake""}]","[""unclear"", ""irrelevant""]",Text is acknowledged as accidental and contains no review content.
review:SYN_RV0093,C174,model,delegated synthetic annotation,Hinglish,ambiguous,True,True,"[{""reason"": ""unclear"", ""size_direction"": ""unclear"", ""evidence_quote"": ""product ke baare mein kuch likha hi nahi""}]","[""unclear"", ""prompt_injection""]","Benign injection text aside, no actual product feedback is supplied."
return:SYN_R0082,C175,model,delegated synthetic annotation,Hinglish,ambiguous,True,True,"[{""reason"": ""unclear"", ""size_direction"": ""unclear"", ""evidence_quote"": ""mujhe yaad bhi nahi""}]","[""unclear"", ""insufficient""]",Customer cannot recall a reason and text gives no product issue.
return:SYN_R0083,C176,model,delegated synthetic annotation,English,ambiguous,True,True,"[{""reason"": ""unclear"", ""size_direction"": ""unclear"", ""evidence_quote"": ""either delayed or arrived early""}]","[""unclear"", ""contradictory""]",Delivery timing is internally contradictory and may refer to another order.
return:SYN_R0084,C177,model,delegated synthetic annotation,Hinglish,ambiguous,True,True,"[{""reason"": ""unclear"", ""size_direction"": ""unclear"", ""evidence_quote"": ""kapda? size? courier? pata nahi""}]","[""unclear"", ""insufficient""]",Lists possible causes but explicitly cannot identify one.
review:SYN_RV0094,C178,model,delegated synthetic annotation,English,ambiguous,True,True,"[{""reason"": ""unclear"", ""size_direction"": ""unclear"", ""evidence_quote"": ""I have no useful details to add""}]","[""unclear"", ""insufficient""]",Review acknowledges lack of useful detail.
review:SYN_RV0095,C179,model,delegated synthetic annotation,Hinglish,ambiguous,True,True,"[{""reason"": ""unclear"", ""size_direction"": ""unclear"", ""evidence_quote"": ""I forgot what I meant""}]","[""unclear"", ""contradictory""]",Customer retracts fit judgment and cannot clarify the intended claim.
review:SYN_RV0096,C180,model,delegated synthetic annotation,Hindi,ambiguous,True,True,"[{""reason"": ""unclear"", ""size_direction"": ""unclear"", ""evidence_quote"": ""कपड़े के बारे में कुछ कहना भूल गया""}]","[""unclear"", ""irrelevant""]",No product assessment is present; author notes omission.
return:SYN_R0085,DROPDOWN_1_000,dropdown,deterministic code fixture,Hinglish,clear,False,True,"[{""reason"": ""fit_too_small"", ""size_direction"": ""too_small"", ""evidence_quote"": ""shoulders squeeze karte hain""}]","[""fit"", ""size""]",Shoulder restriction states an undersized fit despite positive design comment.
return:SYN_R0086,DROPDOWN_1_001,dropdown,deterministic code fixture,Hinglish,clear,False,True,"[{""reason"": ""fit_too_small"", ""size_direction"": ""too_small"", ""evidence_quote"": ""Waist pe tight hai""}]","[""fit"", ""size""]",Waist tightness is a clear fit complaint.
return:SYN_R0087,DROPDOWN_1_002,dropdown,deterministic code fixture,Hindi,clear,False,True,"[{""reason"": ""fit_too_small"", ""size_direction"": ""too_small"", ""evidence_quote"": ""सीना बहुत तंग है""}]","[""fit"", ""size""]",Explicitly tight chest fit; color praise is unrelated.
return:SYN_R0088,DROPDOWN_1_003,dropdown,deterministic code fixture,Hinglish,clear,False,True,"[{""reason"": ""fit_too_small"", ""size_direction"": ""too_small"", ""evidence_quote"": ""Waistband itna kas ke baithta hai""}]","[""fit"", ""size""]",A too-tight waistband is explicit.
return:SYN_R0089,DROPDOWN_1_004,dropdown,deterministic code fixture,Hinglish,clear,False,True,"[{""reason"": ""fit_too_small"", ""size_direction"": ""too_small"", ""evidence_quote"": ""shoulders squeeze karte hain""}]","[""fit"", ""size""]",Shoulder restriction states an undersized fit despite positive design comment.
return:SYN_R0090,DROPDOWN_1_005,dropdown,deterministic code fixture,Hinglish,clear,False,True,"[{""reason"": ""fit_too_small"", ""size_direction"": ""too_small"", ""evidence_quote"": ""Waist pe tight hai""}]","[""fit"", ""size""]",Waist tightness is a clear fit complaint.
return:SYN_R0091,DROPDOWN_1_006,dropdown,deterministic code fixture,Hindi,clear,False,True,"[{""reason"": ""fit_too_small"", ""size_direction"": ""too_small"", ""evidence_quote"": ""सीना बहुत तंग है""}]","[""fit"", ""size""]",Explicitly tight chest fit; color praise is unrelated.
return:SYN_R0092,DROPDOWN_1_007,dropdown,deterministic code fixture,Hinglish,clear,False,True,"[{""reason"": ""fit_too_small"", ""size_direction"": ""too_small"", ""evidence_quote"": ""Waistband itna kas ke baithta hai""}]","[""fit"", ""size""]",A too-tight waistband is explicit.
return:SYN_R0093,DROPDOWN_1_008,dropdown,deterministic code fixture,Hinglish,clear,False,True,"[{""reason"": ""fit_too_small"", ""size_direction"": ""too_small"", ""evidence_quote"": ""shoulders squeeze karte hain""}]","[""fit"", ""size""]",Shoulder restriction states an undersized fit despite positive design comment.
return:SYN_R0094,DROPDOWN_1_009,dropdown,deterministic code fixture,Hinglish,clear,False,True,"[{""reason"": ""fit_too_small"", ""size_direction"": ""too_small"", ""evidence_quote"": ""Waist pe tight hai""}]","[""fit"", ""size""]",Waist tightness is a clear fit complaint.
return:SYN_R0095,DROPDOWN_1_010,dropdown,deterministic code fixture,Hindi,clear,False,True,"[{""reason"": ""fit_too_small"", ""size_direction"": ""too_small"", ""evidence_quote"": ""सीना बहुत तंग है""}]","[""fit"", ""size""]",Explicitly tight chest fit; color praise is unrelated.
return:SYN_R0096,DROPDOWN_1_011,dropdown,deterministic code fixture,Hinglish,clear,False,True,"[{""reason"": ""fit_too_small"", ""size_direction"": ""too_small"", ""evidence_quote"": ""Waistband itna kas ke baithta hai""}]","[""fit"", ""size""]",A too-tight waistband is explicit.
return:SYN_R0097,DROPDOWN_1_012,dropdown,deterministic code fixture,Hinglish,clear,False,True,"[{""reason"": ""fit_too_small"", ""size_direction"": ""too_small"", ""evidence_quote"": ""shoulders squeeze karte hain""}]","[""fit"", ""size""]",Shoulder restriction states an undersized fit despite positive design comment.
return:SYN_R0098,DROPDOWN_1_013,dropdown,deterministic code fixture,Hinglish,clear,False,True,"[{""reason"": ""fit_too_small"", ""size_direction"": ""too_small"", ""evidence_quote"": ""Waist pe tight hai""}]","[""fit"", ""size""]",Waist tightness is a clear fit complaint.
return:SYN_R0099,DROPDOWN_1_014,dropdown,deterministic code fixture,Hindi,clear,False,True,"[{""reason"": ""fit_too_small"", ""size_direction"": ""too_small"", ""evidence_quote"": ""सीना बहुत तंग है""}]","[""fit"", ""size""]",Explicitly tight chest fit; color praise is unrelated.
return:SYN_R0100,DROPDOWN_1_015,dropdown,deterministic code fixture,Hinglish,clear,False,True,"[{""reason"": ""fit_too_small"", ""size_direction"": ""too_small"", ""evidence_quote"": ""Waistband itna kas ke baithta hai""}]","[""fit"", ""size""]",A too-tight waistband is explicit.
return:SYN_R0101,DROPDOWN_1_016,dropdown,deterministic code fixture,Hinglish,clear,False,True,"[{""reason"": ""fit_too_small"", ""size_direction"": ""too_small"", ""evidence_quote"": ""shoulders squeeze karte hain""}]","[""fit"", ""size""]",Shoulder restriction states an undersized fit despite positive design comment.
return:SYN_R0102,DROPDOWN_1_017,dropdown,deterministic code fixture,Hinglish,clear,False,True,"[{""reason"": ""fit_too_small"", ""size_direction"": ""too_small"", ""evidence_quote"": ""Waist pe tight hai""}]","[""fit"", ""size""]",Waist tightness is a clear fit complaint.
return:SYN_R0103,DROPDOWN_1_018,dropdown,deterministic code fixture,Hindi,clear,False,True,"[{""reason"": ""fit_too_small"", ""size_direction"": ""too_small"", ""evidence_quote"": ""सीना बहुत तंग है""}]","[""fit"", ""size""]",Explicitly tight chest fit; color praise is unrelated.
return:SYN_R0104,DROPDOWN_1_019,dropdown,deterministic code fixture,Hinglish,clear,False,True,"[{""reason"": ""fit_too_small"", ""size_direction"": ""too_small"", ""evidence_quote"": ""Waistband itna kas ke baithta hai""}]","[""fit"", ""size""]",A too-tight waistband is explicit.
return:SYN_R0105,DROPDOWN_1_020,dropdown,deterministic code fixture,Hinglish,clear,False,True,"[{""reason"": ""fit_too_small"", ""size_direction"": ""too_small"", ""evidence_quote"": ""shoulders squeeze karte hain""}]","[""fit"", ""size""]",Shoulder restriction states an undersized fit despite positive design comment.
return:SYN_R0106,DROPDOWN_1_021,dropdown,deterministic code fixture,Hinglish,clear,False,True,"[{""reason"": ""fit_too_small"", ""size_direction"": ""too_small"", ""evidence_quote"": ""Waist pe tight hai""}]","[""fit"", ""size""]",Waist tightness is a clear fit complaint.
return:SYN_R0107,DROPDOWN_1_022,dropdown,deterministic code fixture,Hindi,clear,False,True,"[{""reason"": ""fit_too_small"", ""size_direction"": ""too_small"", ""evidence_quote"": ""सीना बहुत तंग है""}]","[""fit"", ""size""]",Explicitly tight chest fit; color praise is unrelated.
return:SYN_R0108,DROPDOWN_1_023,dropdown,deterministic code fixture,Hinglish,clear,False,True,"[{""reason"": ""fit_too_small"", ""size_direction"": ""too_small"", ""evidence_quote"": ""Waistband itna kas ke baithta hai""}]","[""fit"", ""size""]",A too-tight waistband is explicit.
return:SYN_R0109,DROPDOWN_1_024,dropdown,deterministic code fixture,Hinglish,clear,False,True,"[{""reason"": ""fit_too_small"", ""size_direction"": ""too_small"", ""evidence_quote"": ""shoulders squeeze karte hain""}]","[""fit"", ""size""]",Shoulder restriction states an undersized fit despite positive design comment.
return:SYN_R0110,DROPDOWN_1_025,dropdown,deterministic code fixture,Hinglish,clear,False,True,"[{""reason"": ""fit_too_small"", ""size_direction"": ""too_small"", ""evidence_quote"": ""Waist pe tight hai""}]","[""fit"", ""size""]",Waist tightness is a clear fit complaint.
return:SYN_R0111,DROPDOWN_1_026,dropdown,deterministic code fixture,Hindi,clear,False,True,"[{""reason"": ""fit_too_small"", ""size_direction"": ""too_small"", ""evidence_quote"": ""सीना बहुत तंग है""}]","[""fit"", ""size""]",Explicitly tight chest fit; color praise is unrelated.
return:SYN_R0112,DROPDOWN_1_027,dropdown,deterministic code fixture,Hinglish,clear,False,True,"[{""reason"": ""fit_too_small"", ""size_direction"": ""too_small"", ""evidence_quote"": ""Waistband itna kas ke baithta hai""}]","[""fit"", ""size""]",A too-tight waistband is explicit.
return:SYN_R0113,DROPDOWN_1_028,dropdown,deterministic code fixture,Hinglish,clear,False,True,"[{""reason"": ""fit_too_small"", ""size_direction"": ""too_small"", ""evidence_quote"": ""shoulders squeeze karte hain""}]","[""fit"", ""size""]",Shoulder restriction states an undersized fit despite positive design comment.
return:SYN_R0114,DROPDOWN_1_029,dropdown,deterministic code fixture,Hinglish,clear,False,True,"[{""reason"": ""fit_too_small"", ""size_direction"": ""too_small"", ""evidence_quote"": ""Waist pe tight hai""}]","[""fit"", ""size""]",Waist tightness is a clear fit complaint.
return:SYN_R0115,DROPDOWN_1_030,dropdown,deterministic code fixture,Hindi,clear,False,True,"[{""reason"": ""fit_too_small"", ""size_direction"": ""too_small"", ""evidence_quote"": ""सीना बहुत तंग है""}]","[""fit"", ""size""]",Explicitly tight chest fit; color praise is unrelated.
return:SYN_R0116,DROPDOWN_1_031,dropdown,deterministic code fixture,Hinglish,clear,False,True,"[{""reason"": ""fit_too_small"", ""size_direction"": ""too_small"", ""evidence_quote"": ""Waistband itna kas ke baithta hai""}]","[""fit"", ""size""]",A too-tight waistband is explicit.
return:SYN_R0117,DROPDOWN_1_032,dropdown,deterministic code fixture,Hinglish,clear,False,True,"[{""reason"": ""fit_too_small"", ""size_direction"": ""too_small"", ""evidence_quote"": ""shoulders squeeze karte hain""}]","[""fit"", ""size""]",Shoulder restriction states an undersized fit despite positive design comment.
return:SYN_R0118,DROPDOWN_1_033,dropdown,deterministic code fixture,Hinglish,clear,False,True,"[{""reason"": ""fit_too_small"", ""size_direction"": ""too_small"", ""evidence_quote"": ""Waist pe tight hai""}]","[""fit"", ""size""]",Waist tightness is a clear fit complaint.
return:SYN_R0119,DROPDOWN_1_034,dropdown,deterministic code fixture,Hindi,clear,False,True,"[{""reason"": ""fit_too_small"", ""size_direction"": ""too_small"", ""evidence_quote"": ""सीना बहुत तंग है""}]","[""fit"", ""size""]",Explicitly tight chest fit; color praise is unrelated.
return:SYN_R0120,DROPDOWN_1_035,dropdown,deterministic code fixture,Hinglish,clear,False,True,"[{""reason"": ""fit_too_small"", ""size_direction"": ""too_small"", ""evidence_quote"": ""Waistband itna kas ke baithta hai""}]","[""fit"", ""size""]",A too-tight waistband is explicit.
return:SYN_R0121,DROPDOWN_1_036,dropdown,deterministic code fixture,Hinglish,clear,False,True,"[{""reason"": ""fit_too_small"", ""size_direction"": ""too_small"", ""evidence_quote"": ""shoulders squeeze karte hain""}]","[""fit"", ""size""]",Shoulder restriction states an undersized fit despite positive design comment.
return:SYN_R0122,DROPDOWN_1_037,dropdown,deterministic code fixture,Hinglish,clear,False,True,"[{""reason"": ""fit_too_small"", ""size_direction"": ""too_small"", ""evidence_quote"": ""Waist pe tight hai""}]","[""fit"", ""size""]",Waist tightness is a clear fit complaint.
return:SYN_R0123,DROPDOWN_1_038,dropdown,deterministic code fixture,Hindi,clear,False,True,"[{""reason"": ""fit_too_small"", ""size_direction"": ""too_small"", ""evidence_quote"": ""सीना बहुत तंग है""}]","[""fit"", ""size""]",Explicitly tight chest fit; color praise is unrelated.
return:SYN_R0124,DROPDOWN_1_039,dropdown,deterministic code fixture,Hinglish,clear,False,True,"[{""reason"": ""fit_too_small"", ""size_direction"": ""too_small"", ""evidence_quote"": ""Waistband itna kas ke baithta hai""}]","[""fit"", ""size""]",A too-tight waistband is explicit.
return:SYN_R0125,DROPDOWN_1_040,dropdown,deterministic code fixture,Hinglish,clear,False,True,"[{""reason"": ""fit_too_small"", ""size_direction"": ""too_small"", ""evidence_quote"": ""shoulders squeeze karte hain""}]","[""fit"", ""size""]",Shoulder restriction states an undersized fit despite positive design comment.
return:SYN_R0126,DROPDOWN_1_041,dropdown,deterministic code fixture,Hinglish,clear,False,True,"[{""reason"": ""fit_too_small"", ""size_direction"": ""too_small"", ""evidence_quote"": ""Waist pe tight hai""}]","[""fit"", ""size""]",Waist tightness is a clear fit complaint.
return:SYN_R0127,DROPDOWN_1_042,dropdown,deterministic code fixture,Hindi,clear,False,True,"[{""reason"": ""fit_too_small"", ""size_direction"": ""too_small"", ""evidence_quote"": ""सीना बहुत तंग है""}]","[""fit"", ""size""]",Explicitly tight chest fit; color praise is unrelated.
return:SYN_R0128,DROPDOWN_1_043,dropdown,deterministic code fixture,Hinglish,clear,False,True,"[{""reason"": ""fit_too_small"", ""size_direction"": ""too_small"", ""evidence_quote"": ""Waistband itna kas ke baithta hai""}]","[""fit"", ""size""]",A too-tight waistband is explicit.
return:SYN_R0129,DROPDOWN_1_044,dropdown,deterministic code fixture,Hinglish,clear,False,True,"[{""reason"": ""fit_too_small"", ""size_direction"": ""too_small"", ""evidence_quote"": ""shoulders squeeze karte hain""}]","[""fit"", ""size""]",Shoulder restriction states an undersized fit despite positive design comment.
return:SYN_R0130,DROPDOWN_1_045,dropdown,deterministic code fixture,Hinglish,clear,False,True,"[{""reason"": ""fit_too_small"", ""size_direction"": ""too_small"", ""evidence_quote"": ""Waist pe tight hai""}]","[""fit"", ""size""]",Waist tightness is a clear fit complaint.
return:SYN_R0131,DROPDOWN_1_046,dropdown,deterministic code fixture,Hindi,clear,False,True,"[{""reason"": ""fit_too_small"", ""size_direction"": ""too_small"", ""evidence_quote"": ""सीना बहुत तंग है""}]","[""fit"", ""size""]",Explicitly tight chest fit; color praise is unrelated.
return:SYN_R0132,DROPDOWN_1_047,dropdown,deterministic code fixture,Hinglish,clear,False,True,"[{""reason"": ""fit_too_small"", ""size_direction"": ""too_small"", ""evidence_quote"": ""Waistband itna kas ke baithta hai""}]","[""fit"", ""size""]",A too-tight waistband is explicit.
return:SYN_R0133,DROPDOWN_1_048,dropdown,deterministic code fixture,Hinglish,clear,False,True,"[{""reason"": ""fit_too_small"", ""size_direction"": ""too_small"", ""evidence_quote"": ""shoulders squeeze karte hain""}]","[""fit"", ""size""]",Shoulder restriction states an undersized fit despite positive design comment.
return:SYN_R0134,DROPDOWN_1_049,dropdown,deterministic code fixture,Hinglish,clear,False,True,"[{""reason"": ""fit_too_small"", ""size_direction"": ""too_small"", ""evidence_quote"": ""Waist pe tight hai""}]","[""fit"", ""size""]",Waist tightness is a clear fit complaint.
return:SYN_R0135,DROPDOWN_1_050,dropdown,deterministic code fixture,Hindi,clear,False,True,"[{""reason"": ""fit_too_small"", ""size_direction"": ""too_small"", ""evidence_quote"": ""सीना बहुत तंग है""}]","[""fit"", ""size""]",Explicitly tight chest fit; color praise is unrelated.
return:SYN_R0136,DROPDOWN_1_051,dropdown,deterministic code fixture,Hinglish,clear,False,True,"[{""reason"": ""fit_too_small"", ""size_direction"": ""too_small"", ""evidence_quote"": ""Waistband itna kas ke baithta hai""}]","[""fit"", ""size""]",A too-tight waistband is explicit.
return:SYN_R0137,DROPDOWN_1_052,dropdown,deterministic code fixture,Hinglish,clear,False,True,"[{""reason"": ""fit_too_small"", ""size_direction"": ""too_small"", ""evidence_quote"": ""shoulders squeeze karte hain""}]","[""fit"", ""size""]",Shoulder restriction states an undersized fit despite positive design comment.
return:SYN_R0138,DROPDOWN_1_053,dropdown,deterministic code fixture,Hinglish,clear,False,True,"[{""reason"": ""fit_too_small"", ""size_direction"": ""too_small"", ""evidence_quote"": ""Waist pe tight hai""}]","[""fit"", ""size""]",Waist tightness is a clear fit complaint.
return:SYN_R0139,DROPDOWN_1_054,dropdown,deterministic code fixture,Hindi,clear,False,True,"[{""reason"": ""fit_too_small"", ""size_direction"": ""too_small"", ""evidence_quote"": ""सीना बहुत तंग है""}]","[""fit"", ""size""]",Explicitly tight chest fit; color praise is unrelated.
return:SYN_R0140,DROPDOWN_1_055,dropdown,deterministic code fixture,Hinglish,clear,False,True,"[{""reason"": ""fit_too_small"", ""size_direction"": ""too_small"", ""evidence_quote"": ""Waistband itna kas ke baithta hai""}]","[""fit"", ""size""]",A too-tight waistband is explicit.
return:SYN_R0141,DROPDOWN_1_056,dropdown,deterministic code fixture,Hinglish,clear,False,True,"[{""reason"": ""fit_too_small"", ""size_direction"": ""too_small"", ""evidence_quote"": ""shoulders squeeze karte hain""}]","[""fit"", ""size""]",Shoulder restriction states an undersized fit despite positive design comment.
return:SYN_R0142,DROPDOWN_1_057,dropdown,deterministic code fixture,Hinglish,clear,False,True,"[{""reason"": ""fit_too_small"", ""size_direction"": ""too_small"", ""evidence_quote"": ""Waist pe tight hai""}]","[""fit"", ""size""]",Waist tightness is a clear fit complaint.
return:SYN_R0143,DROPDOWN_1_058,dropdown,deterministic code fixture,Hindi,clear,False,True,"[{""reason"": ""fit_too_small"", ""size_direction"": ""too_small"", ""evidence_quote"": ""सीना बहुत तंग है""}]","[""fit"", ""size""]",Explicitly tight chest fit; color praise is unrelated.
return:SYN_R0144,DROPDOWN_1_059,dropdown,deterministic code fixture,Hinglish,clear,False,True,"[{""reason"": ""fit_too_small"", ""size_direction"": ""too_small"", ""evidence_quote"": ""Waistband itna kas ke baithta hai""}]","[""fit"", ""size""]",A too-tight waistband is explicit.
return:SYN_R0145,DROPDOWN_1_060,dropdown,deterministic code fixture,Hinglish,clear,False,True,"[{""reason"": ""fit_too_small"", ""size_direction"": ""too_small"", ""evidence_quote"": ""shoulders squeeze karte hain""}]","[""fit"", ""size""]",Shoulder restriction states an undersized fit despite positive design comment.
return:SYN_R0146,DROPDOWN_1_061,dropdown,deterministic code fixture,Hinglish,clear,False,True,"[{""reason"": ""fit_too_small"", ""size_direction"": ""too_small"", ""evidence_quote"": ""Waist pe tight hai""}]","[""fit"", ""size""]",Waist tightness is a clear fit complaint.
return:SYN_R0147,DROPDOWN_1_062,dropdown,deterministic code fixture,Hindi,clear,False,True,"[{""reason"": ""fit_too_small"", ""size_direction"": ""too_small"", ""evidence_quote"": ""सीना बहुत तंग है""}]","[""fit"", ""size""]",Explicitly tight chest fit; color praise is unrelated.
return:SYN_R0148,DROPDOWN_1_063,dropdown,deterministic code fixture,Hinglish,clear,False,True,"[{""reason"": ""fit_too_small"", ""size_direction"": ""too_small"", ""evidence_quote"": ""Waistband itna kas ke baithta hai""}]","[""fit"", ""size""]",A too-tight waistband is explicit.
return:SYN_R0149,DROPDOWN_1_064,dropdown,deterministic code fixture,Hinglish,clear,False,True,"[{""reason"": ""fit_too_small"", ""size_direction"": ""too_small"", ""evidence_quote"": ""shoulders squeeze karte hain""}]","[""fit"", ""size""]",Shoulder restriction states an undersized fit despite positive design comment.
return:SYN_R0150,DROPDOWN_1_065,dropdown,deterministic code fixture,Hinglish,clear,False,True,"[{""reason"": ""fit_too_small"", ""size_direction"": ""too_small"", ""evidence_quote"": ""Waist pe tight hai""}]","[""fit"", ""size""]",Waist tightness is a clear fit complaint.
return:SYN_R0151,DROPDOWN_1_066,dropdown,deterministic code fixture,Hindi,clear,False,True,"[{""reason"": ""fit_too_small"", ""size_direction"": ""too_small"", ""evidence_quote"": ""सीना बहुत तंग है""}]","[""fit"", ""size""]",Explicitly tight chest fit; color praise is unrelated.
return:SYN_R0152,DROPDOWN_1_067,dropdown,deterministic code fixture,Hinglish,clear,False,True,"[{""reason"": ""fit_too_small"", ""size_direction"": ""too_small"", ""evidence_quote"": ""Waistband itna kas ke baithta hai""}]","[""fit"", ""size""]",A too-tight waistband is explicit.
return:SYN_R0153,DROPDOWN_1_068,dropdown,deterministic code fixture,Hinglish,clear,False,True,"[{""reason"": ""fit_too_small"", ""size_direction"": ""too_small"", ""evidence_quote"": ""shoulders squeeze karte hain""}]","[""fit"", ""size""]",Shoulder restriction states an undersized fit despite positive design comment.
return:SYN_R0154,DROPDOWN_1_069,dropdown,deterministic code fixture,Hinglish,clear,False,True,"[{""reason"": ""fit_too_small"", ""size_direction"": ""too_small"", ""evidence_quote"": ""Waist pe tight hai""}]","[""fit"", ""size""]",Waist tightness is a clear fit complaint.
return:SYN_R0155,DROPDOWN_1_070,dropdown,deterministic code fixture,Hindi,clear,False,True,"[{""reason"": ""fit_too_small"", ""size_direction"": ""too_small"", ""evidence_quote"": ""सीना बहुत तंग है""}]","[""fit"", ""size""]",Explicitly tight chest fit; color praise is unrelated.
return:SYN_R0156,DROPDOWN_1_071,dropdown,deterministic code fixture,Hinglish,clear,False,True,"[{""reason"": ""fit_too_small"", ""size_direction"": ""too_small"", ""evidence_quote"": ""Waistband itna kas ke baithta hai""}]","[""fit"", ""size""]",A too-tight waistband is explicit.
return:SYN_R0157,DROPDOWN_1_072,dropdown,deterministic code fixture,Hinglish,clear,False,True,"[{""reason"": ""fit_too_small"", ""size_direction"": ""too_small"", ""evidence_quote"": ""shoulders squeeze karte hain""}]","[""fit"", ""size""]",Shoulder restriction states an undersized fit despite positive design comment.
return:SYN_R0158,DROPDOWN_1_073,dropdown,deterministic code fixture,Hinglish,clear,False,True,"[{""reason"": ""fit_too_small"", ""size_direction"": ""too_small"", ""evidence_quote"": ""Waist pe tight hai""}]","[""fit"", ""size""]",Waist tightness is a clear fit complaint.
return:SYN_R0159,DROPDOWN_1_074,dropdown,deterministic code fixture,Hindi,clear,False,True,"[{""reason"": ""fit_too_small"", ""size_direction"": ""too_small"", ""evidence_quote"": ""सीना बहुत तंग है""}]","[""fit"", ""size""]",Explicitly tight chest fit; color praise is unrelated.
return:SYN_R0160,DROPDOWN_1_075,dropdown,deterministic code fixture,Hinglish,clear,False,True,"[{""reason"": ""fit_too_small"", ""size_direction"": ""too_small"", ""evidence_quote"": ""Waistband itna kas ke baithta hai""}]","[""fit"", ""size""]",A too-tight waistband is explicit.
return:SYN_R0161,DROPDOWN_1_076,dropdown,deterministic code fixture,Hinglish,clear,False,True,"[{""reason"": ""fit_too_small"", ""size_direction"": ""too_small"", ""evidence_quote"": ""shoulders squeeze karte hain""}]","[""fit"", ""size""]",Shoulder restriction states an undersized fit despite positive design comment.
return:SYN_R0162,DROPDOWN_1_077,dropdown,deterministic code fixture,Hinglish,clear,False,True,"[{""reason"": ""fit_too_small"", ""size_direction"": ""too_small"", ""evidence_quote"": ""Waist pe tight hai""}]","[""fit"", ""size""]",Waist tightness is a clear fit complaint.
return:SYN_R0163,DROPDOWN_1_078,dropdown,deterministic code fixture,Hindi,clear,False,True,"[{""reason"": ""fit_too_small"", ""size_direction"": ""too_small"", ""evidence_quote"": ""सीना बहुत तंग है""}]","[""fit"", ""size""]",Explicitly tight chest fit; color praise is unrelated.
return:SYN_R0164,DROPDOWN_1_079,dropdown,deterministic code fixture,Hinglish,clear,False,True,"[{""reason"": ""fit_too_small"", ""size_direction"": ""too_small"", ""evidence_quote"": ""Waistband itna kas ke baithta hai""}]","[""fit"", ""size""]",A too-tight waistband is explicit.
return:SYN_R0165,DROPDOWN_1_080,dropdown,deterministic code fixture,Hinglish,clear,False,True,"[{""reason"": ""fit_too_small"", ""size_direction"": ""too_small"", ""evidence_quote"": ""shoulders squeeze karte hain""}]","[""fit"", ""size""]",Shoulder restriction states an undersized fit despite positive design comment.
return:SYN_R0166,DROPDOWN_1_081,dropdown,deterministic code fixture,Hinglish,clear,False,True,"[{""reason"": ""fit_too_small"", ""size_direction"": ""too_small"", ""evidence_quote"": ""Waist pe tight hai""}]","[""fit"", ""size""]",Waist tightness is a clear fit complaint.
return:SYN_R0167,DROPDOWN_1_082,dropdown,deterministic code fixture,Hindi,clear,False,True,"[{""reason"": ""fit_too_small"", ""size_direction"": ""too_small"", ""evidence_quote"": ""सीना बहुत तंग है""}]","[""fit"", ""size""]",Explicitly tight chest fit; color praise is unrelated.
return:SYN_R0168,DROPDOWN_1_083,dropdown,deterministic code fixture,Hinglish,clear,False,True,"[{""reason"": ""fit_too_small"", ""size_direction"": ""too_small"", ""evidence_quote"": ""Waistband itna kas ke baithta hai""}]","[""fit"", ""size""]",A too-tight waistband is explicit.
return:SYN_R0169,DROPDOWN_1_084,dropdown,deterministic code fixture,Hinglish,clear,False,True,"[{""reason"": ""fit_too_small"", ""size_direction"": ""too_small"", ""evidence_quote"": ""shoulders squeeze karte hain""}]","[""fit"", ""size""]",Shoulder restriction states an undersized fit despite positive design comment.
return:SYN_R0170,DROPDOWN_1_085,dropdown,deterministic code fixture,Hinglish,clear,False,True,"[{""reason"": ""fit_too_small"", ""size_direction"": ""too_small"", ""evidence_quote"": ""Waist pe tight hai""}]","[""fit"", ""size""]",Waist tightness is a clear fit complaint.
return:SYN_R0171,DROPDOWN_1_086,dropdown,deterministic code fixture,Hindi,clear,False,True,"[{""reason"": ""fit_too_small"", ""size_direction"": ""too_small"", ""evidence_quote"": ""सीना बहुत तंग है""}]","[""fit"", ""size""]",Explicitly tight chest fit; color praise is unrelated.
return:SYN_R0172,DROPDOWN_1_087,dropdown,deterministic code fixture,Hinglish,clear,False,True,"[{""reason"": ""fit_too_small"", ""size_direction"": ""too_small"", ""evidence_quote"": ""Waistband itna kas ke baithta hai""}]","[""fit"", ""size""]",A too-tight waistband is explicit.
return:SYN_R0173,DROPDOWN_1_088,dropdown,deterministic code fixture,Hinglish,clear,False,True,"[{""reason"": ""fit_too_small"", ""size_direction"": ""too_small"", ""evidence_quote"": ""shoulders squeeze karte hain""}]","[""fit"", ""size""]",Shoulder restriction states an undersized fit despite positive design comment.
return:SYN_R0174,DROPDOWN_1_089,dropdown,deterministic code fixture,Hinglish,clear,False,True,"[{""reason"": ""fit_too_small"", ""size_direction"": ""too_small"", ""evidence_quote"": ""Waist pe tight hai""}]","[""fit"", ""size""]",Waist tightness is a clear fit complaint.
return:SYN_R0175,DROPDOWN_1_090,dropdown,deterministic code fixture,Hindi,clear,False,True,"[{""reason"": ""fit_too_small"", ""size_direction"": ""too_small"", ""evidence_quote"": ""सीना बहुत तंग है""}]","[""fit"", ""size""]",Explicitly tight chest fit; color praise is unrelated.
return:SYN_R0176,DROPDOWN_1_091,dropdown,deterministic code fixture,Hinglish,clear,False,True,"[{""reason"": ""fit_too_small"", ""size_direction"": ""too_small"", ""evidence_quote"": ""Waistband itna kas ke baithta hai""}]","[""fit"", ""size""]",A too-tight waistband is explicit.
return:SYN_R0177,DROPDOWN_1_092,dropdown,deterministic code fixture,Hinglish,clear,False,True,"[{""reason"": ""fit_too_small"", ""size_direction"": ""too_small"", ""evidence_quote"": ""shoulders squeeze karte hain""}]","[""fit"", ""size""]",Shoulder restriction states an undersized fit despite positive design comment.
return:SYN_R0178,DROPDOWN_1_093,dropdown,deterministic code fixture,Hinglish,clear,False,True,"[{""reason"": ""fit_too_small"", ""size_direction"": ""too_small"", ""evidence_quote"": ""Waist pe tight hai""}]","[""fit"", ""size""]",Waist tightness is a clear fit complaint.
return:SYN_R0179,DROPDOWN_1_094,dropdown,deterministic code fixture,Hindi,clear,False,True,"[{""reason"": ""fit_too_small"", ""size_direction"": ""too_small"", ""evidence_quote"": ""सीना बहुत तंग है""}]","[""fit"", ""size""]",Explicitly tight chest fit; color praise is unrelated.
return:SYN_R0180,DROPDOWN_1_095,dropdown,deterministic code fixture,Hinglish,clear,False,True,"[{""reason"": ""fit_too_small"", ""size_direction"": ""too_small"", ""evidence_quote"": ""Waistband itna kas ke baithta hai""}]","[""fit"", ""size""]",A too-tight waistband is explicit.
return:SYN_R0181,DROPDOWN_1_096,dropdown,deterministic code fixture,Hinglish,clear,False,True,"[{""reason"": ""fit_too_small"", ""size_direction"": ""too_small"", ""evidence_quote"": ""shoulders squeeze karte hain""}]","[""fit"", ""size""]",Shoulder restriction states an undersized fit despite positive design comment.
return:SYN_R0182,DROPDOWN_1_097,dropdown,deterministic code fixture,Hinglish,clear,False,True,"[{""reason"": ""fit_too_small"", ""size_direction"": ""too_small"", ""evidence_quote"": ""Waist pe tight hai""}]","[""fit"", ""size""]",Waist tightness is a clear fit complaint.
return:SYN_R0183,DROPDOWN_1_098,dropdown,deterministic code fixture,Hindi,clear,False,True,"[{""reason"": ""fit_too_small"", ""size_direction"": ""too_small"", ""evidence_quote"": ""सीना बहुत तंग है""}]","[""fit"", ""size""]",Explicitly tight chest fit; color praise is unrelated.
return:SYN_R0184,DROPDOWN_1_099,dropdown,deterministic code fixture,Hinglish,clear,False,True,"[{""reason"": ""fit_too_small"", ""size_direction"": ""too_small"", ""evidence_quote"": ""Waistband itna kas ke baithta hai""}]","[""fit"", ""size""]",A too-tight waistband is explicit.
return:SYN_R0185,DROPDOWN_1_100,dropdown,deterministic code fixture,Hinglish,clear,False,True,"[{""reason"": ""fit_too_small"", ""size_direction"": ""too_small"", ""evidence_quote"": ""shoulders squeeze karte hain""}]","[""fit"", ""size""]",Shoulder restriction states an undersized fit despite positive design comment.
return:SYN_R0186,DROPDOWN_1_101,dropdown,deterministic code fixture,Hinglish,clear,False,True,"[{""reason"": ""fit_too_small"", ""size_direction"": ""too_small"", ""evidence_quote"": ""Waist pe tight hai""}]","[""fit"", ""size""]",Waist tightness is a clear fit complaint.
return:SYN_R0187,DROPDOWN_1_102,dropdown,deterministic code fixture,Hindi,clear,False,True,"[{""reason"": ""fit_too_small"", ""size_direction"": ""too_small"", ""evidence_quote"": ""सीना बहुत तंग है""}]","[""fit"", ""size""]",Explicitly tight chest fit; color praise is unrelated.
return:SYN_R0188,DROPDOWN_1_103,dropdown,deterministic code fixture,Hinglish,clear,False,True,"[{""reason"": ""fit_too_small"", ""size_direction"": ""too_small"", ""evidence_quote"": ""Waistband itna kas ke baithta hai""}]","[""fit"", ""size""]",A too-tight waistband is explicit.
return:SYN_R0189,DROPDOWN_1_104,dropdown,deterministic code fixture,Hinglish,clear,False,True,"[{""reason"": ""fit_too_small"", ""size_direction"": ""too_small"", ""evidence_quote"": ""shoulders squeeze karte hain""}]","[""fit"", ""size""]",Shoulder restriction states an undersized fit despite positive design comment.
return:SYN_R0190,DROPDOWN_1_105,dropdown,deterministic code fixture,Hinglish,clear,False,True,"[{""reason"": ""fit_too_small"", ""size_direction"": ""too_small"", ""evidence_quote"": ""Waist pe tight hai""}]","[""fit"", ""size""]",Waist tightness is a clear fit complaint.
return:SYN_R0191,DROPDOWN_1_106,dropdown,deterministic code fixture,Hindi,clear,False,True,"[{""reason"": ""fit_too_small"", ""size_direction"": ""too_small"", ""evidence_quote"": ""सीना बहुत तंग है""}]","[""fit"", ""size""]",Explicitly tight chest fit; color praise is unrelated.
return:SYN_R0192,DROPDOWN_1_107,dropdown,deterministic code fixture,Hinglish,clear,False,True,"[{""reason"": ""fit_too_small"", ""size_direction"": ""too_small"", ""evidence_quote"": ""Waistband itna kas ke baithta hai""}]","[""fit"", ""size""]",A too-tight waistband is explicit.
return:SYN_R0193,DROPDOWN_1_108,dropdown,deterministic code fixture,Hinglish,clear,False,True,"[{""reason"": ""fit_too_small"", ""size_direction"": ""too_small"", ""evidence_quote"": ""shoulders squeeze karte hain""}]","[""fit"", ""size""]",Shoulder restriction states an undersized fit despite positive design comment.
return:SYN_R0194,DROPDOWN_1_109,dropdown,deterministic code fixture,Hinglish,clear,False,True,"[{""reason"": ""fit_too_small"", ""size_direction"": ""too_small"", ""evidence_quote"": ""Waist pe tight hai""}]","[""fit"", ""size""]",Waist tightness is a clear fit complaint.
return:SYN_R0195,DROPDOWN_1_110,dropdown,deterministic code fixture,Hindi,clear,False,True,"[{""reason"": ""fit_too_small"", ""size_direction"": ""too_small"", ""evidence_quote"": ""सीना बहुत तंग है""}]","[""fit"", ""size""]",Explicitly tight chest fit; color praise is unrelated.
return:SYN_R0196,DROPDOWN_1_111,dropdown,deterministic code fixture,Hinglish,clear,False,True,"[{""reason"": ""fit_too_small"", ""size_direction"": ""too_small"", ""evidence_quote"": ""Waistband itna kas ke baithta hai""}]","[""fit"", ""size""]",A too-tight waistband is explicit.
return:SYN_R0197,DROPDOWN_1_112,dropdown,deterministic code fixture,Hinglish,clear,False,True,"[{""reason"": ""fit_too_small"", ""size_direction"": ""too_small"", ""evidence_quote"": ""shoulders squeeze karte hain""}]","[""fit"", ""size""]",Shoulder restriction states an undersized fit despite positive design comment.
return:SYN_R0198,DROPDOWN_1_113,dropdown,deterministic code fixture,Hinglish,clear,False,True,"[{""reason"": ""fit_too_small"", ""size_direction"": ""too_small"", ""evidence_quote"": ""Waist pe tight hai""}]","[""fit"", ""size""]",Waist tightness is a clear fit complaint.
return:SYN_R0199,DROPDOWN_1_114,dropdown,deterministic code fixture,Hindi,clear,False,True,"[{""reason"": ""fit_too_small"", ""size_direction"": ""too_small"", ""evidence_quote"": ""सीना बहुत तंग है""}]","[""fit"", ""size""]",Explicitly tight chest fit; color praise is unrelated.
return:SYN_R0200,DROPDOWN_1_115,dropdown,deterministic code fixture,Hinglish,clear,False,True,"[{""reason"": ""fit_too_small"", ""size_direction"": ""too_small"", ""evidence_quote"": ""Waistband itna kas ke baithta hai""}]","[""fit"", ""size""]",A too-tight waistband is explicit.
return:SYN_R0201,DROPDOWN_1_116,dropdown,deterministic code fixture,Hinglish,clear,False,True,"[{""reason"": ""fit_too_small"", ""size_direction"": ""too_small"", ""evidence_quote"": ""shoulders squeeze karte hain""}]","[""fit"", ""size""]",Shoulder restriction states an undersized fit despite positive design comment.
return:SYN_R0202,DROPDOWN_1_117,dropdown,deterministic code fixture,Hinglish,clear,False,True,"[{""reason"": ""fit_too_small"", ""size_direction"": ""too_small"", ""evidence_quote"": ""Waist pe tight hai""}]","[""fit"", ""size""]",Waist tightness is a clear fit complaint.
return:SYN_R0203,DROPDOWN_1_118,dropdown,deterministic code fixture,Hindi,clear,False,True,"[{""reason"": ""fit_too_small"", ""size_direction"": ""too_small"", ""evidence_quote"": ""सीना बहुत तंग है""}]","[""fit"", ""size""]",Explicitly tight chest fit; color praise is unrelated.
return:SYN_R0204,DROPDOWN_1_119,dropdown,deterministic code fixture,Hinglish,clear,False,True,"[{""reason"": ""fit_too_small"", ""size_direction"": ""too_small"", ""evidence_quote"": ""Waistband itna kas ke baithta hai""}]","[""fit"", ""size""]",A too-tight waistband is explicit.
return:SYN_R0205,DROPDOWN_2_000,dropdown,deterministic code fixture,Hinglish,clear,False,True,"[{""reason"": ""fit_too_small"", ""size_direction"": ""too_small"", ""evidence_quote"": ""shoulders squeeze karte hain""}]","[""fit"", ""size""]",Shoulder restriction states an undersized fit despite positive design comment.
return:SYN_R0206,DROPDOWN_2_001,dropdown,deterministic code fixture,Hinglish,clear,False,True,"[{""reason"": ""fit_too_small"", ""size_direction"": ""too_small"", ""evidence_quote"": ""Waist pe tight hai""}]","[""fit"", ""size""]",Waist tightness is a clear fit complaint.
return:SYN_R0207,DROPDOWN_2_002,dropdown,deterministic code fixture,Hindi,clear,False,True,"[{""reason"": ""fit_too_small"", ""size_direction"": ""too_small"", ""evidence_quote"": ""सीना बहुत तंग है""}]","[""fit"", ""size""]",Explicitly tight chest fit; color praise is unrelated.
return:SYN_R0208,DROPDOWN_2_003,dropdown,deterministic code fixture,Hinglish,clear,False,True,"[{""reason"": ""fit_too_small"", ""size_direction"": ""too_small"", ""evidence_quote"": ""Waistband itna kas ke baithta hai""}]","[""fit"", ""size""]",A too-tight waistband is explicit.
return:SYN_R0209,DROPDOWN_2_004,dropdown,deterministic code fixture,Hinglish,clear,False,True,"[{""reason"": ""fit_too_small"", ""size_direction"": ""too_small"", ""evidence_quote"": ""shoulders squeeze karte hain""}]","[""fit"", ""size""]",Shoulder restriction states an undersized fit despite positive design comment.
return:SYN_R0210,DROPDOWN_2_005,dropdown,deterministic code fixture,Hinglish,clear,False,True,"[{""reason"": ""fit_too_small"", ""size_direction"": ""too_small"", ""evidence_quote"": ""Waist pe tight hai""}]","[""fit"", ""size""]",Waist tightness is a clear fit complaint.
return:SYN_R0211,DROPDOWN_2_006,dropdown,deterministic code fixture,Hindi,clear,False,True,"[{""reason"": ""fit_too_small"", ""size_direction"": ""too_small"", ""evidence_quote"": ""सीना बहुत तंग है""}]","[""fit"", ""size""]",Explicitly tight chest fit; color praise is unrelated.
return:SYN_R0212,DROPDOWN_2_007,dropdown,deterministic code fixture,Hinglish,clear,False,True,"[{""reason"": ""fit_too_small"", ""size_direction"": ""too_small"", ""evidence_quote"": ""Waistband itna kas ke baithta hai""}]","[""fit"", ""size""]",A too-tight waistband is explicit.
return:SYN_R0213,DROPDOWN_2_008,dropdown,deterministic code fixture,Hinglish,clear,False,True,"[{""reason"": ""fit_too_small"", ""size_direction"": ""too_small"", ""evidence_quote"": ""shoulders squeeze karte hain""}]","[""fit"", ""size""]",Shoulder restriction states an undersized fit despite positive design comment.
return:SYN_R0214,DROPDOWN_2_009,dropdown,deterministic code fixture,Hinglish,clear,False,True,"[{""reason"": ""fit_too_small"", ""size_direction"": ""too_small"", ""evidence_quote"": ""Waist pe tight hai""}]","[""fit"", ""size""]",Waist tightness is a clear fit complaint.
return:SYN_R0215,DROPDOWN_2_010,dropdown,deterministic code fixture,Hindi,clear,False,True,"[{""reason"": ""fit_too_small"", ""size_direction"": ""too_small"", ""evidence_quote"": ""सीना बहुत तंग है""}]","[""fit"", ""size""]",Explicitly tight chest fit; color praise is unrelated.
return:SYN_R0216,DROPDOWN_2_011,dropdown,deterministic code fixture,Hinglish,clear,False,True,"[{""reason"": ""fit_too_small"", ""size_direction"": ""too_small"", ""evidence_quote"": ""Waistband itna kas ke baithta hai""}]","[""fit"", ""size""]",A too-tight waistband is explicit.
return:SYN_R0217,DROPDOWN_2_012,dropdown,deterministic code fixture,Hinglish,clear,False,True,"[{""reason"": ""fit_too_small"", ""size_direction"": ""too_small"", ""evidence_quote"": ""shoulders squeeze karte hain""}]","[""fit"", ""size""]",Shoulder restriction states an undersized fit despite positive design comment.
return:SYN_R0218,DROPDOWN_2_013,dropdown,deterministic code fixture,Hinglish,clear,False,True,"[{""reason"": ""fit_too_small"", ""size_direction"": ""too_small"", ""evidence_quote"": ""Waist pe tight hai""}]","[""fit"", ""size""]",Waist tightness is a clear fit complaint.
return:SYN_R0219,DROPDOWN_2_014,dropdown,deterministic code fixture,Hindi,clear,False,True,"[{""reason"": ""fit_too_small"", ""size_direction"": ""too_small"", ""evidence_quote"": ""सीना बहुत तंग है""}]","[""fit"", ""size""]",Explicitly tight chest fit; color praise is unrelated.
return:SYN_R0220,DROPDOWN_2_015,dropdown,deterministic code fixture,Hinglish,clear,False,True,"[{""reason"": ""fit_too_small"", ""size_direction"": ""too_small"", ""evidence_quote"": ""Waistband itna kas ke baithta hai""}]","[""fit"", ""size""]",A too-tight waistband is explicit.
return:SYN_R0221,DROPDOWN_2_016,dropdown,deterministic code fixture,Hinglish,clear,False,True,"[{""reason"": ""fit_too_small"", ""size_direction"": ""too_small"", ""evidence_quote"": ""shoulders squeeze karte hain""}]","[""fit"", ""size""]",Shoulder restriction states an undersized fit despite positive design comment.
return:SYN_R0222,DROPDOWN_2_017,dropdown,deterministic code fixture,Hinglish,clear,False,True,"[{""reason"": ""fit_too_small"", ""size_direction"": ""too_small"", ""evidence_quote"": ""Waist pe tight hai""}]","[""fit"", ""size""]",Waist tightness is a clear fit complaint.
return:SYN_R0223,DROPDOWN_2_018,dropdown,deterministic code fixture,Hindi,clear,False,True,"[{""reason"": ""fit_too_small"", ""size_direction"": ""too_small"", ""evidence_quote"": ""सीना बहुत तंग है""}]","[""fit"", ""size""]",Explicitly tight chest fit; color praise is unrelated.
return:SYN_R0224,DROPDOWN_2_019,dropdown,deterministic code fixture,Hinglish,clear,False,True,"[{""reason"": ""fit_too_small"", ""size_direction"": ""too_small"", ""evidence_quote"": ""Waistband itna kas ke baithta hai""}]","[""fit"", ""size""]",A too-tight waistband is explicit.
return:SYN_R0225,DROPDOWN_2_020,dropdown,deterministic code fixture,Hinglish,clear,False,True,"[{""reason"": ""fit_too_small"", ""size_direction"": ""too_small"", ""evidence_quote"": ""shoulders squeeze karte hain""}]","[""fit"", ""size""]",Shoulder restriction states an undersized fit despite positive design comment.
return:SYN_R0226,DROPDOWN_2_021,dropdown,deterministic code fixture,Hinglish,clear,False,True,"[{""reason"": ""fit_too_small"", ""size_direction"": ""too_small"", ""evidence_quote"": ""Waist pe tight hai""}]","[""fit"", ""size""]",Waist tightness is a clear fit complaint.
return:SYN_R0227,DROPDOWN_2_022,dropdown,deterministic code fixture,Hindi,clear,False,True,"[{""reason"": ""fit_too_small"", ""size_direction"": ""too_small"", ""evidence_quote"": ""सीना बहुत तंग है""}]","[""fit"", ""size""]",Explicitly tight chest fit; color praise is unrelated.
return:SYN_R0228,DROPDOWN_2_023,dropdown,deterministic code fixture,Hinglish,clear,False,True,"[{""reason"": ""fit_too_small"", ""size_direction"": ""too_small"", ""evidence_quote"": ""Waistband itna kas ke baithta hai""}]","[""fit"", ""size""]",A too-tight waistband is explicit.
return:SYN_R0229,DROPDOWN_2_024,dropdown,deterministic code fixture,Hinglish,clear,False,True,"[{""reason"": ""fit_too_small"", ""size_direction"": ""too_small"", ""evidence_quote"": ""shoulders squeeze karte hain""}]","[""fit"", ""size""]",Shoulder restriction states an undersized fit despite positive design comment.
return:SYN_R0230,DROPDOWN_2_025,dropdown,deterministic code fixture,Hinglish,clear,False,True,"[{""reason"": ""fit_too_small"", ""size_direction"": ""too_small"", ""evidence_quote"": ""Waist pe tight hai""}]","[""fit"", ""size""]",Waist tightness is a clear fit complaint.
return:SYN_R0231,DROPDOWN_2_026,dropdown,deterministic code fixture,Hindi,clear,False,True,"[{""reason"": ""fit_too_small"", ""size_direction"": ""too_small"", ""evidence_quote"": ""सीना बहुत तंग है""}]","[""fit"", ""size""]",Explicitly tight chest fit; color praise is unrelated.
return:SYN_R0232,DROPDOWN_2_027,dropdown,deterministic code fixture,Hinglish,clear,False,True,"[{""reason"": ""fit_too_small"", ""size_direction"": ""too_small"", ""evidence_quote"": ""Waistband itna kas ke baithta hai""}]","[""fit"", ""size""]",A too-tight waistband is explicit.
return:SYN_R0233,DROPDOWN_2_028,dropdown,deterministic code fixture,Hinglish,clear,False,True,"[{""reason"": ""fit_too_small"", ""size_direction"": ""too_small"", ""evidence_quote"": ""shoulders squeeze karte hain""}]","[""fit"", ""size""]",Shoulder restriction states an undersized fit despite positive design comment.
return:SYN_R0234,DROPDOWN_2_029,dropdown,deterministic code fixture,Hinglish,clear,False,True,"[{""reason"": ""fit_too_small"", ""size_direction"": ""too_small"", ""evidence_quote"": ""Waist pe tight hai""}]","[""fit"", ""size""]",Waist tightness is a clear fit complaint.
return:SYN_R0235,DROPDOWN_3_000,dropdown,deterministic code fixture,Hindi,clear,False,True,"[{""reason"": ""fit_too_large"", ""size_direction"": ""too_large"", ""evidence_quote"": ""कंधों से बहुत ढीला है""}]","[""fit"", ""size""]",Shoulders are explicitly loose.
return:SYN_R0236,DROPDOWN_3_001,dropdown,deterministic code fixture,Hinglish,clear,False,True,"[{""reason"": ""fit_too_large"", ""size_direction"": ""too_large"", ""evidence_quote"": ""waist dono extra loose hain""}]","[""fit"", ""size""]",Explicitly oversized waist and crotch area.
return:SYN_R0237,DROPDOWN_3_002,dropdown,deterministic code fixture,Hinglish,clear,False,True,"[{""reason"": ""fit_too_large"", ""size_direction"": ""too_large"", ""evidence_quote"": ""chest pe extra space""}]","[""fit"", ""size""]",Extra chest space and need to size down indicate oversized fit.
return:SYN_R0238,DROPDOWN_3_003,dropdown,deterministic code fixture,Hindi,clear,False,True,"[{""reason"": ""fit_too_large"", ""size_direction"": ""too_large"", ""evidence_quote"": ""कमर पर इतनी ढीली है""}]","[""fit"", ""size""]",Loose waistband is explicit.
return:SYN_R0239,DROPDOWN_3_004,dropdown,deterministic code fixture,Hindi,clear,False,True,"[{""reason"": ""fit_too_large"", ""size_direction"": ""too_large"", ""evidence_quote"": ""कंधों से बहुत ढीला है""}]","[""fit"", ""size""]",Shoulders are explicitly loose.
return:SYN_R0240,DROPDOWN_3_005,dropdown,deterministic code fixture,Hinglish,clear,False,True,"[{""reason"": ""fit_too_large"", ""size_direction"": ""too_large"", ""evidence_quote"": ""waist dono extra loose hain""}]","[""fit"", ""size""]",Explicitly oversized waist and crotch area.
return:SYN_R0241,DROPDOWN_3_006,dropdown,deterministic code fixture,Hinglish,clear,False,True,"[{""reason"": ""fit_too_large"", ""size_direction"": ""too_large"", ""evidence_quote"": ""chest pe extra space""}]","[""fit"", ""size""]",Extra chest space and need to size down indicate oversized fit.
return:SYN_R0242,DROPDOWN_3_007,dropdown,deterministic code fixture,Hindi,clear,False,True,"[{""reason"": ""fit_too_large"", ""size_direction"": ""too_large"", ""evidence_quote"": ""कमर पर इतनी ढीली है""}]","[""fit"", ""size""]",Loose waistband is explicit.
return:SYN_R0243,DROPDOWN_3_008,dropdown,deterministic code fixture,Hindi,clear,False,True,"[{""reason"": ""fit_too_large"", ""size_direction"": ""too_large"", ""evidence_quote"": ""कंधों से बहुत ढीला है""}]","[""fit"", ""size""]",Shoulders are explicitly loose.
return:SYN_R0244,DROPDOWN_3_009,dropdown,deterministic code fixture,Hinglish,clear,False,True,"[{""reason"": ""fit_too_large"", ""size_direction"": ""too_large"", ""evidence_quote"": ""waist dono extra loose hain""}]","[""fit"", ""size""]",Explicitly oversized waist and crotch area.
return:SYN_R0245,DROPDOWN_3_010,dropdown,deterministic code fixture,Hinglish,clear,False,True,"[{""reason"": ""fit_too_large"", ""size_direction"": ""too_large"", ""evidence_quote"": ""chest pe extra space""}]","[""fit"", ""size""]",Extra chest space and need to size down indicate oversized fit.
return:SYN_R0246,DROPDOWN_3_011,dropdown,deterministic code fixture,Hindi,clear,False,True,"[{""reason"": ""fit_too_large"", ""size_direction"": ""too_large"", ""evidence_quote"": ""कमर पर इतनी ढीली है""}]","[""fit"", ""size""]",Loose waistband is explicit.
return:SYN_R0247,DROPDOWN_3_012,dropdown,deterministic code fixture,Hindi,clear,False,True,"[{""reason"": ""fit_too_large"", ""size_direction"": ""too_large"", ""evidence_quote"": ""कंधों से बहुत ढीला है""}]","[""fit"", ""size""]",Shoulders are explicitly loose.
return:SYN_R0248,DROPDOWN_3_013,dropdown,deterministic code fixture,Hinglish,clear,False,True,"[{""reason"": ""fit_too_large"", ""size_direction"": ""too_large"", ""evidence_quote"": ""waist dono extra loose hain""}]","[""fit"", ""size""]",Explicitly oversized waist and crotch area.
return:SYN_R0249,DROPDOWN_3_014,dropdown,deterministic code fixture,Hinglish,clear,False,True,"[{""reason"": ""fit_too_large"", ""size_direction"": ""too_large"", ""evidence_quote"": ""chest pe extra space""}]","[""fit"", ""size""]",Extra chest space and need to size down indicate oversized fit.
return:SYN_R0250,DROPDOWN_3_015,dropdown,deterministic code fixture,Hindi,clear,False,True,"[{""reason"": ""fit_too_large"", ""size_direction"": ""too_large"", ""evidence_quote"": ""कमर पर इतनी ढीली है""}]","[""fit"", ""size""]",Loose waistband is explicit.
return:SYN_R0251,DROPDOWN_3_016,dropdown,deterministic code fixture,Hindi,clear,False,True,"[{""reason"": ""fit_too_large"", ""size_direction"": ""too_large"", ""evidence_quote"": ""कंधों से बहुत ढीला है""}]","[""fit"", ""size""]",Shoulders are explicitly loose.
return:SYN_R0252,DROPDOWN_3_017,dropdown,deterministic code fixture,Hinglish,clear,False,True,"[{""reason"": ""fit_too_large"", ""size_direction"": ""too_large"", ""evidence_quote"": ""waist dono extra loose hain""}]","[""fit"", ""size""]",Explicitly oversized waist and crotch area.
return:SYN_R0253,DROPDOWN_3_018,dropdown,deterministic code fixture,Hinglish,clear,False,True,"[{""reason"": ""fit_too_large"", ""size_direction"": ""too_large"", ""evidence_quote"": ""chest pe extra space""}]","[""fit"", ""size""]",Extra chest space and need to size down indicate oversized fit.
return:SYN_R0254,DROPDOWN_3_019,dropdown,deterministic code fixture,Hindi,clear,False,True,"[{""reason"": ""fit_too_large"", ""size_direction"": ""too_large"", ""evidence_quote"": ""कमर पर इतनी ढीली है""}]","[""fit"", ""size""]",Loose waistband is explicit.
return:SYN_R0255,DROPDOWN_3_020,dropdown,deterministic code fixture,Hindi,clear,False,True,"[{""reason"": ""fit_too_large"", ""size_direction"": ""too_large"", ""evidence_quote"": ""कंधों से बहुत ढीला है""}]","[""fit"", ""size""]",Shoulders are explicitly loose.
return:SYN_R0256,DROPDOWN_3_021,dropdown,deterministic code fixture,Hinglish,clear,False,True,"[{""reason"": ""fit_too_large"", ""size_direction"": ""too_large"", ""evidence_quote"": ""waist dono extra loose hain""}]","[""fit"", ""size""]",Explicitly oversized waist and crotch area.
return:SYN_R0257,DROPDOWN_3_022,dropdown,deterministic code fixture,Hinglish,clear,False,True,"[{""reason"": ""fit_too_large"", ""size_direction"": ""too_large"", ""evidence_quote"": ""chest pe extra space""}]","[""fit"", ""size""]",Extra chest space and need to size down indicate oversized fit.
return:SYN_R0258,DROPDOWN_3_023,dropdown,deterministic code fixture,Hindi,clear,False,True,"[{""reason"": ""fit_too_large"", ""size_direction"": ""too_large"", ""evidence_quote"": ""कमर पर इतनी ढीली है""}]","[""fit"", ""size""]",Loose waistband is explicit.
return:SYN_R0259,DROPDOWN_3_024,dropdown,deterministic code fixture,Hindi,clear,False,True,"[{""reason"": ""fit_too_large"", ""size_direction"": ""too_large"", ""evidence_quote"": ""कंधों से बहुत ढीला है""}]","[""fit"", ""size""]",Shoulders are explicitly loose.
return:SYN_R0260,DROPDOWN_3_025,dropdown,deterministic code fixture,Hinglish,clear,False,True,"[{""reason"": ""fit_too_large"", ""size_direction"": ""too_large"", ""evidence_quote"": ""waist dono extra loose hain""}]","[""fit"", ""size""]",Explicitly oversized waist and crotch area.
return:SYN_R0261,DROPDOWN_3_026,dropdown,deterministic code fixture,Hinglish,clear,False,True,"[{""reason"": ""fit_too_large"", ""size_direction"": ""too_large"", ""evidence_quote"": ""chest pe extra space""}]","[""fit"", ""size""]",Extra chest space and need to size down indicate oversized fit.
return:SYN_R0262,DROPDOWN_3_027,dropdown,deterministic code fixture,Hindi,clear,False,True,"[{""reason"": ""fit_too_large"", ""size_direction"": ""too_large"", ""evidence_quote"": ""कमर पर इतनी ढीली है""}]","[""fit"", ""size""]",Loose waistband is explicit.
return:SYN_R0263,DROPDOWN_3_028,dropdown,deterministic code fixture,Hindi,clear,False,True,"[{""reason"": ""fit_too_large"", ""size_direction"": ""too_large"", ""evidence_quote"": ""कंधों से बहुत ढीला है""}]","[""fit"", ""size""]",Shoulders are explicitly loose.
return:SYN_R0264,DROPDOWN_3_029,dropdown,deterministic code fixture,Hinglish,clear,False,True,"[{""reason"": ""fit_too_large"", ""size_direction"": ""too_large"", ""evidence_quote"": ""waist dono extra loose hain""}]","[""fit"", ""size""]",Explicitly oversized waist and crotch area.
return:SYN_R0265,DROPDOWN_3_030,dropdown,deterministic code fixture,Hinglish,clear,False,True,"[{""reason"": ""fit_too_large"", ""size_direction"": ""too_large"", ""evidence_quote"": ""chest pe extra space""}]","[""fit"", ""size""]",Extra chest space and need to size down indicate oversized fit.
return:SYN_R0266,DROPDOWN_3_031,dropdown,deterministic code fixture,Hindi,clear,False,True,"[{""reason"": ""fit_too_large"", ""size_direction"": ""too_large"", ""evidence_quote"": ""कमर पर इतनी ढीली है""}]","[""fit"", ""size""]",Loose waistband is explicit.
return:SYN_R0267,DROPDOWN_3_032,dropdown,deterministic code fixture,Hindi,clear,False,True,"[{""reason"": ""fit_too_large"", ""size_direction"": ""too_large"", ""evidence_quote"": ""कंधों से बहुत ढीला है""}]","[""fit"", ""size""]",Shoulders are explicitly loose.
return:SYN_R0268,DROPDOWN_3_033,dropdown,deterministic code fixture,Hinglish,clear,False,True,"[{""reason"": ""fit_too_large"", ""size_direction"": ""too_large"", ""evidence_quote"": ""waist dono extra loose hain""}]","[""fit"", ""size""]",Explicitly oversized waist and crotch area.
return:SYN_R0269,DROPDOWN_3_034,dropdown,deterministic code fixture,Hinglish,clear,False,True,"[{""reason"": ""fit_too_large"", ""size_direction"": ""too_large"", ""evidence_quote"": ""chest pe extra space""}]","[""fit"", ""size""]",Extra chest space and need to size down indicate oversized fit.
return:SYN_R0270,DROPDOWN_3_035,dropdown,deterministic code fixture,Hindi,clear,False,True,"[{""reason"": ""fit_too_large"", ""size_direction"": ""too_large"", ""evidence_quote"": ""कमर पर इतनी ढीली है""}]","[""fit"", ""size""]",Loose waistband is explicit.
return:SYN_R0271,DROPDOWN_3_036,dropdown,deterministic code fixture,Hindi,clear,False,True,"[{""reason"": ""fit_too_large"", ""size_direction"": ""too_large"", ""evidence_quote"": ""कंधों से बहुत ढीला है""}]","[""fit"", ""size""]",Shoulders are explicitly loose.
return:SYN_R0272,DROPDOWN_3_037,dropdown,deterministic code fixture,Hinglish,clear,False,True,"[{""reason"": ""fit_too_large"", ""size_direction"": ""too_large"", ""evidence_quote"": ""waist dono extra loose hain""}]","[""fit"", ""size""]",Explicitly oversized waist and crotch area.
return:SYN_R0273,DROPDOWN_3_038,dropdown,deterministic code fixture,Hinglish,clear,False,True,"[{""reason"": ""fit_too_large"", ""size_direction"": ""too_large"", ""evidence_quote"": ""chest pe extra space""}]","[""fit"", ""size""]",Extra chest space and need to size down indicate oversized fit.
return:SYN_R0274,DROPDOWN_3_039,dropdown,deterministic code fixture,Hindi,clear,False,True,"[{""reason"": ""fit_too_large"", ""size_direction"": ""too_large"", ""evidence_quote"": ""कमर पर इतनी ढीली है""}]","[""fit"", ""size""]",Loose waistband is explicit.
return:SYN_R0275,DROPDOWN_3_040,dropdown,deterministic code fixture,Hindi,clear,False,True,"[{""reason"": ""fit_too_large"", ""size_direction"": ""too_large"", ""evidence_quote"": ""कंधों से बहुत ढीला है""}]","[""fit"", ""size""]",Shoulders are explicitly loose.
return:SYN_R0276,DROPDOWN_3_041,dropdown,deterministic code fixture,Hinglish,clear,False,True,"[{""reason"": ""fit_too_large"", ""size_direction"": ""too_large"", ""evidence_quote"": ""waist dono extra loose hain""}]","[""fit"", ""size""]",Explicitly oversized waist and crotch area.
return:SYN_R0277,DROPDOWN_3_042,dropdown,deterministic code fixture,Hinglish,clear,False,True,"[{""reason"": ""fit_too_large"", ""size_direction"": ""too_large"", ""evidence_quote"": ""chest pe extra space""}]","[""fit"", ""size""]",Extra chest space and need to size down indicate oversized fit.
return:SYN_R0278,DROPDOWN_3_043,dropdown,deterministic code fixture,Hindi,clear,False,True,"[{""reason"": ""fit_too_large"", ""size_direction"": ""too_large"", ""evidence_quote"": ""कमर पर इतनी ढीली है""}]","[""fit"", ""size""]",Loose waistband is explicit.
return:SYN_R0279,DROPDOWN_3_044,dropdown,deterministic code fixture,Hindi,clear,False,True,"[{""reason"": ""fit_too_large"", ""size_direction"": ""too_large"", ""evidence_quote"": ""कंधों से बहुत ढीला है""}]","[""fit"", ""size""]",Shoulders are explicitly loose.
return:SYN_R0280,DROPDOWN_3_045,dropdown,deterministic code fixture,Hinglish,clear,False,True,"[{""reason"": ""fit_too_large"", ""size_direction"": ""too_large"", ""evidence_quote"": ""waist dono extra loose hain""}]","[""fit"", ""size""]",Explicitly oversized waist and crotch area.
return:SYN_R0281,DROPDOWN_3_046,dropdown,deterministic code fixture,Hinglish,clear,False,True,"[{""reason"": ""fit_too_large"", ""size_direction"": ""too_large"", ""evidence_quote"": ""chest pe extra space""}]","[""fit"", ""size""]",Extra chest space and need to size down indicate oversized fit.
return:SYN_R0282,DROPDOWN_3_047,dropdown,deterministic code fixture,Hindi,clear,False,True,"[{""reason"": ""fit_too_large"", ""size_direction"": ""too_large"", ""evidence_quote"": ""कमर पर इतनी ढीली है""}]","[""fit"", ""size""]",Loose waistband is explicit.
return:SYN_R0283,DROPDOWN_3_048,dropdown,deterministic code fixture,Hindi,clear,False,True,"[{""reason"": ""fit_too_large"", ""size_direction"": ""too_large"", ""evidence_quote"": ""कंधों से बहुत ढीला है""}]","[""fit"", ""size""]",Shoulders are explicitly loose.
return:SYN_R0284,DROPDOWN_3_049,dropdown,deterministic code fixture,Hinglish,clear,False,True,"[{""reason"": ""fit_too_large"", ""size_direction"": ""too_large"", ""evidence_quote"": ""waist dono extra loose hain""}]","[""fit"", ""size""]",Explicitly oversized waist and crotch area.
return:SYN_R0285,DROPDOWN_3_050,dropdown,deterministic code fixture,Hinglish,clear,False,True,"[{""reason"": ""fit_too_large"", ""size_direction"": ""too_large"", ""evidence_quote"": ""chest pe extra space""}]","[""fit"", ""size""]",Extra chest space and need to size down indicate oversized fit.
return:SYN_R0286,DROPDOWN_3_051,dropdown,deterministic code fixture,Hindi,clear,False,True,"[{""reason"": ""fit_too_large"", ""size_direction"": ""too_large"", ""evidence_quote"": ""कमर पर इतनी ढीली है""}]","[""fit"", ""size""]",Loose waistband is explicit.
return:SYN_R0287,DROPDOWN_3_052,dropdown,deterministic code fixture,Hindi,clear,False,True,"[{""reason"": ""fit_too_large"", ""size_direction"": ""too_large"", ""evidence_quote"": ""कंधों से बहुत ढीला है""}]","[""fit"", ""size""]",Shoulders are explicitly loose.
return:SYN_R0288,DROPDOWN_3_053,dropdown,deterministic code fixture,Hinglish,clear,False,True,"[{""reason"": ""fit_too_large"", ""size_direction"": ""too_large"", ""evidence_quote"": ""waist dono extra loose hain""}]","[""fit"", ""size""]",Explicitly oversized waist and crotch area.
return:SYN_R0289,DROPDOWN_3_054,dropdown,deterministic code fixture,Hinglish,clear,False,True,"[{""reason"": ""fit_too_large"", ""size_direction"": ""too_large"", ""evidence_quote"": ""chest pe extra space""}]","[""fit"", ""size""]",Extra chest space and need to size down indicate oversized fit.
return:SYN_R0290,DROPDOWN_3_055,dropdown,deterministic code fixture,Hindi,clear,False,True,"[{""reason"": ""fit_too_large"", ""size_direction"": ""too_large"", ""evidence_quote"": ""कमर पर इतनी ढीली है""}]","[""fit"", ""size""]",Loose waistband is explicit.
return:SYN_R0291,DROPDOWN_3_056,dropdown,deterministic code fixture,Hindi,clear,False,True,"[{""reason"": ""fit_too_large"", ""size_direction"": ""too_large"", ""evidence_quote"": ""कंधों से बहुत ढीला है""}]","[""fit"", ""size""]",Shoulders are explicitly loose.
return:SYN_R0292,DROPDOWN_3_057,dropdown,deterministic code fixture,Hinglish,clear,False,True,"[{""reason"": ""fit_too_large"", ""size_direction"": ""too_large"", ""evidence_quote"": ""waist dono extra loose hain""}]","[""fit"", ""size""]",Explicitly oversized waist and crotch area.
return:SYN_R0293,DROPDOWN_3_058,dropdown,deterministic code fixture,Hinglish,clear,False,True,"[{""reason"": ""fit_too_large"", ""size_direction"": ""too_large"", ""evidence_quote"": ""chest pe extra space""}]","[""fit"", ""size""]",Extra chest space and need to size down indicate oversized fit.
return:SYN_R0294,DROPDOWN_3_059,dropdown,deterministic code fixture,Hindi,clear,False,True,"[{""reason"": ""fit_too_large"", ""size_direction"": ""too_large"", ""evidence_quote"": ""कमर पर इतनी ढीली है""}]","[""fit"", ""size""]",Loose waistband is explicit.
return:SYN_R0295,DROPDOWN_3_060,dropdown,deterministic code fixture,Hindi,clear,False,True,"[{""reason"": ""fit_too_large"", ""size_direction"": ""too_large"", ""evidence_quote"": ""कंधों से बहुत ढीला है""}]","[""fit"", ""size""]",Shoulders are explicitly loose.
return:SYN_R0296,DROPDOWN_3_061,dropdown,deterministic code fixture,Hinglish,clear,False,True,"[{""reason"": ""fit_too_large"", ""size_direction"": ""too_large"", ""evidence_quote"": ""waist dono extra loose hain""}]","[""fit"", ""size""]",Explicitly oversized waist and crotch area.
return:SYN_R0297,DROPDOWN_3_062,dropdown,deterministic code fixture,Hinglish,clear,False,True,"[{""reason"": ""fit_too_large"", ""size_direction"": ""too_large"", ""evidence_quote"": ""chest pe extra space""}]","[""fit"", ""size""]",Extra chest space and need to size down indicate oversized fit.
return:SYN_R0298,DROPDOWN_3_063,dropdown,deterministic code fixture,Hindi,clear,False,True,"[{""reason"": ""fit_too_large"", ""size_direction"": ""too_large"", ""evidence_quote"": ""कमर पर इतनी ढीली है""}]","[""fit"", ""size""]",Loose waistband is explicit.
return:SYN_R0299,DROPDOWN_3_064,dropdown,deterministic code fixture,Hindi,clear,False,True,"[{""reason"": ""fit_too_large"", ""size_direction"": ""too_large"", ""evidence_quote"": ""कंधों से बहुत ढीला है""}]","[""fit"", ""size""]",Shoulders are explicitly loose.
return:SYN_R0300,DROPDOWN_3_065,dropdown,deterministic code fixture,Hinglish,clear,False,True,"[{""reason"": ""fit_too_large"", ""size_direction"": ""too_large"", ""evidence_quote"": ""waist dono extra loose hain""}]","[""fit"", ""size""]",Explicitly oversized waist and crotch area.
return:SYN_R0301,DROPDOWN_3_066,dropdown,deterministic code fixture,Hinglish,clear,False,True,"[{""reason"": ""fit_too_large"", ""size_direction"": ""too_large"", ""evidence_quote"": ""chest pe extra space""}]","[""fit"", ""size""]",Extra chest space and need to size down indicate oversized fit.
return:SYN_R0302,DROPDOWN_3_067,dropdown,deterministic code fixture,Hindi,clear,False,True,"[{""reason"": ""fit_too_large"", ""size_direction"": ""too_large"", ""evidence_quote"": ""कमर पर इतनी ढीली है""}]","[""fit"", ""size""]",Loose waistband is explicit.
return:SYN_R0303,DROPDOWN_3_068,dropdown,deterministic code fixture,Hindi,clear,False,True,"[{""reason"": ""fit_too_large"", ""size_direction"": ""too_large"", ""evidence_quote"": ""कंधों से बहुत ढीला है""}]","[""fit"", ""size""]",Shoulders are explicitly loose.
return:SYN_R0304,DROPDOWN_3_069,dropdown,deterministic code fixture,Hinglish,clear,False,True,"[{""reason"": ""fit_too_large"", ""size_direction"": ""too_large"", ""evidence_quote"": ""waist dono extra loose hain""}]","[""fit"", ""size""]",Explicitly oversized waist and crotch area.
return:SYN_R0305,DROPDOWN_3_070,dropdown,deterministic code fixture,Hinglish,clear,False,True,"[{""reason"": ""fit_too_large"", ""size_direction"": ""too_large"", ""evidence_quote"": ""chest pe extra space""}]","[""fit"", ""size""]",Extra chest space and need to size down indicate oversized fit.
return:SYN_R0306,DROPDOWN_3_071,dropdown,deterministic code fixture,Hindi,clear,False,True,"[{""reason"": ""fit_too_large"", ""size_direction"": ""too_large"", ""evidence_quote"": ""कमर पर इतनी ढीली है""}]","[""fit"", ""size""]",Loose waistband is explicit.
return:SYN_R0307,DROPDOWN_3_072,dropdown,deterministic code fixture,Hindi,clear,False,True,"[{""reason"": ""fit_too_large"", ""size_direction"": ""too_large"", ""evidence_quote"": ""कंधों से बहुत ढीला है""}]","[""fit"", ""size""]",Shoulders are explicitly loose.
return:SYN_R0308,DROPDOWN_3_073,dropdown,deterministic code fixture,Hinglish,clear,False,True,"[{""reason"": ""fit_too_large"", ""size_direction"": ""too_large"", ""evidence_quote"": ""waist dono extra loose hain""}]","[""fit"", ""size""]",Explicitly oversized waist and crotch area.
return:SYN_R0309,DROPDOWN_3_074,dropdown,deterministic code fixture,Hinglish,clear,False,True,"[{""reason"": ""fit_too_large"", ""size_direction"": ""too_large"", ""evidence_quote"": ""chest pe extra space""}]","[""fit"", ""size""]",Extra chest space and need to size down indicate oversized fit.
return:SYN_R0310,DROPDOWN_3_075,dropdown,deterministic code fixture,Hindi,clear,False,True,"[{""reason"": ""fit_too_large"", ""size_direction"": ""too_large"", ""evidence_quote"": ""कमर पर इतनी ढीली है""}]","[""fit"", ""size""]",Loose waistband is explicit.
return:SYN_R0311,DROPDOWN_3_076,dropdown,deterministic code fixture,Hindi,clear,False,True,"[{""reason"": ""fit_too_large"", ""size_direction"": ""too_large"", ""evidence_quote"": ""कंधों से बहुत ढीला है""}]","[""fit"", ""size""]",Shoulders are explicitly loose.
return:SYN_R0312,DROPDOWN_3_077,dropdown,deterministic code fixture,Hinglish,clear,False,True,"[{""reason"": ""fit_too_large"", ""size_direction"": ""too_large"", ""evidence_quote"": ""waist dono extra loose hain""}]","[""fit"", ""size""]",Explicitly oversized waist and crotch area.
return:SYN_R0313,DROPDOWN_3_078,dropdown,deterministic code fixture,Hinglish,clear,False,True,"[{""reason"": ""fit_too_large"", ""size_direction"": ""too_large"", ""evidence_quote"": ""chest pe extra space""}]","[""fit"", ""size""]",Extra chest space and need to size down indicate oversized fit.
return:SYN_R0314,DROPDOWN_3_079,dropdown,deterministic code fixture,Hindi,clear,False,True,"[{""reason"": ""fit_too_large"", ""size_direction"": ""too_large"", ""evidence_quote"": ""कमर पर इतनी ढीली है""}]","[""fit"", ""size""]",Loose waistband is explicit.
return:SYN_R0315,DROPDOWN_3_080,dropdown,deterministic code fixture,Hindi,clear,False,True,"[{""reason"": ""fit_too_large"", ""size_direction"": ""too_large"", ""evidence_quote"": ""कंधों से बहुत ढीला है""}]","[""fit"", ""size""]",Shoulders are explicitly loose.
return:SYN_R0316,DROPDOWN_3_081,dropdown,deterministic code fixture,Hinglish,clear,False,True,"[{""reason"": ""fit_too_large"", ""size_direction"": ""too_large"", ""evidence_quote"": ""waist dono extra loose hain""}]","[""fit"", ""size""]",Explicitly oversized waist and crotch area.
return:SYN_R0317,DROPDOWN_3_082,dropdown,deterministic code fixture,Hinglish,clear,False,True,"[{""reason"": ""fit_too_large"", ""size_direction"": ""too_large"", ""evidence_quote"": ""chest pe extra space""}]","[""fit"", ""size""]",Extra chest space and need to size down indicate oversized fit.
return:SYN_R0318,DROPDOWN_3_083,dropdown,deterministic code fixture,Hindi,clear,False,True,"[{""reason"": ""fit_too_large"", ""size_direction"": ""too_large"", ""evidence_quote"": ""कमर पर इतनी ढीली है""}]","[""fit"", ""size""]",Loose waistband is explicit.
return:SYN_R0319,DROPDOWN_3_084,dropdown,deterministic code fixture,Hindi,clear,False,True,"[{""reason"": ""fit_too_large"", ""size_direction"": ""too_large"", ""evidence_quote"": ""कंधों से बहुत ढीला है""}]","[""fit"", ""size""]",Shoulders are explicitly loose.
return:SYN_R0320,DROPDOWN_3_085,dropdown,deterministic code fixture,Hinglish,clear,False,True,"[{""reason"": ""fit_too_large"", ""size_direction"": ""too_large"", ""evidence_quote"": ""waist dono extra loose hain""}]","[""fit"", ""size""]",Explicitly oversized waist and crotch area.
return:SYN_R0321,DROPDOWN_3_086,dropdown,deterministic code fixture,Hinglish,clear,False,True,"[{""reason"": ""fit_too_large"", ""size_direction"": ""too_large"", ""evidence_quote"": ""chest pe extra space""}]","[""fit"", ""size""]",Extra chest space and need to size down indicate oversized fit.
return:SYN_R0322,DROPDOWN_3_087,dropdown,deterministic code fixture,Hindi,clear,False,True,"[{""reason"": ""fit_too_large"", ""size_direction"": ""too_large"", ""evidence_quote"": ""कमर पर इतनी ढीली है""}]","[""fit"", ""size""]",Loose waistband is explicit.
return:SYN_R0323,DROPDOWN_3_088,dropdown,deterministic code fixture,Hindi,clear,False,True,"[{""reason"": ""fit_too_large"", ""size_direction"": ""too_large"", ""evidence_quote"": ""कंधों से बहुत ढीला है""}]","[""fit"", ""size""]",Shoulders are explicitly loose.
return:SYN_R0324,DROPDOWN_3_089,dropdown,deterministic code fixture,Hinglish,clear,False,True,"[{""reason"": ""fit_too_large"", ""size_direction"": ""too_large"", ""evidence_quote"": ""waist dono extra loose hain""}]","[""fit"", ""size""]",Explicitly oversized waist and crotch area.
return:SYN_R0325,DROPDOWN_3_090,dropdown,deterministic code fixture,Hinglish,clear,False,True,"[{""reason"": ""fit_too_large"", ""size_direction"": ""too_large"", ""evidence_quote"": ""chest pe extra space""}]","[""fit"", ""size""]",Extra chest space and need to size down indicate oversized fit.
return:SYN_R0326,DROPDOWN_3_091,dropdown,deterministic code fixture,Hindi,clear,False,True,"[{""reason"": ""fit_too_large"", ""size_direction"": ""too_large"", ""evidence_quote"": ""कमर पर इतनी ढीली है""}]","[""fit"", ""size""]",Loose waistband is explicit.
return:SYN_R0327,DROPDOWN_3_092,dropdown,deterministic code fixture,Hindi,clear,False,True,"[{""reason"": ""fit_too_large"", ""size_direction"": ""too_large"", ""evidence_quote"": ""कंधों से बहुत ढीला है""}]","[""fit"", ""size""]",Shoulders are explicitly loose.
return:SYN_R0328,DROPDOWN_3_093,dropdown,deterministic code fixture,Hinglish,clear,False,True,"[{""reason"": ""fit_too_large"", ""size_direction"": ""too_large"", ""evidence_quote"": ""waist dono extra loose hain""}]","[""fit"", ""size""]",Explicitly oversized waist and crotch area.
return:SYN_R0329,DROPDOWN_3_094,dropdown,deterministic code fixture,Hinglish,clear,False,True,"[{""reason"": ""fit_too_large"", ""size_direction"": ""too_large"", ""evidence_quote"": ""chest pe extra space""}]","[""fit"", ""size""]",Extra chest space and need to size down indicate oversized fit.
return:SYN_R0330,DROPDOWN_3_095,dropdown,deterministic code fixture,Hindi,clear,False,True,"[{""reason"": ""fit_too_large"", ""size_direction"": ""too_large"", ""evidence_quote"": ""कमर पर इतनी ढीली है""}]","[""fit"", ""size""]",Loose waistband is explicit.
return:SYN_R0331,DROPDOWN_3_096,dropdown,deterministic code fixture,Hindi,clear,False,True,"[{""reason"": ""fit_too_large"", ""size_direction"": ""too_large"", ""evidence_quote"": ""कंधों से बहुत ढीला है""}]","[""fit"", ""size""]",Shoulders are explicitly loose.
return:SYN_R0332,DROPDOWN_3_097,dropdown,deterministic code fixture,Hinglish,clear,False,True,"[{""reason"": ""fit_too_large"", ""size_direction"": ""too_large"", ""evidence_quote"": ""waist dono extra loose hain""}]","[""fit"", ""size""]",Explicitly oversized waist and crotch area.
return:SYN_R0333,DROPDOWN_3_098,dropdown,deterministic code fixture,Hinglish,clear,False,True,"[{""reason"": ""fit_too_large"", ""size_direction"": ""too_large"", ""evidence_quote"": ""chest pe extra space""}]","[""fit"", ""size""]",Extra chest space and need to size down indicate oversized fit.
return:SYN_R0334,DROPDOWN_3_099,dropdown,deterministic code fixture,Hindi,clear,False,True,"[{""reason"": ""fit_too_large"", ""size_direction"": ""too_large"", ""evidence_quote"": ""कमर पर इतनी ढीली है""}]","[""fit"", ""size""]",Loose waistband is explicit.
return:SYN_R0335,DROPDOWN_3_100,dropdown,deterministic code fixture,Hindi,clear,False,True,"[{""reason"": ""fit_too_large"", ""size_direction"": ""too_large"", ""evidence_quote"": ""कंधों से बहुत ढीला है""}]","[""fit"", ""size""]",Shoulders are explicitly loose.
return:SYN_R0336,DROPDOWN_3_101,dropdown,deterministic code fixture,Hinglish,clear,False,True,"[{""reason"": ""fit_too_large"", ""size_direction"": ""too_large"", ""evidence_quote"": ""waist dono extra loose hain""}]","[""fit"", ""size""]",Explicitly oversized waist and crotch area.
return:SYN_R0337,DROPDOWN_3_102,dropdown,deterministic code fixture,Hinglish,clear,False,True,"[{""reason"": ""fit_too_large"", ""size_direction"": ""too_large"", ""evidence_quote"": ""chest pe extra space""}]","[""fit"", ""size""]",Extra chest space and need to size down indicate oversized fit.
return:SYN_R0338,DROPDOWN_3_103,dropdown,deterministic code fixture,Hindi,clear,False,True,"[{""reason"": ""fit_too_large"", ""size_direction"": ""too_large"", ""evidence_quote"": ""कमर पर इतनी ढीली है""}]","[""fit"", ""size""]",Loose waistband is explicit.
return:SYN_R0339,DROPDOWN_3_104,dropdown,deterministic code fixture,Hindi,clear,False,True,"[{""reason"": ""fit_too_large"", ""size_direction"": ""too_large"", ""evidence_quote"": ""कंधों से बहुत ढीला है""}]","[""fit"", ""size""]",Shoulders are explicitly loose.
return:SYN_R0340,DROPDOWN_3_105,dropdown,deterministic code fixture,Hinglish,clear,False,True,"[{""reason"": ""fit_too_large"", ""size_direction"": ""too_large"", ""evidence_quote"": ""waist dono extra loose hain""}]","[""fit"", ""size""]",Explicitly oversized waist and crotch area.
return:SYN_R0341,DROPDOWN_3_106,dropdown,deterministic code fixture,Hinglish,clear,False,True,"[{""reason"": ""fit_too_large"", ""size_direction"": ""too_large"", ""evidence_quote"": ""chest pe extra space""}]","[""fit"", ""size""]",Extra chest space and need to size down indicate oversized fit.
return:SYN_R0342,DROPDOWN_3_107,dropdown,deterministic code fixture,Hindi,clear,False,True,"[{""reason"": ""fit_too_large"", ""size_direction"": ""too_large"", ""evidence_quote"": ""कमर पर इतनी ढीली है""}]","[""fit"", ""size""]",Loose waistband is explicit.
return:SYN_R0343,DROPDOWN_3_108,dropdown,deterministic code fixture,Hindi,clear,False,True,"[{""reason"": ""fit_too_large"", ""size_direction"": ""too_large"", ""evidence_quote"": ""कंधों से बहुत ढीला है""}]","[""fit"", ""size""]",Shoulders are explicitly loose.
return:SYN_R0344,DROPDOWN_3_109,dropdown,deterministic code fixture,Hinglish,clear,False,True,"[{""reason"": ""fit_too_large"", ""size_direction"": ""too_large"", ""evidence_quote"": ""waist dono extra loose hain""}]","[""fit"", ""size""]",Explicitly oversized waist and crotch area.
return:SYN_R0345,DROPDOWN_3_110,dropdown,deterministic code fixture,Hinglish,clear,False,True,"[{""reason"": ""fit_too_large"", ""size_direction"": ""too_large"", ""evidence_quote"": ""chest pe extra space""}]","[""fit"", ""size""]",Extra chest space and need to size down indicate oversized fit.
return:SYN_R0346,DROPDOWN_3_111,dropdown,deterministic code fixture,Hindi,clear,False,True,"[{""reason"": ""fit_too_large"", ""size_direction"": ""too_large"", ""evidence_quote"": ""कमर पर इतनी ढीली है""}]","[""fit"", ""size""]",Loose waistband is explicit.
return:SYN_R0347,DROPDOWN_3_112,dropdown,deterministic code fixture,Hindi,clear,False,True,"[{""reason"": ""fit_too_large"", ""size_direction"": ""too_large"", ""evidence_quote"": ""कंधों से बहुत ढीला है""}]","[""fit"", ""size""]",Shoulders are explicitly loose.
return:SYN_R0348,DROPDOWN_3_113,dropdown,deterministic code fixture,Hinglish,clear,False,True,"[{""reason"": ""fit_too_large"", ""size_direction"": ""too_large"", ""evidence_quote"": ""waist dono extra loose hain""}]","[""fit"", ""size""]",Explicitly oversized waist and crotch area.
return:SYN_R0349,DROPDOWN_3_114,dropdown,deterministic code fixture,Hinglish,clear,False,True,"[{""reason"": ""fit_too_large"", ""size_direction"": ""too_large"", ""evidence_quote"": ""chest pe extra space""}]","[""fit"", ""size""]",Extra chest space and need to size down indicate oversized fit.
return:SYN_R0350,DROPDOWN_3_115,dropdown,deterministic code fixture,Hindi,clear,False,True,"[{""reason"": ""fit_too_large"", ""size_direction"": ""too_large"", ""evidence_quote"": ""कमर पर इतनी ढीली है""}]","[""fit"", ""size""]",Loose waistband is explicit.
return:SYN_R0351,DROPDOWN_3_116,dropdown,deterministic code fixture,Hindi,clear,False,True,"[{""reason"": ""fit_too_large"", ""size_direction"": ""too_large"", ""evidence_quote"": ""कंधों से बहुत ढीला है""}]","[""fit"", ""size""]",Shoulders are explicitly loose.
return:SYN_R0352,DROPDOWN_3_117,dropdown,deterministic code fixture,Hinglish,clear,False,True,"[{""reason"": ""fit_too_large"", ""size_direction"": ""too_large"", ""evidence_quote"": ""waist dono extra loose hain""}]","[""fit"", ""size""]",Explicitly oversized waist and crotch area.
return:SYN_R0353,DROPDOWN_3_118,dropdown,deterministic code fixture,Hinglish,clear,False,True,"[{""reason"": ""fit_too_large"", ""size_direction"": ""too_large"", ""evidence_quote"": ""chest pe extra space""}]","[""fit"", ""size""]",Extra chest space and need to size down indicate oversized fit.
return:SYN_R0354,DROPDOWN_3_119,dropdown,deterministic code fixture,Hindi,clear,False,True,"[{""reason"": ""fit_too_large"", ""size_direction"": ""too_large"", ""evidence_quote"": ""कमर पर इतनी ढीली है""}]","[""fit"", ""size""]",Loose waistband is explicit.
return:SYN_R0355,DROPDOWN_4_000,dropdown,deterministic code fixture,Hindi,clear,False,True,"[{""reason"": ""fit_too_large"", ""size_direction"": ""too_large"", ""evidence_quote"": ""कंधों से बहुत ढीला है""}]","[""fit"", ""size""]",Shoulders are explicitly loose.
return:SYN_R0356,DROPDOWN_4_001,dropdown,deterministic code fixture,Hinglish,clear,False,True,"[{""reason"": ""fit_too_large"", ""size_direction"": ""too_large"", ""evidence_quote"": ""waist dono extra loose hain""}]","[""fit"", ""size""]",Explicitly oversized waist and crotch area.
return:SYN_R0357,DROPDOWN_4_002,dropdown,deterministic code fixture,Hinglish,clear,False,True,"[{""reason"": ""fit_too_large"", ""size_direction"": ""too_large"", ""evidence_quote"": ""chest pe extra space""}]","[""fit"", ""size""]",Extra chest space and need to size down indicate oversized fit.
return:SYN_R0358,DROPDOWN_4_003,dropdown,deterministic code fixture,Hindi,clear,False,True,"[{""reason"": ""fit_too_large"", ""size_direction"": ""too_large"", ""evidence_quote"": ""कमर पर इतनी ढीली है""}]","[""fit"", ""size""]",Loose waistband is explicit.
return:SYN_R0359,DROPDOWN_4_004,dropdown,deterministic code fixture,Hindi,clear,False,True,"[{""reason"": ""fit_too_large"", ""size_direction"": ""too_large"", ""evidence_quote"": ""कंधों से बहुत ढीला है""}]","[""fit"", ""size""]",Shoulders are explicitly loose.
return:SYN_R0360,DROPDOWN_4_005,dropdown,deterministic code fixture,Hinglish,clear,False,True,"[{""reason"": ""fit_too_large"", ""size_direction"": ""too_large"", ""evidence_quote"": ""waist dono extra loose hain""}]","[""fit"", ""size""]",Explicitly oversized waist and crotch area.
return:SYN_R0361,DROPDOWN_4_006,dropdown,deterministic code fixture,Hinglish,clear,False,True,"[{""reason"": ""fit_too_large"", ""size_direction"": ""too_large"", ""evidence_quote"": ""chest pe extra space""}]","[""fit"", ""size""]",Extra chest space and need to size down indicate oversized fit.
return:SYN_R0362,DROPDOWN_4_007,dropdown,deterministic code fixture,Hindi,clear,False,True,"[{""reason"": ""fit_too_large"", ""size_direction"": ""too_large"", ""evidence_quote"": ""कमर पर इतनी ढीली है""}]","[""fit"", ""size""]",Loose waistband is explicit.
return:SYN_R0363,DROPDOWN_4_008,dropdown,deterministic code fixture,Hindi,clear,False,True,"[{""reason"": ""fit_too_large"", ""size_direction"": ""too_large"", ""evidence_quote"": ""कंधों से बहुत ढीला है""}]","[""fit"", ""size""]",Shoulders are explicitly loose.
return:SYN_R0364,DROPDOWN_4_009,dropdown,deterministic code fixture,Hinglish,clear,False,True,"[{""reason"": ""fit_too_large"", ""size_direction"": ""too_large"", ""evidence_quote"": ""waist dono extra loose hain""}]","[""fit"", ""size""]",Explicitly oversized waist and crotch area.
return:SYN_R0365,DROPDOWN_4_010,dropdown,deterministic code fixture,Hinglish,clear,False,True,"[{""reason"": ""fit_too_large"", ""size_direction"": ""too_large"", ""evidence_quote"": ""chest pe extra space""}]","[""fit"", ""size""]",Extra chest space and need to size down indicate oversized fit.
return:SYN_R0366,DROPDOWN_4_011,dropdown,deterministic code fixture,Hindi,clear,False,True,"[{""reason"": ""fit_too_large"", ""size_direction"": ""too_large"", ""evidence_quote"": ""कमर पर इतनी ढीली है""}]","[""fit"", ""size""]",Loose waistband is explicit.
return:SYN_R0367,DROPDOWN_4_012,dropdown,deterministic code fixture,Hindi,clear,False,True,"[{""reason"": ""fit_too_large"", ""size_direction"": ""too_large"", ""evidence_quote"": ""कंधों से बहुत ढीला है""}]","[""fit"", ""size""]",Shoulders are explicitly loose.
return:SYN_R0368,DROPDOWN_4_013,dropdown,deterministic code fixture,Hinglish,clear,False,True,"[{""reason"": ""fit_too_large"", ""size_direction"": ""too_large"", ""evidence_quote"": ""waist dono extra loose hain""}]","[""fit"", ""size""]",Explicitly oversized waist and crotch area.
return:SYN_R0369,DROPDOWN_4_014,dropdown,deterministic code fixture,Hinglish,clear,False,True,"[{""reason"": ""fit_too_large"", ""size_direction"": ""too_large"", ""evidence_quote"": ""chest pe extra space""}]","[""fit"", ""size""]",Extra chest space and need to size down indicate oversized fit.
return:SYN_R0370,DROPDOWN_4_015,dropdown,deterministic code fixture,Hindi,clear,False,True,"[{""reason"": ""fit_too_large"", ""size_direction"": ""too_large"", ""evidence_quote"": ""कमर पर इतनी ढीली है""}]","[""fit"", ""size""]",Loose waistband is explicit.
return:SYN_R0371,DROPDOWN_4_016,dropdown,deterministic code fixture,Hindi,clear,False,True,"[{""reason"": ""fit_too_large"", ""size_direction"": ""too_large"", ""evidence_quote"": ""कंधों से बहुत ढीला है""}]","[""fit"", ""size""]",Shoulders are explicitly loose.
return:SYN_R0372,DROPDOWN_4_017,dropdown,deterministic code fixture,Hinglish,clear,False,True,"[{""reason"": ""fit_too_large"", ""size_direction"": ""too_large"", ""evidence_quote"": ""waist dono extra loose hain""}]","[""fit"", ""size""]",Explicitly oversized waist and crotch area.
return:SYN_R0373,DROPDOWN_4_018,dropdown,deterministic code fixture,Hinglish,clear,False,True,"[{""reason"": ""fit_too_large"", ""size_direction"": ""too_large"", ""evidence_quote"": ""chest pe extra space""}]","[""fit"", ""size""]",Extra chest space and need to size down indicate oversized fit.
return:SYN_R0374,DROPDOWN_4_019,dropdown,deterministic code fixture,Hindi,clear,False,True,"[{""reason"": ""fit_too_large"", ""size_direction"": ""too_large"", ""evidence_quote"": ""कमर पर इतनी ढीली है""}]","[""fit"", ""size""]",Loose waistband is explicit.
return:SYN_R0375,DROPDOWN_4_020,dropdown,deterministic code fixture,Hindi,clear,False,True,"[{""reason"": ""fit_too_large"", ""size_direction"": ""too_large"", ""evidence_quote"": ""कंधों से बहुत ढीला है""}]","[""fit"", ""size""]",Shoulders are explicitly loose.
return:SYN_R0376,DROPDOWN_4_021,dropdown,deterministic code fixture,Hinglish,clear,False,True,"[{""reason"": ""fit_too_large"", ""size_direction"": ""too_large"", ""evidence_quote"": ""waist dono extra loose hain""}]","[""fit"", ""size""]",Explicitly oversized waist and crotch area.
return:SYN_R0377,DROPDOWN_4_022,dropdown,deterministic code fixture,Hinglish,clear,False,True,"[{""reason"": ""fit_too_large"", ""size_direction"": ""too_large"", ""evidence_quote"": ""chest pe extra space""}]","[""fit"", ""size""]",Extra chest space and need to size down indicate oversized fit.
return:SYN_R0378,DROPDOWN_4_023,dropdown,deterministic code fixture,Hindi,clear,False,True,"[{""reason"": ""fit_too_large"", ""size_direction"": ""too_large"", ""evidence_quote"": ""कमर पर इतनी ढीली है""}]","[""fit"", ""size""]",Loose waistband is explicit.
return:SYN_R0379,DROPDOWN_4_024,dropdown,deterministic code fixture,Hindi,clear,False,True,"[{""reason"": ""fit_too_large"", ""size_direction"": ""too_large"", ""evidence_quote"": ""कंधों से बहुत ढीला है""}]","[""fit"", ""size""]",Shoulders are explicitly loose.
return:SYN_R0380,DROPDOWN_4_025,dropdown,deterministic code fixture,Hinglish,clear,False,True,"[{""reason"": ""fit_too_large"", ""size_direction"": ""too_large"", ""evidence_quote"": ""waist dono extra loose hain""}]","[""fit"", ""size""]",Explicitly oversized waist and crotch area.
return:SYN_R0381,DROPDOWN_4_026,dropdown,deterministic code fixture,Hinglish,clear,False,True,"[{""reason"": ""fit_too_large"", ""size_direction"": ""too_large"", ""evidence_quote"": ""chest pe extra space""}]","[""fit"", ""size""]",Extra chest space and need to size down indicate oversized fit.
return:SYN_R0382,DROPDOWN_4_027,dropdown,deterministic code fixture,Hindi,clear,False,True,"[{""reason"": ""fit_too_large"", ""size_direction"": ""too_large"", ""evidence_quote"": ""कमर पर इतनी ढीली है""}]","[""fit"", ""size""]",Loose waistband is explicit.
return:SYN_R0383,DROPDOWN_4_028,dropdown,deterministic code fixture,Hindi,clear,False,True,"[{""reason"": ""fit_too_large"", ""size_direction"": ""too_large"", ""evidence_quote"": ""कंधों से बहुत ढीला है""}]","[""fit"", ""size""]",Shoulders are explicitly loose.
return:SYN_R0384,DROPDOWN_4_029,dropdown,deterministic code fixture,Hinglish,clear,False,True,"[{""reason"": ""fit_too_large"", ""size_direction"": ""too_large"", ""evidence_quote"": ""waist dono extra loose hain""}]","[""fit"", ""size""]",Explicitly oversized waist and crotch area.
return:SYN_R0385,DROPDOWN_BACKGROUND_000,dropdown,deterministic code fixture,Hinglish,clear,False,True,"[{""reason"": ""quality_defect"", ""size_direction"": ""none"", ""evidence_quote"": ""Stitching first wash ke baad khul gayi""}]","[""quality""]","A seam fails after washing, indicating a garment quality defect."
return:SYN_R0386,DROPDOWN_BACKGROUND_001,dropdown,deterministic code fixture,Hinglish,clear,False,True,"[{""reason"": ""colour_or_look_mismatch"", ""size_direction"": ""none"", ""evidence_quote"": ""shiny navy finish""}]","[""appearance"", ""colour""]",Appearance and color finish differ from the expected matte black.
return:SYN_R0387,DROPDOWN_BACKGROUND_002,dropdown,deterministic code fixture,English,clear,False,True,"[{""reason"": ""fabric_feel"", ""size_direction"": ""none"", ""evidence_quote"": ""transparent in daylight and much thinner""}]","[""fabric""]",Criticizes thinness and sheerness of material.
return:SYN_R0388,DROPDOWN_BACKGROUND_003,dropdown,deterministic code fixture,Hinglish,clear,False,True,"[{""reason"": ""wrong_or_missing_item"", ""size_direction"": ""unclear"", ""evidence_quote"": ""sirf 2 aaye; yellow wala missing hai""}]","[""logistics"", ""wrong_item""]",One ordered unit is explicitly missing.
return:SYN_R0389,DROPDOWN_BACKGROUND_004,dropdown,deterministic code fixture,Hindi,clear,False,True,"[{""reason"": ""damaged_in_transit"", ""size_direction"": ""none"", ""evidence_quote"": ""पार्सल का कोना फटा हुआ आया""}]","[""logistics"", ""transit_damage""]",Torn shipping parcel and cut sleeve point to transit damage.
return:SYN_R0390,DROPDOWN_BACKGROUND_005,dropdown,deterministic code fixture,Hindi,clear,False,True,"[{""reason"": ""delivery_delay"", ""size_direction"": ""none"", ""evidence_quote"": ""बारह दिन बाद आए""}]","[""logistics"", ""delay""]",Delivery arrived well after the promised two days.
return:SYN_R0391,DROPDOWN_BACKGROUND_006,dropdown,deterministic code fixture,English,clear,False,True,"[{""reason"": ""changed_mind"", ""size_direction"": ""none"", ""evidence_quote"": ""my preferred style changed""}]","[""other"", ""changed_mind""]",Explicit preference change and no product fault.
return:SYN_R0392,DROPDOWN_BACKGROUND_007,dropdown,deterministic code fixture,Hinglish,clear,False,True,"[{""reason"": ""quality_defect"", ""size_direction"": ""none"", ""evidence_quote"": ""buttonhole closed hi hai""}]","[""quality""]",A nonfunctional buttonhole is a manufacturing issue.
return:SYN_R0393,DROPDOWN_BACKGROUND_008,dropdown,deterministic code fixture,Hindi,clear,False,True,"[{""reason"": ""colour_or_look_mismatch"", ""size_direction"": ""none"", ""evidence_quote"": ""मिला हुआ टॉप चमकीला नारंगी है""}]","[""appearance"", ""colour""]",Delivered color is explicitly unlike the photographed pink.
return:SYN_R0394,DROPDOWN_BACKGROUND_009,dropdown,deterministic code fixture,English,clear,False,True,"[{""reason"": ""fabric_feel"", ""size_direction"": ""none"", ""evidence_quote"": ""feels unpleasantly coarse""}]","[""fabric""]",Coarse fabric feel is explicit; shedding is tied to the textile.
return:SYN_R0395,DROPDOWN_BACKGROUND_010,dropdown,deterministic code fixture,Hinglish,clear,False,True,"[{""reason"": ""wrong_or_missing_item"", ""size_direction"": ""unclear"", ""evidence_quote"": ""kisi aur customer ka kurta tha""}]","[""logistics"", ""wrong_item""]",A different customer's item arrived instead of the ordered item.
return:SYN_R0396,DROPDOWN_BACKGROUND_011,dropdown,deterministic code fixture,Hinglish,clear,False,True,"[{""reason"": ""damaged_in_transit"", ""size_direction"": ""none"", ""evidence_quote"": ""packing paper soggy tha""}]","[""logistics"", ""transit_damage""]",Wet packaging and stain indicate shipping damage.
return:SYN_R0397,DROPDOWN_BACKGROUND_012,dropdown,deterministic code fixture,Hinglish,clear,False,True,"[{""reason"": ""delivery_delay"", ""size_direction"": ""none"", ""evidence_quote"": ""delivery uske baad hui""}]","[""logistics"", ""delay""]",Delivery came after the occasion for which item was ordered.
return:SYN_R0398,DROPDOWN_BACKGROUND_013,dropdown,deterministic code fixture,English,clear,False,True,"[{""reason"": ""changed_mind"", ""size_direction"": ""none"", ""evidence_quote"": ""I no longer need the travel set""}]","[""other"", ""changed_mind""]",Trip cancellation removes need for the purchase.
return:SYN_R0399,DROPDOWN_BACKGROUND_014,dropdown,deterministic code fixture,Hinglish,clear,False,True,"[{""reason"": ""quality_defect"", ""size_direction"": ""none"", ""evidence_quote"": ""zipper jams halfway and the teeth split apart""}]","[""quality""]",Broken zipper is a product defect.
return:SYN_R0400,DROPDOWN_BACKGROUND_015,dropdown,deterministic code fixture,Hinglish,clear,False,True,"[{""reason"": ""colour_or_look_mismatch"", ""size_direction"": ""none"", ""evidence_quote"": ""shiny navy finish""}]","[""appearance"", ""colour""]",Appearance and color finish differ from the expected matte black.
return:SYN_R0401,DROPDOWN_BACKGROUND_016,dropdown,deterministic code fixture,Hindi,clear,False,True,"[{""reason"": ""fabric_feel"", ""size_direction"": ""none"", ""evidence_quote"": ""कपड़ा बहुत खुरदुरा है""}]","[""fabric""]","Explicitly rough, irritating fabric texture."
return:SYN_R0402,DROPDOWN_BACKGROUND_017,dropdown,deterministic code fixture,English,clear,False,True,"[{""reason"": ""wrong_or_missing_item"", ""size_direction"": ""unclear"", ""evidence_quote"": ""a men's shirt instead of the women's linen trousers""}]","[""logistics"", ""wrong_item""]","Different product was delivered, not a garment fit complaint."
return:SYN_R0403,DROPDOWN_BACKGROUND_018,dropdown,deterministic code fixture,Hindi,clear,False,True,"[{""reason"": ""damaged_in_transit"", ""size_direction"": ""none"", ""evidence_quote"": ""पार्सल का कोना फटा हुआ आया""}]","[""logistics"", ""transit_damage""]",Torn shipping parcel and cut sleeve point to transit damage.
return:SYN_R0404,DROPDOWN_BACKGROUND_019,dropdown,deterministic code fixture,Hindi,clear,False,True,"[{""reason"": ""delivery_delay"", ""size_direction"": ""none"", ""evidence_quote"": ""बारह दिन बाद आए""}]","[""logistics"", ""delay""]",Delivery arrived well after the promised two days.
return:SYN_R0405,DROPDOWN_BACKGROUND_020,dropdown,deterministic code fixture,Hinglish,clear,False,True,"[{""reason"": ""changed_mind"", ""size_direction"": ""none"", ""evidence_quote"": ""already bought the same kurta""}]","[""other"", ""changed_mind""]",Duplicate gift makes this purchase unnecessary.
return:SYN_R0406,DROPDOWN_BACKGROUND_021,dropdown,deterministic code fixture,Hinglish,clear,False,True,"[{""reason"": ""quality_defect"", ""size_direction"": ""none"", ""evidence_quote"": ""ek seam pehle wear mein hi khul gayi""}]","[""quality""]",Seam failure during first wear is a clear quality defect.
return:SYN_R0407,DROPDOWN_BACKGROUND_022,dropdown,deterministic code fixture,Hindi,clear,False,True,"[{""reason"": ""colour_or_look_mismatch"", ""size_direction"": ""none"", ""evidence_quote"": ""मिला हुआ टॉप चमकीला नारंगी है""}]","[""appearance"", ""colour""]",Delivered color is explicitly unlike the photographed pink.
return:SYN_R0408,DROPDOWN_BACKGROUND_023,dropdown,deterministic code fixture,Hinglish,clear,False,True,"[{""reason"": ""fabric_feel"", ""size_direction"": ""none"", ""evidence_quote"": ""fabric stiff hai""}]","[""fabric""]",Stiff hand-feel and drape differ from expected cotton.
return:SYN_R0409,DROPDOWN_BACKGROUND_024,dropdown,deterministic code fixture,Hindi,clear,False,True,"[{""reason"": ""wrong_or_missing_item"", ""size_direction"": ""unclear"", ""evidence_quote"": ""पैकेट में केवल एक जोड़ी मिली""}]","[""logistics"", ""wrong_item""]",An ordered unit is missing.
return:SYN_R0410,DROPDOWN_BACKGROUND_025,dropdown,deterministic code fixture,Hinglish,clear,False,True,"[{""reason"": ""damaged_in_transit"", ""size_direction"": ""none"", ""evidence_quote"": ""packing paper soggy tha""}]","[""logistics"", ""transit_damage""]",Wet packaging and stain indicate shipping damage.
return:SYN_R0411,DROPDOWN_BACKGROUND_026,dropdown,deterministic code fixture,Hinglish,clear,False,True,"[{""reason"": ""delivery_delay"", ""size_direction"": ""none"", ""evidence_quote"": ""delivery uske baad hui""}]","[""logistics"", ""delay""]",Delivery came after the occasion for which item was ordered.
return:SYN_R0412,DROPDOWN_BACKGROUND_027,dropdown,deterministic code fixture,Hinglish,clear,False,True,"[{""reason"": ""changed_mind"", ""size_direction"": ""none"", ""evidence_quote"": ""don't actually like wearing long skirts anymore""}]","[""other"", ""changed_mind""]",Personal preference changed; explicitly no item fault.
return:SYN_R0413,DROPDOWN_BACKGROUND_028,dropdown,deterministic code fixture,English,clear,False,True,"[{""reason"": ""quality_defect"", ""size_direction"": ""none"", ""evidence_quote"": ""sleeve seam is unraveling""}]","[""quality""]","Unraveling garment seam is a quality complaint, not fit."
return:SYN_R0414,DROPDOWN_BACKGROUND_029,dropdown,deterministic code fixture,Hinglish,clear,False,True,"[{""reason"": ""colour_or_look_mismatch"", ""size_direction"": ""none"", ""evidence_quote"": ""shiny navy finish""}]","[""appearance"", ""colour""]",Appearance and color finish differ from the expected matte black.
return:SYN_R0415,DROPDOWN_BACKGROUND_030,dropdown,deterministic code fixture,Hinglish,clear,False,True,"[{""reason"": ""fabric_feel"", ""size_direction"": ""none"", ""evidence_quote"": ""stiff canvas jaisa hai""}]","[""fabric""]",Material type and hand-feel differ from expectation.
return:SYN_R0416,DROPDOWN_BACKGROUND_031,dropdown,deterministic code fixture,Hinglish,clear,False,True,"[{""reason"": ""wrong_or_missing_item"", ""size_direction"": ""unclear"", ""evidence_quote"": ""got two beige ones and no green scarf at all""}]","[""logistics"", ""wrong_item""]",Wrong color SKU delivered and ordered item absent.
return:SYN_R0417,DROPDOWN_BACKGROUND_032,dropdown,deterministic code fixture,Hindi,clear,False,True,"[{""reason"": ""damaged_in_transit"", ""size_direction"": ""none"", ""evidence_quote"": ""पार्सल का कोना फटा हुआ आया""}]","[""logistics"", ""transit_damage""]",Torn shipping parcel and cut sleeve point to transit damage.
return:SYN_R0418,DROPDOWN_BACKGROUND_033,dropdown,deterministic code fixture,Hindi,clear,False,True,"[{""reason"": ""delivery_delay"", ""size_direction"": ""none"", ""evidence_quote"": ""बारह दिन बाद आए""}]","[""logistics"", ""delay""]",Delivery arrived well after the promised two days.
return:SYN_R0419,DROPDOWN_BACKGROUND_034,dropdown,deterministic code fixture,Hindi,clear,False,True,"[{""reason"": ""changed_mind"", ""size_direction"": ""none"", ""evidence_quote"": ""अब इस कपड़े की ज़रूरत नहीं है""}]","[""other"", ""changed_mind""]",Customer no longer needs item after choosing another.
return:SYN_R0420,DROPDOWN_BACKGROUND_035,dropdown,deterministic code fixture,English,clear,False,True,"[{""reason"": ""quality_defect"", ""size_direction"": ""none"", ""evidence_quote"": ""snap fastening is cracked""}]","[""quality""]",Cracked fastening on an unworn garment is defective.
return:SYN_R0421,DROPDOWN_BACKGROUND_036,dropdown,deterministic code fixture,Hindi,clear,False,True,"[{""reason"": ""colour_or_look_mismatch"", ""size_direction"": ""none"", ""evidence_quote"": ""मिला हुआ टॉप चमकीला नारंगी है""}]","[""appearance"", ""colour""]",Delivered color is explicitly unlike the photographed pink.
return:SYN_R0422,DROPDOWN_BACKGROUND_037,dropdown,deterministic code fixture,English,clear,False,True,"[{""reason"": ""fabric_feel"", ""size_direction"": ""none"", ""evidence_quote"": ""jersey is tissue-thin""}]","[""fabric""]",Material thinness and cling are the complaint.
return:SYN_R0423,DROPDOWN_BACKGROUND_038,dropdown,deterministic code fixture,Hinglish,clear,False,True,"[{""reason"": ""wrong_or_missing_item"", ""size_direction"": ""unclear"", ""evidence_quote"": ""kurti ke badle ek unrelated pillow cover tha""}]","[""logistics"", ""wrong_item""]",Received object is not the ordered garment.
return:SYN_R0424,DROPDOWN_BACKGROUND_039,dropdown,deterministic code fixture,Hinglish,clear,False,True,"[{""reason"": ""damaged_in_transit"", ""size_direction"": ""none"", ""evidence_quote"": ""packing paper soggy tha""}]","[""logistics"", ""transit_damage""]",Wet packaging and stain indicate shipping damage.
return:SYN_R0425,DROPDOWN_BACKGROUND_040,dropdown,deterministic code fixture,Hinglish,clear,False,True,"[{""reason"": ""delivery_delay"", ""size_direction"": ""none"", ""evidence_quote"": ""delivery uske baad hui""}]","[""logistics"", ""delay""]",Delivery came after the occasion for which item was ordered.
return:SYN_R0426,DROPDOWN_BACKGROUND_041,dropdown,deterministic code fixture,Hinglish,clear,False,True,"[{""reason"": ""changed_mind"", ""size_direction"": ""none"", ""evidence_quote"": ""mera sealed wala extra ho gaya""}]","[""other"", ""changed_mind""]",A duplicate gift made the purchase redundant.
return:SYN_R0427,DROPDOWN_BACKGROUND_042,dropdown,deterministic code fixture,Hindi,clear,False,True,"[{""reason"": ""quality_defect"", ""size_direction"": ""none"", ""evidence_quote"": ""हुक पहली बार पहनते ही टूट गया""}]","[""quality""]",A garment hook broke during first wear.
return:SYN_R0428,DROPDOWN_BACKGROUND_043,dropdown,deterministic code fixture,Hinglish,clear,False,True,"[{""reason"": ""colour_or_look_mismatch"", ""size_direction"": ""none"", ""evidence_quote"": ""shiny navy finish""}]","[""appearance"", ""colour""]",Appearance and color finish differ from the expected matte black.
return:SYN_R0429,DROPDOWN_BACKGROUND_044,dropdown,deterministic code fixture,Hinglish,clear,False,True,"[{""reason"": ""fabric_feel"", ""size_direction"": ""none"", ""evidence_quote"": ""Dupatta itna rough hai""}]","[""fabric""]",Rough irritating textile is the concern.
return:SYN_R0430,DROPDOWN_BACKGROUND_045,dropdown,deterministic code fixture,Hinglish,clear,False,True,"[{""reason"": ""wrong_or_missing_item"", ""size_direction"": ""unclear"", ""evidence_quote"": ""S tag wala kurta mila""}]","[""logistics"", ""wrong_item""]",Wrong labeled SKU was sent; this does not establish fit of ordered item.
return:SYN_R0431,DROPDOWN_BACKGROUND_046,dropdown,deterministic code fixture,Hindi,clear,False,True,"[{""reason"": ""damaged_in_transit"", ""size_direction"": ""none"", ""evidence_quote"": ""पार्सल का कोना फटा हुआ आया""}]","[""logistics"", ""transit_damage""]",Torn shipping parcel and cut sleeve point to transit damage.
return:SYN_R0432,DROPDOWN_BACKGROUND_047,dropdown,deterministic code fixture,Hindi,clear,False,True,"[{""reason"": ""delivery_delay"", ""size_direction"": ""none"", ""evidence_quote"": ""बारह दिन बाद आए""}]","[""logistics"", ""delay""]",Delivery arrived well after the promised two days.
return:SYN_R0433,DROPDOWN_BACKGROUND_048,dropdown,deterministic code fixture,Hinglish,clear,False,True,"[{""reason"": ""changed_mind"", ""size_direction"": ""none"", ""evidence_quote"": ""decide kiya ki wardrobe mein already similar jacket hai""}]","[""other"", ""changed_mind""]","Returns due to changed preference and duplication, not a product issue."
return:SYN_R0434,DROPDOWN_BACKGROUND_049,dropdown,deterministic code fixture,Hinglish,clear,False,True,"[{""reason"": ""quality_defect"", ""size_direction"": ""none"", ""evidence_quote"": ""stitches uneven aur kuch jagah missing hain""}]","[""quality""]",Uneven and missing stitches are a construction-quality complaint.
return:SYN_R0435,DROPDOWN_BACKGROUND_050,dropdown,deterministic code fixture,Hindi,clear,False,True,"[{""reason"": ""colour_or_look_mismatch"", ""size_direction"": ""none"", ""evidence_quote"": ""मिला हुआ टॉप चमकीला नारंगी है""}]","[""appearance"", ""colour""]",Delivered color is explicitly unlike the photographed pink.
return:SYN_R0436,DROPDOWN_BACKGROUND_051,dropdown,deterministic code fixture,Hindi,clear,False,True,"[{""reason"": ""fabric_feel"", ""size_direction"": ""none"", ""evidence_quote"": ""ऊन बहुत चुभता है""}]","[""fabric""]",Wool texture is explicitly irritating.
return:SYN_R0437,DROPDOWN_BACKGROUND_052,dropdown,deterministic code fixture,English,clear,False,True,"[{""reason"": ""wrong_or_missing_item"", ""size_direction"": ""unclear"", ""evidence_quote"": ""belt is missing""}]","[""logistics"", ""wrong_item""]",A listed component of the order was absent.
return:SYN_R0438,DROPDOWN_BACKGROUND_053,dropdown,deterministic code fixture,Hinglish,clear,False,True,"[{""reason"": ""damaged_in_transit"", ""size_direction"": ""none"", ""evidence_quote"": ""packing paper soggy tha""}]","[""logistics"", ""transit_damage""]",Wet packaging and stain indicate shipping damage.
return:SYN_R0439,DROPDOWN_BACKGROUND_054,dropdown,deterministic code fixture,Hinglish,clear,False,True,"[{""reason"": ""delivery_delay"", ""size_direction"": ""none"", ""evidence_quote"": ""delivery uske baad hui""}]","[""logistics"", ""delay""]",Delivery came after the occasion for which item was ordered.
return:SYN_R0440,DROPDOWN_BACKGROUND_055,dropdown,deterministic code fixture,English,clear,False,True,"[{""reason"": ""changed_mind"", ""size_direction"": ""none"", ""evidence_quote"": ""no longer have a reason to keep the occasion wear""}]","[""other"", ""changed_mind""]",Canceled event removed the need for the item.
return:SYN_R0441,DROPDOWN_BACKGROUND_056,dropdown,deterministic code fixture,Hinglish,clear,False,True,"[{""reason"": ""quality_defect"", ""size_direction"": ""none"", ""evidence_quote"": ""Buttons aadhe loose hain aur ek missing""}]","[""quality""]",Loose and missing attached buttons are garment defects.
return:SYN_R0442,DROPDOWN_BACKGROUND_057,dropdown,deterministic code fixture,Hinglish,clear,False,True,"[{""reason"": ""colour_or_look_mismatch"", ""size_direction"": ""none"", ""evidence_quote"": ""shiny navy finish""}]","[""appearance"", ""colour""]",Appearance and color finish differ from the expected matte black.
return:SYN_R0443,DROPDOWN_BACKGROUND_058,dropdown,deterministic code fixture,English,clear,False,True,"[{""reason"": ""fabric_feel"", ""size_direction"": ""none"", ""evidence_quote"": ""feels papery and rigid""}]","[""fabric""]",Complains about stiffness and expected hand-feel.
return:SYN_R0444,DROPDOWN_BACKGROUND_059,dropdown,deterministic code fixture,English,clear,False,True,"[{""reason"": ""wrong_or_missing_item"", ""size_direction"": ""unclear"", ""evidence_quote"": ""only the jacket was in the sealed bag""}]","[""logistics"", ""wrong_item""]",The ordered trousers are missing.
return:SYN_R0445,DROPDOWN_BACKGROUND_060,dropdown,deterministic code fixture,Hindi,clear,False,True,"[{""reason"": ""damaged_in_transit"", ""size_direction"": ""none"", ""evidence_quote"": ""पार्सल का कोना फटा हुआ आया""}]","[""logistics"", ""transit_damage""]",Torn shipping parcel and cut sleeve point to transit damage.
return:SYN_R0446,DROPDOWN_BACKGROUND_061,dropdown,deterministic code fixture,Hindi,clear,False,True,"[{""reason"": ""delivery_delay"", ""size_direction"": ""none"", ""evidence_quote"": ""बारह दिन बाद आए""}]","[""logistics"", ""delay""]",Delivery arrived well after the promised two days.
return:SYN_R0447,DROPDOWN_BACKGROUND_062,dropdown,deterministic code fixture,English,clear,False,True,"[{""reason"": ""changed_mind"", ""size_direction"": ""none"", ""evidence_quote"": ""dress is no longer needed""}]","[""other"", ""changed_mind""]",External plans changed; item quality or fit is not criticized.
return:SYN_R0448,DROPDOWN_BACKGROUND_063,dropdown,deterministic code fixture,English,clear,False,True,"[{""reason"": ""quality_defect"", ""size_direction"": ""none"", ""evidence_quote"": ""elastic casing is split open""}]","[""quality""]",Split casing and exposed elastic are garment damage.
return:SYN_R0449,DROPDOWN_BACKGROUND_064,dropdown,deterministic code fixture,Hindi,clear,False,True,"[{""reason"": ""colour_or_look_mismatch"", ""size_direction"": ""none"", ""evidence_quote"": ""मिला हुआ टॉप चमकीला नारंगी है""}]","[""appearance"", ""colour""]",Delivered color is explicitly unlike the photographed pink.
return:SYN_R0450,DROPDOWN_BACKGROUND_065,dropdown,deterministic code fixture,Hinglish,clear,False,True,"[{""reason"": ""fabric_feel"", ""size_direction"": ""none"", ""evidence_quote"": ""polyester jaisa slippery feel hai""}]","[""fabric""]",Texture and expected fabric type are both criticized.
return:SYN_R0451,DROPDOWN_BACKGROUND_066,dropdown,deterministic code fixture,Hinglish,clear,False,True,"[{""reason"": ""wrong_or_missing_item"", ""size_direction"": ""unclear"", ""evidence_quote"": ""delivered packet mein red size M hai""}]","[""logistics"", ""wrong_item""]",Wrong color and labeled size delivered; do not infer garment fit.
return:SYN_R0452,DROPDOWN_BACKGROUND_067,dropdown,deterministic code fixture,Hinglish,clear,False,True,"[{""reason"": ""damaged_in_transit"", ""size_direction"": ""none"", ""evidence_quote"": ""packing paper soggy tha""}]","[""logistics"", ""transit_damage""]",Wet packaging and stain indicate shipping damage.
return:SYN_R0453,DROPDOWN_BACKGROUND_068,dropdown,deterministic code fixture,Hinglish,clear,False,True,"[{""reason"": ""delivery_delay"", ""size_direction"": ""none"", ""evidence_quote"": ""delivery uske baad hui""}]","[""logistics"", ""delay""]",Delivery came after the occasion for which item was ordered.
return:SYN_R0454,DROPDOWN_BACKGROUND_069,dropdown,deterministic code fixture,Hinglish,clear,False,True,"[{""reason"": ""changed_mind"", ""size_direction"": ""none"", ""evidence_quote"": ""decide kiya ki party outfit nahi lena""}]","[""other"", ""changed_mind""]",Customer reconsidered the purchase without identifying a product issue.
return:SYN_R0455,DROPDOWN_BACKGROUND_070,dropdown,deterministic code fixture,Hinglish,clear,False,True,"[{""reason"": ""quality_defect"", ""size_direction"": ""none"", ""evidence_quote"": ""Pocket ka corner properly stitch hi nahi hua""}]","[""quality""]",An unstitched pocket is a manufacturing defect.
return:SYN_R0456,DROPDOWN_BACKGROUND_071,dropdown,deterministic code fixture,Hinglish,clear,False,True,"[{""reason"": ""colour_or_look_mismatch"", ""size_direction"": ""none"", ""evidence_quote"": ""shiny navy finish""}]","[""appearance"", ""colour""]",Appearance and color finish differ from the expected matte black.
return:SYN_R0457,DROPDOWN_BACKGROUND_072,dropdown,deterministic code fixture,Hinglish,clear,False,True,"[{""reason"": ""fabric_feel"", ""size_direction"": ""none"", ""evidence_quote"": ""material bahut thin hai""}]","[""fabric""]",Thinness and transparency are material complaints.
return:SYN_R0458,DROPDOWN_BACKGROUND_073,dropdown,deterministic code fixture,Hinglish,clear,False,True,"[{""reason"": ""wrong_or_missing_item"", ""size_direction"": ""unclear"", ""evidence_quote"": ""White kurta ke badle black one bhej diya""}]","[""logistics"", ""wrong_item""]",The wrong color variant was delivered.
return:SYN_R0459,DROPDOWN_BACKGROUND_074,dropdown,deterministic code fixture,Hindi,clear,False,True,"[{""reason"": ""damaged_in_transit"", ""size_direction"": ""none"", ""evidence_quote"": ""पार्सल का कोना फटा हुआ आया""}]","[""logistics"", ""transit_damage""]",Torn shipping parcel and cut sleeve point to transit damage.
return:SYN_R0460,DROPDOWN_BACKGROUND_075,dropdown,deterministic code fixture,Hindi,clear,False,True,"[{""reason"": ""delivery_delay"", ""size_direction"": ""none"", ""evidence_quote"": ""बारह दिन बाद आए""}]","[""logistics"", ""delay""]",Delivery arrived well after the promised two days.
return:SYN_R0461,DROPDOWN_BACKGROUND_076,dropdown,deterministic code fixture,Hinglish,clear,False,True,"[{""reason"": ""changed_mind"", ""size_direction"": ""none"", ""evidence_quote"": ""simply changed my mind""}]","[""other"", ""changed_mind""]",Explicit preference change without product complaint.
return:SYN_R0462,DROPDOWN_BACKGROUND_077,dropdown,deterministic code fixture,Hindi,clear,False,True,"[{""reason"": ""quality_defect"", ""size_direction"": ""none"", ""evidence_quote"": ""सिलाई कई जगह से उधड़ रही है""}]","[""quality""]",Unraveling seams are a clear construction defect.
return:SYN_R0463,DROPDOWN_BACKGROUND_078,dropdown,deterministic code fixture,Hindi,clear,False,True,"[{""reason"": ""colour_or_look_mismatch"", ""size_direction"": ""none"", ""evidence_quote"": ""मिला हुआ टॉप चमकीला नारंगी है""}]","[""appearance"", ""colour""]",Delivered color is explicitly unlike the photographed pink.
return:SYN_R0464,DROPDOWN_BACKGROUND_079,dropdown,deterministic code fixture,Hinglish,clear,False,True,"[{""reason"": ""fabric_feel"", ""size_direction"": ""none"", ""evidence_quote"": ""so itchy on my neck""}]","[""fabric""]",Scratchy material is the explicit complaint.
return:SYN_R0465,DROPDOWN_BACKGROUND_080,dropdown,deterministic code fixture,English,clear,False,True,"[{""reason"": ""wrong_or_missing_item"", ""size_direction"": ""unclear"", ""evidence_quote"": ""Only one shoe arrived from the pair order""}]","[""logistics"", ""wrong_item""]",Ordered pair arrived incomplete.
return:SYN_R0466,DROPDOWN_BACKGROUND_081,dropdown,deterministic code fixture,Hinglish,clear,False,True,"[{""reason"": ""damaged_in_transit"", ""size_direction"": ""none"", ""evidence_quote"": ""packing paper soggy tha""}]","[""logistics"", ""transit_damage""]",Wet packaging and stain indicate shipping damage.
return:SYN_R0467,DROPDOWN_BACKGROUND_082,dropdown,deterministic code fixture,Hinglish,clear,False,True,"[{""reason"": ""delivery_delay"", ""size_direction"": ""none"", ""evidence_quote"": ""delivery uske baad hui""}]","[""logistics"", ""delay""]",Delivery came after the occasion for which item was ordered.
return:SYN_R0468,DROPDOWN_BACKGROUND_083,dropdown,deterministic code fixture,English,clear,False,True,"[{""reason"": ""changed_mind"", ""size_direction"": ""none"", ""evidence_quote"": ""I have no use for these perfectly fine trousers""}]","[""other"", ""changed_mind""]",Changed circumstances remove need; garment is not criticized.
return:SYN_R0469,DROPDOWN_BACKGROUND_084,dropdown,deterministic code fixture,English,clear,False,True,"[{""reason"": ""quality_defect"", ""size_direction"": ""none"", ""evidence_quote"": ""decorative bead fell off""}]","[""quality""]",Detached embellishment reflects poor garment construction.
return:SYN_R0470,DROPDOWN_BACKGROUND_085,dropdown,deterministic code fixture,Hinglish,clear,False,True,"[{""reason"": ""colour_or_look_mismatch"", ""size_direction"": ""none"", ""evidence_quote"": ""shiny navy finish""}]","[""appearance"", ""colour""]",Appearance and color finish differ from the expected matte black.
return:SYN_R0471,DROPDOWN_BACKGROUND_086,dropdown,deterministic code fixture,Hinglish,clear,False,True,"[{""reason"": ""fabric_feel"", ""size_direction"": ""none"", ""evidence_quote"": ""dry aur rough lagti""}]","[""fabric""]",Criticizes textile's tactile quality versus expected silkiness.
return:SYN_R0472,DROPDOWN_BACKGROUND_087,dropdown,deterministic code fixture,English,clear,False,True,"[{""reason"": ""wrong_or_missing_item"", ""size_direction"": ""unclear"", ""evidence_quote"": ""not the matching skirt""}]","[""logistics"", ""wrong_item""]",One component of the ordered two-piece set is missing.
return:SYN_R0473,DROPDOWN_BACKGROUND_088,dropdown,deterministic code fixture,Hindi,clear,False,True,"[{""reason"": ""damaged_in_transit"", ""size_direction"": ""none"", ""evidence_quote"": ""पार्सल का कोना फटा हुआ आया""}]","[""logistics"", ""transit_damage""]",Torn shipping parcel and cut sleeve point to transit damage.
return:SYN_R0474,DROPDOWN_BACKGROUND_089,dropdown,deterministic code fixture,Hindi,clear,False,True,"[{""reason"": ""delivery_delay"", ""size_direction"": ""none"", ""evidence_quote"": ""बारह दिन बाद आए""}]","[""logistics"", ""delay""]",Delivery arrived well after the promised two days.
return:SYN_R0475,DROPDOWN_BACKGROUND_090,dropdown,deterministic code fixture,Hinglish,clear,False,True,"[{""reason"": ""changed_mind"", ""size_direction"": ""none"", ""evidence_quote"": ""Function cancel ho gaya, outfit ki zaroorat nahi rahi""}]","[""other"", ""changed_mind""]",Need ended because event was canceled; no product issue.
return:SYN_R0476,DROPDOWN_BACKGROUND_091,dropdown,deterministic code fixture,Hinglish,clear,False,True,"[{""reason"": ""quality_defect"", ""size_direction"": ""none"", ""evidence_quote"": ""Stitching first wash ke baad khul gayi""}]","[""quality""]","A seam fails after washing, indicating a garment quality defect."
return:SYN_R0477,DROPDOWN_BACKGROUND_092,dropdown,deterministic code fixture,Hindi,clear,False,True,"[{""reason"": ""colour_or_look_mismatch"", ""size_direction"": ""none"", ""evidence_quote"": ""मिला हुआ टॉप चमकीला नारंगी है""}]","[""appearance"", ""colour""]",Delivered color is explicitly unlike the photographed pink.
return:SYN_R0478,DROPDOWN_BACKGROUND_093,dropdown,deterministic code fixture,English,clear,False,True,"[{""reason"": ""fabric_feel"", ""size_direction"": ""none"", ""evidence_quote"": ""transparent in daylight and much thinner""}]","[""fabric""]",Criticizes thinness and sheerness of material.
return:SYN_R0479,DROPDOWN_BACKGROUND_094,dropdown,deterministic code fixture,Hinglish,clear,False,True,"[{""reason"": ""wrong_or_missing_item"", ""size_direction"": ""unclear"", ""evidence_quote"": ""Label pe SKU 74-B hai but maine 74-A floral dress order ki thi""}]","[""logistics"", ""wrong_item""]",SKU confirms wrong item was sent.
return:SYN_R0480,DROPDOWN_BACKGROUND_095,dropdown,deterministic code fixture,Hinglish,clear,False,True,"[{""reason"": ""damaged_in_transit"", ""size_direction"": ""none"", ""evidence_quote"": ""packing paper soggy tha""}]","[""logistics"", ""transit_damage""]",Wet packaging and stain indicate shipping damage.
return:SYN_R0481,DROPDOWN_BACKGROUND_096,dropdown,deterministic code fixture,Hinglish,clear,False,True,"[{""reason"": ""delivery_delay"", ""size_direction"": ""none"", ""evidence_quote"": ""delivery uske baad hui""}]","[""logistics"", ""delay""]",Delivery came after the occasion for which item was ordered.
return:SYN_R0482,DROPDOWN_BACKGROUND_097,dropdown,deterministic code fixture,Hinglish,clear,False,True,"[{""reason"": ""changed_mind"", ""size_direction"": ""none"", ""evidence_quote"": ""mujhe ye color chahiye hi nahi""}]","[""other"", ""changed_mind""]","Customer no longer wants the selected color, without mismatch claim."
return:SYN_R0483,DROPDOWN_BACKGROUND_098,dropdown,deterministic code fixture,Hinglish,clear,False,True,"[{""reason"": ""quality_defect"", ""size_direction"": ""none"", ""evidence_quote"": ""buttonhole closed hi hai""}]","[""quality""]",A nonfunctional buttonhole is a manufacturing issue.
return:SYN_R0484,DROPDOWN_BACKGROUND_099,dropdown,deterministic code fixture,Hinglish,clear,False,True,"[{""reason"": ""colour_or_look_mismatch"", ""size_direction"": ""none"", ""evidence_quote"": ""shiny navy finish""}]","[""appearance"", ""colour""]",Appearance and color finish differ from the expected matte black.
return:SYN_R0485,DROPDOWN_BACKGROUND_100,dropdown,deterministic code fixture,English,clear,False,True,"[{""reason"": ""fabric_feel"", ""size_direction"": ""none"", ""evidence_quote"": ""feels unpleasantly coarse""}]","[""fabric""]",Coarse fabric feel is explicit; shedding is tied to the textile.
return:SYN_R0486,DROPDOWN_BACKGROUND_101,dropdown,deterministic code fixture,Hinglish,clear,False,True,"[{""reason"": ""wrong_or_missing_item"", ""size_direction"": ""unclear"", ""evidence_quote"": ""tag says 32""}]","[""logistics"", ""wrong_item""]","Explicit tag discrepancy means wrong item, not inferred fit."
return:SYN_R0487,DROPDOWN_BACKGROUND_102,dropdown,deterministic code fixture,Hindi,clear,False,True,"[{""reason"": ""damaged_in_transit"", ""size_direction"": ""none"", ""evidence_quote"": ""पार्सल का कोना फटा हुआ आया""}]","[""logistics"", ""transit_damage""]",Torn shipping parcel and cut sleeve point to transit damage.
return:SYN_R0488,DROPDOWN_BACKGROUND_103,dropdown,deterministic code fixture,Hindi,clear,False,True,"[{""reason"": ""delivery_delay"", ""size_direction"": ""none"", ""evidence_quote"": ""बारह दिन बाद आए""}]","[""logistics"", ""delay""]",Delivery arrived well after the promised two days.
return:SYN_R0489,DROPDOWN_BACKGROUND_104,dropdown,deterministic code fixture,Hindi,clear,False,True,"[{""reason"": ""changed_mind"", ""size_direction"": ""none"", ""evidence_quote"": ""यह रंग मेरी पसंद का नहीं है""}]","[""other"", ""changed_mind""]","Preference mismatch, not a listing mismatch or defect."
return:SYN_R0490,DROPDOWN_BACKGROUND_105,dropdown,deterministic code fixture,Hinglish,clear,False,True,"[{""reason"": ""quality_defect"", ""size_direction"": ""none"", ""evidence_quote"": ""zipper jams halfway and the teeth split apart""}]","[""quality""]",Broken zipper is a product defect.
return:SYN_R0491,DROPDOWN_BACKGROUND_106,dropdown,deterministic code fixture,Hindi,clear,False,True,"[{""reason"": ""colour_or_look_mismatch"", ""size_direction"": ""none"", ""evidence_quote"": ""मिला हुआ टॉप चमकीला नारंगी है""}]","[""appearance"", ""colour""]",Delivered color is explicitly unlike the photographed pink.
return:SYN_R0492,DROPDOWN_BACKGROUND_107,dropdown,deterministic code fixture,Hindi,clear,False,True,"[{""reason"": ""fabric_feel"", ""size_direction"": ""none"", ""evidence_quote"": ""कपड़ा बहुत खुरदुरा है""}]","[""fabric""]","Explicitly rough, irritating fabric texture."
return:SYN_R0493,DROPDOWN_BACKGROUND_108,dropdown,deterministic code fixture,Hinglish,clear,False,True,"[{""reason"": ""wrong_or_missing_item"", ""size_direction"": ""unclear"", ""evidence_quote"": ""sirf 2 aaye; yellow wala missing hai""}]","[""logistics"", ""wrong_item""]",One ordered unit is explicitly missing.
return:SYN_R0494,DROPDOWN_BACKGROUND_109,dropdown,deterministic code fixture,Hinglish,clear,False,True,"[{""reason"": ""damaged_in_transit"", ""size_direction"": ""none"", ""evidence_quote"": ""packing paper soggy tha""}]","[""logistics"", ""transit_damage""]",Wet packaging and stain indicate shipping damage.
return:SYN_R0495,DROPDOWN_BACKGROUND_110,dropdown,deterministic code fixture,Hinglish,clear,False,True,"[{""reason"": ""delivery_delay"", ""size_direction"": ""none"", ""evidence_quote"": ""delivery uske baad hui""}]","[""logistics"", ""delay""]",Delivery came after the occasion for which item was ordered.
return:SYN_R0496,DROPDOWN_BACKGROUND_111,dropdown,deterministic code fixture,English,clear,False,True,"[{""reason"": ""changed_mind"", ""size_direction"": ""none"", ""evidence_quote"": ""my preferred style changed""}]","[""other"", ""changed_mind""]",Explicit preference change and no product fault.
return:SYN_R0497,DROPDOWN_BACKGROUND_112,dropdown,deterministic code fixture,Hinglish,clear,False,True,"[{""reason"": ""quality_defect"", ""size_direction"": ""none"", ""evidence_quote"": ""ek seam pehle wear mein hi khul gayi""}]","[""quality""]",Seam failure during first wear is a clear quality defect.
return:SYN_R0498,DROPDOWN_BACKGROUND_113,dropdown,deterministic code fixture,Hinglish,clear,False,True,"[{""reason"": ""colour_or_look_mismatch"", ""size_direction"": ""none"", ""evidence_quote"": ""shiny navy finish""}]","[""appearance"", ""colour""]",Appearance and color finish differ from the expected matte black.
return:SYN_R0499,DROPDOWN_BACKGROUND_114,dropdown,deterministic code fixture,Hinglish,clear,False,True,"[{""reason"": ""fabric_feel"", ""size_direction"": ""none"", ""evidence_quote"": ""fabric stiff hai""}]","[""fabric""]",Stiff hand-feel and drape differ from expected cotton.
return:SYN_R0500,DROPDOWN_BACKGROUND_115,dropdown,deterministic code fixture,Hinglish,clear,False,True,"[{""reason"": ""wrong_or_missing_item"", ""size_direction"": ""unclear"", ""evidence_quote"": ""kisi aur customer ka kurta tha""}]","[""logistics"", ""wrong_item""]",A different customer's item arrived instead of the ordered item.
return:SYN_R0501,DROPDOWN_BACKGROUND_116,dropdown,deterministic code fixture,Hindi,clear,False,True,"[{""reason"": ""damaged_in_transit"", ""size_direction"": ""none"", ""evidence_quote"": ""पार्सल का कोना फटा हुआ आया""}]","[""logistics"", ""transit_damage""]",Torn shipping parcel and cut sleeve point to transit damage.
return:SYN_R0502,DROPDOWN_BACKGROUND_117,dropdown,deterministic code fixture,Hindi,clear,False,True,"[{""reason"": ""delivery_delay"", ""size_direction"": ""none"", ""evidence_quote"": ""बारह दिन बाद आए""}]","[""logistics"", ""delay""]",Delivery arrived well after the promised two days.
return:SYN_R0503,DROPDOWN_BACKGROUND_118,dropdown,deterministic code fixture,English,clear,False,True,"[{""reason"": ""changed_mind"", ""size_direction"": ""none"", ""evidence_quote"": ""I no longer need the travel set""}]","[""other"", ""changed_mind""]",Trip cancellation removes need for the purchase.
return:SYN_R0504,DROPDOWN_BACKGROUND_119,dropdown,deterministic code fixture,English,clear,False,True,"[{""reason"": ""quality_defect"", ""size_direction"": ""none"", ""evidence_quote"": ""sleeve seam is unraveling""}]","[""quality""]","Unraveling garment seam is a quality complaint, not fit."
return:SYN_R0505,DROPDOWN_BACKGROUND_120,dropdown,deterministic code fixture,Hindi,clear,False,True,"[{""reason"": ""colour_or_look_mismatch"", ""size_direction"": ""none"", ""evidence_quote"": ""मिला हुआ टॉप चमकीला नारंगी है""}]","[""appearance"", ""colour""]",Delivered color is explicitly unlike the photographed pink.
return:SYN_R0506,DROPDOWN_BACKGROUND_121,dropdown,deterministic code fixture,Hinglish,clear,False,True,"[{""reason"": ""fabric_feel"", ""size_direction"": ""none"", ""evidence_quote"": ""stiff canvas jaisa hai""}]","[""fabric""]",Material type and hand-feel differ from expectation.
return:SYN_R0507,DROPDOWN_BACKGROUND_122,dropdown,deterministic code fixture,English,clear,False,True,"[{""reason"": ""wrong_or_missing_item"", ""size_direction"": ""unclear"", ""evidence_quote"": ""a men's shirt instead of the women's linen trousers""}]","[""logistics"", ""wrong_item""]","Different product was delivered, not a garment fit complaint."
return:SYN_R0508,DROPDOWN_BACKGROUND_123,dropdown,deterministic code fixture,Hinglish,clear,False,True,"[{""reason"": ""damaged_in_transit"", ""size_direction"": ""none"", ""evidence_quote"": ""packing paper soggy tha""}]","[""logistics"", ""transit_damage""]",Wet packaging and stain indicate shipping damage.
return:SYN_R0509,DROPDOWN_BACKGROUND_124,dropdown,deterministic code fixture,Hinglish,clear,False,True,"[{""reason"": ""delivery_delay"", ""size_direction"": ""none"", ""evidence_quote"": ""delivery uske baad hui""}]","[""logistics"", ""delay""]",Delivery came after the occasion for which item was ordered.
return:SYN_R0510,DROPDOWN_BACKGROUND_125,dropdown,deterministic code fixture,Hinglish,clear,False,True,"[{""reason"": ""changed_mind"", ""size_direction"": ""none"", ""evidence_quote"": ""already bought the same kurta""}]","[""other"", ""changed_mind""]",Duplicate gift makes this purchase unnecessary.
return:SYN_R0511,DROPDOWN_BACKGROUND_126,dropdown,deterministic code fixture,English,clear,False,True,"[{""reason"": ""quality_defect"", ""size_direction"": ""none"", ""evidence_quote"": ""snap fastening is cracked""}]","[""quality""]",Cracked fastening on an unworn garment is defective.
return:SYN_R0512,DROPDOWN_BACKGROUND_127,dropdown,deterministic code fixture,Hinglish,clear,False,True,"[{""reason"": ""colour_or_look_mismatch"", ""size_direction"": ""none"", ""evidence_quote"": ""shiny navy finish""}]","[""appearance"", ""colour""]",Appearance and color finish differ from the expected matte black.
return:SYN_R0513,DROPDOWN_BACKGROUND_128,dropdown,deterministic code fixture,English,clear,False,True,"[{""reason"": ""fabric_feel"", ""size_direction"": ""none"", ""evidence_quote"": ""jersey is tissue-thin""}]","[""fabric""]",Material thinness and cling are the complaint.
return:SYN_R0514,DROPDOWN_BACKGROUND_129,dropdown,deterministic code fixture,Hindi,clear,False,True,"[{""reason"": ""wrong_or_missing_item"", ""size_direction"": ""unclear"", ""evidence_quote"": ""पैकेट में केवल एक जोड़ी मिली""}]","[""logistics"", ""wrong_item""]",An ordered unit is missing.
return:SYN_R0515,DROPDOWN_BACKGROUND_130,dropdown,deterministic code fixture,Hindi,clear,False,True,"[{""reason"": ""damaged_in_transit"", ""size_direction"": ""none"", ""evidence_quote"": ""पार्सल का कोना फटा हुआ आया""}]","[""logistics"", ""transit_damage""]",Torn shipping parcel and cut sleeve point to transit damage.
return:SYN_R0516,DROPDOWN_BACKGROUND_131,dropdown,deterministic code fixture,Hindi,clear,False,True,"[{""reason"": ""delivery_delay"", ""size_direction"": ""none"", ""evidence_quote"": ""बारह दिन बाद आए""}]","[""logistics"", ""delay""]",Delivery arrived well after the promised two days.
return:SYN_R0517,DROPDOWN_BACKGROUND_132,dropdown,deterministic code fixture,Hinglish,clear,False,True,"[{""reason"": ""changed_mind"", ""size_direction"": ""none"", ""evidence_quote"": ""don't actually like wearing long skirts anymore""}]","[""other"", ""changed_mind""]",Personal preference changed; explicitly no item fault.
return:SYN_R0518,DROPDOWN_BACKGROUND_133,dropdown,deterministic code fixture,Hindi,clear,False,True,"[{""reason"": ""quality_defect"", ""size_direction"": ""none"", ""evidence_quote"": ""हुक पहली बार पहनते ही टूट गया""}]","[""quality""]",A garment hook broke during first wear.
return:SYN_R0519,DROPDOWN_BACKGROUND_134,dropdown,deterministic code fixture,Hindi,clear,False,True,"[{""reason"": ""colour_or_look_mismatch"", ""size_direction"": ""none"", ""evidence_quote"": ""मिला हुआ टॉप चमकीला नारंगी है""}]","[""appearance"", ""colour""]",Delivered color is explicitly unlike the photographed pink.
return:SYN_R0520,DROPDOWN_BACKGROUND_135,dropdown,deterministic code fixture,Hinglish,clear,False,True,"[{""reason"": ""fabric_feel"", ""size_direction"": ""none"", ""evidence_quote"": ""Dupatta itna rough hai""}]","[""fabric""]",Rough irritating textile is the concern.
return:SYN_R0521,DROPDOWN_BACKGROUND_136,dropdown,deterministic code fixture,Hinglish,clear,False,True,"[{""reason"": ""wrong_or_missing_item"", ""size_direction"": ""unclear"", ""evidence_quote"": ""got two beige ones and no green scarf at all""}]","[""logistics"", ""wrong_item""]",Wrong color SKU delivered and ordered item absent.
return:SYN_R0522,DROPDOWN_BACKGROUND_137,dropdown,deterministic code fixture,Hinglish,clear,False,True,"[{""reason"": ""damaged_in_transit"", ""size_direction"": ""none"", ""evidence_quote"": ""packing paper soggy tha""}]","[""logistics"", ""transit_damage""]",Wet packaging and stain indicate shipping damage.
return:SYN_R0523,DROPDOWN_BACKGROUND_138,dropdown,deterministic code fixture,Hinglish,clear,False,True,"[{""reason"": ""delivery_delay"", ""size_direction"": ""none"", ""evidence_quote"": ""delivery uske baad hui""}]","[""logistics"", ""delay""]",Delivery came after the occasion for which item was ordered.
return:SYN_R0524,DROPDOWN_BACKGROUND_139,dropdown,deterministic code fixture,Hindi,clear,False,True,"[{""reason"": ""changed_mind"", ""size_direction"": ""none"", ""evidence_quote"": ""अब इस कपड़े की ज़रूरत नहीं है""}]","[""other"", ""changed_mind""]",Customer no longer needs item after choosing another.
return:SYN_R0525,DROPDOWN_BACKGROUND_140,dropdown,deterministic code fixture,Hinglish,clear,False,True,"[{""reason"": ""quality_defect"", ""size_direction"": ""none"", ""evidence_quote"": ""stitches uneven aur kuch jagah missing hain""}]","[""quality""]",Uneven and missing stitches are a construction-quality complaint.
return:SYN_R0526,DROPDOWN_BACKGROUND_141,dropdown,deterministic code fixture,Hinglish,clear,False,True,"[{""reason"": ""colour_or_look_mismatch"", ""size_direction"": ""none"", ""evidence_quote"": ""shiny navy finish""}]","[""appearance"", ""colour""]",Appearance and color finish differ from the expected matte black.
return:SYN_R0527,DROPDOWN_BACKGROUND_142,dropdown,deterministic code fixture,Hindi,clear,False,True,"[{""reason"": ""fabric_feel"", ""size_direction"": ""none"", ""evidence_quote"": ""ऊन बहुत चुभता है""}]","[""fabric""]",Wool texture is explicitly irritating.
return:SYN_R0528,DROPDOWN_BACKGROUND_143,dropdown,deterministic code fixture,Hinglish,clear,False,True,"[{""reason"": ""wrong_or_missing_item"", ""size_direction"": ""unclear"", ""evidence_quote"": ""kurti ke badle ek unrelated pillow cover tha""}]","[""logistics"", ""wrong_item""]",Received object is not the ordered garment.
return:SYN_R0529,DROPDOWN_BACKGROUND_144,dropdown,deterministic code fixture,Hindi,clear,False,True,"[{""reason"": ""damaged_in_transit"", ""size_direction"": ""none"", ""evidence_quote"": ""पार्सल का कोना फटा हुआ आया""}]","[""logistics"", ""transit_damage""]",Torn shipping parcel and cut sleeve point to transit damage.
return:SYN_R0530,DROPDOWN_BACKGROUND_145,dropdown,deterministic code fixture,Hindi,clear,False,True,"[{""reason"": ""delivery_delay"", ""size_direction"": ""none"", ""evidence_quote"": ""बारह दिन बाद आए""}]","[""logistics"", ""delay""]",Delivery arrived well after the promised two days.
return:SYN_R0531,DROPDOWN_BACKGROUND_146,dropdown,deterministic code fixture,Hinglish,clear,False,True,"[{""reason"": ""changed_mind"", ""size_direction"": ""none"", ""evidence_quote"": ""mera sealed wala extra ho gaya""}]","[""other"", ""changed_mind""]",A duplicate gift made the purchase redundant.
return:SYN_R0532,DROPDOWN_BACKGROUND_147,dropdown,deterministic code fixture,Hinglish,clear,False,True,"[{""reason"": ""quality_defect"", ""size_direction"": ""none"", ""evidence_quote"": ""Buttons aadhe loose hain aur ek missing""}]","[""quality""]",Loose and missing attached buttons are garment defects.
return:SYN_R0533,DROPDOWN_BACKGROUND_148,dropdown,deterministic code fixture,Hindi,clear,False,True,"[{""reason"": ""colour_or_look_mismatch"", ""size_direction"": ""none"", ""evidence_quote"": ""मिला हुआ टॉप चमकीला नारंगी है""}]","[""appearance"", ""colour""]",Delivered color is explicitly unlike the photographed pink.
return:SYN_R0534,DROPDOWN_BACKGROUND_149,dropdown,deterministic code fixture,English,clear,False,True,"[{""reason"": ""fabric_feel"", ""size_direction"": ""none"", ""evidence_quote"": ""feels papery and rigid""}]","[""fabric""]",Complains about stiffness and expected hand-feel.
return:SYN_R0535,DROPDOWN_BACKGROUND_150,dropdown,deterministic code fixture,Hinglish,clear,False,True,"[{""reason"": ""wrong_or_missing_item"", ""size_direction"": ""unclear"", ""evidence_quote"": ""S tag wala kurta mila""}]","[""logistics"", ""wrong_item""]",Wrong labeled SKU was sent; this does not establish fit of ordered item.
return:SYN_R0536,DROPDOWN_BACKGROUND_151,dropdown,deterministic code fixture,Hinglish,clear,False,True,"[{""reason"": ""damaged_in_transit"", ""size_direction"": ""none"", ""evidence_quote"": ""packing paper soggy tha""}]","[""logistics"", ""transit_damage""]",Wet packaging and stain indicate shipping damage.
return:SYN_R0537,DROPDOWN_BACKGROUND_152,dropdown,deterministic code fixture,Hinglish,clear,False,True,"[{""reason"": ""delivery_delay"", ""size_direction"": ""none"", ""evidence_quote"": ""delivery uske baad hui""}]","[""logistics"", ""delay""]",Delivery came after the occasion for which item was ordered.
return:SYN_R0538,DROPDOWN_BACKGROUND_153,dropdown,deterministic code fixture,Hinglish,clear,False,True,"[{""reason"": ""changed_mind"", ""size_direction"": ""none"", ""evidence_quote"": ""decide kiya ki wardrobe mein already similar jacket hai""}]","[""other"", ""changed_mind""]","Returns due to changed preference and duplication, not a product issue."
return:SYN_R0539,DROPDOWN_BACKGROUND_154,dropdown,deterministic code fixture,English,clear,False,True,"[{""reason"": ""quality_defect"", ""size_direction"": ""none"", ""evidence_quote"": ""elastic casing is split open""}]","[""quality""]",Split casing and exposed elastic are garment damage.
return:SYN_R0540,DROPDOWN_BACKGROUND_155,dropdown,deterministic code fixture,Hinglish,clear,False,True,"[{""reason"": ""colour_or_look_mismatch"", ""size_direction"": ""none"", ""evidence_quote"": ""shiny navy finish""}]","[""appearance"", ""colour""]",Appearance and color finish differ from the expected matte black.
return:SYN_R0541,DROPDOWN_BACKGROUND_156,dropdown,deterministic code fixture,Hinglish,clear,False,True,"[{""reason"": ""fabric_feel"", ""size_direction"": ""none"", ""evidence_quote"": ""polyester jaisa slippery feel hai""}]","[""fabric""]",Texture and expected fabric type are both criticized.
return:SYN_R0542,DROPDOWN_BACKGROUND_157,dropdown,deterministic code fixture,English,clear,False,True,"[{""reason"": ""wrong_or_missing_item"", ""size_direction"": ""unclear"", ""evidence_quote"": ""belt is missing""}]","[""logistics"", ""wrong_item""]",A listed component of the order was absent.
return:SYN_R0543,DROPDOWN_BACKGROUND_158,dropdown,deterministic code fixture,Hindi,clear,False,True,"[{""reason"": ""damaged_in_transit"", ""size_direction"": ""none"", ""evidence_quote"": ""पार्सल का कोना फटा हुआ आया""}]","[""logistics"", ""transit_damage""]",Torn shipping parcel and cut sleeve point to transit damage.
return:SYN_R0544,DROPDOWN_BACKGROUND_159,dropdown,deterministic code fixture,Hindi,clear,False,True,"[{""reason"": ""delivery_delay"", ""size_direction"": ""none"", ""evidence_quote"": ""बारह दिन बाद आए""}]","[""logistics"", ""delay""]",Delivery arrived well after the promised two days.
return:SYN_R0545,DROPDOWN_BACKGROUND_160,dropdown,deterministic code fixture,English,clear,False,True,"[{""reason"": ""changed_mind"", ""size_direction"": ""none"", ""evidence_quote"": ""no longer have a reason to keep the occasion wear""}]","[""other"", ""changed_mind""]",Canceled event removed the need for the item.
return:SYN_R0546,DROPDOWN_BACKGROUND_161,dropdown,deterministic code fixture,Hinglish,clear,False,True,"[{""reason"": ""quality_defect"", ""size_direction"": ""none"", ""evidence_quote"": ""Pocket ka corner properly stitch hi nahi hua""}]","[""quality""]",An unstitched pocket is a manufacturing defect.
return:SYN_R0547,DROPDOWN_BACKGROUND_162,dropdown,deterministic code fixture,Hindi,clear,False,True,"[{""reason"": ""colour_or_look_mismatch"", ""size_direction"": ""none"", ""evidence_quote"": ""मिला हुआ टॉप चमकीला नारंगी है""}]","[""appearance"", ""colour""]",Delivered color is explicitly unlike the photographed pink.
return:SYN_R0548,DROPDOWN_BACKGROUND_163,dropdown,deterministic code fixture,Hinglish,clear,False,True,"[{""reason"": ""fabric_feel"", ""size_direction"": ""none"", ""evidence_quote"": ""material bahut thin hai""}]","[""fabric""]",Thinness and transparency are material complaints.
return:SYN_R0549,DROPDOWN_BACKGROUND_164,dropdown,deterministic code fixture,English,clear,False,True,"[{""reason"": ""wrong_or_missing_item"", ""size_direction"": ""unclear"", ""evidence_quote"": ""only the jacket was in the sealed bag""}]","[""logistics"", ""wrong_item""]",The ordered trousers are missing.
return:SYN_R0550,DROPDOWN_BACKGROUND_165,dropdown,deterministic code fixture,Hinglish,clear,False,True,"[{""reason"": ""damaged_in_transit"", ""size_direction"": ""none"", ""evidence_quote"": ""packing paper soggy tha""}]","[""logistics"", ""transit_damage""]",Wet packaging and stain indicate shipping damage.
return:SYN_R0551,DROPDOWN_BACKGROUND_166,dropdown,deterministic code fixture,Hinglish,clear,False,True,"[{""reason"": ""delivery_delay"", ""size_direction"": ""none"", ""evidence_quote"": ""delivery uske baad hui""}]","[""logistics"", ""delay""]",Delivery came after the occasion for which item was ordered.
return:SYN_R0552,DROPDOWN_BACKGROUND_167,dropdown,deterministic code fixture,English,clear,False,True,"[{""reason"": ""changed_mind"", ""size_direction"": ""none"", ""evidence_quote"": ""dress is no longer needed""}]","[""other"", ""changed_mind""]",External plans changed; item quality or fit is not criticized.
return:SYN_R0553,DROPDOWN_BACKGROUND_168,dropdown,deterministic code fixture,Hindi,clear,False,True,"[{""reason"": ""quality_defect"", ""size_direction"": ""none"", ""evidence_quote"": ""सिलाई कई जगह से उधड़ रही है""}]","[""quality""]",Unraveling seams are a clear construction defect.
return:SYN_R0554,DROPDOWN_BACKGROUND_169,dropdown,deterministic code fixture,Hinglish,clear,False,True,"[{""reason"": ""colour_or_look_mismatch"", ""size_direction"": ""none"", ""evidence_quote"": ""shiny navy finish""}]","[""appearance"", ""colour""]",Appearance and color finish differ from the expected matte black.
return:SYN_R0555,DROPDOWN_BACKGROUND_170,dropdown,deterministic code fixture,Hinglish,clear,False,True,"[{""reason"": ""fabric_feel"", ""size_direction"": ""none"", ""evidence_quote"": ""so itchy on my neck""}]","[""fabric""]",Scratchy material is the explicit complaint.
return:SYN_R0556,DROPDOWN_BACKGROUND_171,dropdown,deterministic code fixture,Hinglish,clear,False,True,"[{""reason"": ""wrong_or_missing_item"", ""size_direction"": ""unclear"", ""evidence_quote"": ""delivered packet mein red size M hai""}]","[""logistics"", ""wrong_item""]",Wrong color and labeled size delivered; do not infer garment fit.
return:SYN_R0557,DROPDOWN_BACKGROUND_172,dropdown,deterministic code fixture,Hindi,clear,False,True,"[{""reason"": ""damaged_in_transit"", ""size_direction"": ""none"", ""evidence_quote"": ""पार्सल का कोना फटा हुआ आया""}]","[""logistics"", ""transit_damage""]",Torn shipping parcel and cut sleeve point to transit damage.
return:SYN_R0558,DROPDOWN_BACKGROUND_173,dropdown,deterministic code fixture,Hindi,clear,False,True,"[{""reason"": ""delivery_delay"", ""size_direction"": ""none"", ""evidence_quote"": ""बारह दिन बाद आए""}]","[""logistics"", ""delay""]",Delivery arrived well after the promised two days.
return:SYN_R0559,DROPDOWN_BACKGROUND_174,dropdown,deterministic code fixture,Hinglish,clear,False,True,"[{""reason"": ""changed_mind"", ""size_direction"": ""none"", ""evidence_quote"": ""decide kiya ki party outfit nahi lena""}]","[""other"", ""changed_mind""]",Customer reconsidered the purchase without identifying a product issue.
return:SYN_R0560,DROPDOWN_BACKGROUND_175,dropdown,deterministic code fixture,English,clear,False,True,"[{""reason"": ""quality_defect"", ""size_direction"": ""none"", ""evidence_quote"": ""decorative bead fell off""}]","[""quality""]",Detached embellishment reflects poor garment construction.
return:SYN_R0561,DROPDOWN_BACKGROUND_176,dropdown,deterministic code fixture,Hindi,clear,False,True,"[{""reason"": ""colour_or_look_mismatch"", ""size_direction"": ""none"", ""evidence_quote"": ""मिला हुआ टॉप चमकीला नारंगी है""}]","[""appearance"", ""colour""]",Delivered color is explicitly unlike the photographed pink.
return:SYN_R0562,DROPDOWN_BACKGROUND_177,dropdown,deterministic code fixture,Hinglish,clear,False,True,"[{""reason"": ""fabric_feel"", ""size_direction"": ""none"", ""evidence_quote"": ""dry aur rough lagti""}]","[""fabric""]",Criticizes textile's tactile quality versus expected silkiness.
return:SYN_R0563,DROPDOWN_BACKGROUND_178,dropdown,deterministic code fixture,Hinglish,clear,False,True,"[{""reason"": ""wrong_or_missing_item"", ""size_direction"": ""unclear"", ""evidence_quote"": ""White kurta ke badle black one bhej diya""}]","[""logistics"", ""wrong_item""]",The wrong color variant was delivered.
return:SYN_R0564,DROPDOWN_BACKGROUND_179,dropdown,deterministic code fixture,Hinglish,clear,False,True,"[{""reason"": ""damaged_in_transit"", ""size_direction"": ""none"", ""evidence_quote"": ""packing paper soggy tha""}]","[""logistics"", ""transit_damage""]",Wet packaging and stain indicate shipping damage.
return:SYN_R0565,DROPDOWN_BACKGROUND_180,dropdown,deterministic code fixture,Hinglish,clear,False,True,"[{""reason"": ""delivery_delay"", ""size_direction"": ""none"", ""evidence_quote"": ""delivery uske baad hui""}]","[""logistics"", ""delay""]",Delivery came after the occasion for which item was ordered.
return:SYN_R0566,DROPDOWN_BACKGROUND_181,dropdown,deterministic code fixture,Hinglish,clear,False,True,"[{""reason"": ""changed_mind"", ""size_direction"": ""none"", ""evidence_quote"": ""simply changed my mind""}]","[""other"", ""changed_mind""]",Explicit preference change without product complaint.
return:SYN_R0567,DROPDOWN_BACKGROUND_182,dropdown,deterministic code fixture,Hinglish,clear,False,True,"[{""reason"": ""quality_defect"", ""size_direction"": ""none"", ""evidence_quote"": ""Stitching first wash ke baad khul gayi""}]","[""quality""]","A seam fails after washing, indicating a garment quality defect."
return:SYN_R0568,DROPDOWN_BACKGROUND_183,dropdown,deterministic code fixture,Hinglish,clear,False,True,"[{""reason"": ""colour_or_look_mismatch"", ""size_direction"": ""none"", ""evidence_quote"": ""shiny navy finish""}]","[""appearance"", ""colour""]",Appearance and color finish differ from the expected matte black.
return:SYN_R0569,DROPDOWN_BACKGROUND_184,dropdown,deterministic code fixture,English,clear,False,True,"[{""reason"": ""fabric_feel"", ""size_direction"": ""none"", ""evidence_quote"": ""transparent in daylight and much thinner""}]","[""fabric""]",Criticizes thinness and sheerness of material.
return:SYN_R0570,DROPDOWN_BACKGROUND_185,dropdown,deterministic code fixture,English,clear,False,True,"[{""reason"": ""wrong_or_missing_item"", ""size_direction"": ""unclear"", ""evidence_quote"": ""Only one shoe arrived from the pair order""}]","[""logistics"", ""wrong_item""]",Ordered pair arrived incomplete.
return:SYN_R0571,DROPDOWN_BACKGROUND_186,dropdown,deterministic code fixture,Hindi,clear,False,True,"[{""reason"": ""damaged_in_transit"", ""size_direction"": ""none"", ""evidence_quote"": ""पार्सल का कोना फटा हुआ आया""}]","[""logistics"", ""transit_damage""]",Torn shipping parcel and cut sleeve point to transit damage.
return:SYN_R0572,DROPDOWN_BACKGROUND_187,dropdown,deterministic code fixture,Hindi,clear,False,True,"[{""reason"": ""delivery_delay"", ""size_direction"": ""none"", ""evidence_quote"": ""बारह दिन बाद आए""}]","[""logistics"", ""delay""]",Delivery arrived well after the promised two days.
return:SYN_R0573,DROPDOWN_BACKGROUND_188,dropdown,deterministic code fixture,English,clear,False,True,"[{""reason"": ""changed_mind"", ""size_direction"": ""none"", ""evidence_quote"": ""I have no use for these perfectly fine trousers""}]","[""other"", ""changed_mind""]",Changed circumstances remove need; garment is not criticized.
return:SYN_R0574,DROPDOWN_BACKGROUND_189,dropdown,deterministic code fixture,Hinglish,clear,False,True,"[{""reason"": ""quality_defect"", ""size_direction"": ""none"", ""evidence_quote"": ""buttonhole closed hi hai""}]","[""quality""]",A nonfunctional buttonhole is a manufacturing issue.
return:SYN_R0575,DROPDOWN_BACKGROUND_190,dropdown,deterministic code fixture,Hindi,clear,False,True,"[{""reason"": ""colour_or_look_mismatch"", ""size_direction"": ""none"", ""evidence_quote"": ""मिला हुआ टॉप चमकीला नारंगी है""}]","[""appearance"", ""colour""]",Delivered color is explicitly unlike the photographed pink.
return:SYN_R0576,DROPDOWN_BACKGROUND_191,dropdown,deterministic code fixture,English,clear,False,True,"[{""reason"": ""fabric_feel"", ""size_direction"": ""none"", ""evidence_quote"": ""feels unpleasantly coarse""}]","[""fabric""]",Coarse fabric feel is explicit; shedding is tied to the textile.
return:SYN_R0577,DROPDOWN_BACKGROUND_192,dropdown,deterministic code fixture,English,clear,False,True,"[{""reason"": ""wrong_or_missing_item"", ""size_direction"": ""unclear"", ""evidence_quote"": ""not the matching skirt""}]","[""logistics"", ""wrong_item""]",One component of the ordered two-piece set is missing.
return:SYN_R0578,DROPDOWN_BACKGROUND_193,dropdown,deterministic code fixture,Hinglish,clear,False,True,"[{""reason"": ""damaged_in_transit"", ""size_direction"": ""none"", ""evidence_quote"": ""packing paper soggy tha""}]","[""logistics"", ""transit_damage""]",Wet packaging and stain indicate shipping damage.
return:SYN_R0579,DROPDOWN_BACKGROUND_194,dropdown,deterministic code fixture,Hinglish,clear,False,True,"[{""reason"": ""delivery_delay"", ""size_direction"": ""none"", ""evidence_quote"": ""delivery uske baad hui""}]","[""logistics"", ""delay""]",Delivery came after the occasion for which item was ordered.
return:SYN_R0580,DROPDOWN_BACKGROUND_195,dropdown,deterministic code fixture,Hinglish,clear,False,True,"[{""reason"": ""changed_mind"", ""size_direction"": ""none"", ""evidence_quote"": ""Function cancel ho gaya, outfit ki zaroorat nahi rahi""}]","[""other"", ""changed_mind""]",Need ended because event was canceled; no product issue.
return:SYN_R0581,DROPDOWN_BACKGROUND_196,dropdown,deterministic code fixture,Hinglish,clear,False,True,"[{""reason"": ""quality_defect"", ""size_direction"": ""none"", ""evidence_quote"": ""zipper jams halfway and the teeth split apart""}]","[""quality""]",Broken zipper is a product defect.
return:SYN_R0582,DROPDOWN_BACKGROUND_197,dropdown,deterministic code fixture,Hinglish,clear,False,True,"[{""reason"": ""colour_or_look_mismatch"", ""size_direction"": ""none"", ""evidence_quote"": ""shiny navy finish""}]","[""appearance"", ""colour""]",Appearance and color finish differ from the expected matte black.
return:SYN_R0583,DROPDOWN_BACKGROUND_198,dropdown,deterministic code fixture,Hindi,clear,False,True,"[{""reason"": ""fabric_feel"", ""size_direction"": ""none"", ""evidence_quote"": ""कपड़ा बहुत खुरदुरा है""}]","[""fabric""]","Explicitly rough, irritating fabric texture."
return:SYN_R0584,DROPDOWN_BACKGROUND_199,dropdown,deterministic code fixture,Hinglish,clear,False,True,"[{""reason"": ""wrong_or_missing_item"", ""size_direction"": ""unclear"", ""evidence_quote"": ""Label pe SKU 74-B hai but maine 74-A floral dress order ki thi""}]","[""logistics"", ""wrong_item""]",SKU confirms wrong item was sent.
return:SYN_R0585,DROPDOWN_BACKGROUND_200,dropdown,deterministic code fixture,Hindi,clear,False,True,"[{""reason"": ""damaged_in_transit"", ""size_direction"": ""none"", ""evidence_quote"": ""पार्सल का कोना फटा हुआ आया""}]","[""logistics"", ""transit_damage""]",Torn shipping parcel and cut sleeve point to transit damage.
return:SYN_R0586,DROPDOWN_BACKGROUND_201,dropdown,deterministic code fixture,Hindi,clear,False,True,"[{""reason"": ""delivery_delay"", ""size_direction"": ""none"", ""evidence_quote"": ""बारह दिन बाद आए""}]","[""logistics"", ""delay""]",Delivery arrived well after the promised two days.
return:SYN_R0587,DROPDOWN_BACKGROUND_202,dropdown,deterministic code fixture,Hinglish,clear,False,True,"[{""reason"": ""changed_mind"", ""size_direction"": ""none"", ""evidence_quote"": ""mujhe ye color chahiye hi nahi""}]","[""other"", ""changed_mind""]","Customer no longer wants the selected color, without mismatch claim."
return:SYN_R0588,DROPDOWN_BACKGROUND_203,dropdown,deterministic code fixture,Hinglish,clear,False,True,"[{""reason"": ""quality_defect"", ""size_direction"": ""none"", ""evidence_quote"": ""ek seam pehle wear mein hi khul gayi""}]","[""quality""]",Seam failure during first wear is a clear quality defect.
return:SYN_R0589,DROPDOWN_BACKGROUND_204,dropdown,deterministic code fixture,Hindi,clear,False,True,"[{""reason"": ""colour_or_look_mismatch"", ""size_direction"": ""none"", ""evidence_quote"": ""मिला हुआ टॉप चमकीला नारंगी है""}]","[""appearance"", ""colour""]",Delivered color is explicitly unlike the photographed pink.
return:SYN_R0590,DROPDOWN_BACKGROUND_205,dropdown,deterministic code fixture,Hinglish,clear,False,True,"[{""reason"": ""fabric_feel"", ""size_direction"": ""none"", ""evidence_quote"": ""fabric stiff hai""}]","[""fabric""]",Stiff hand-feel and drape differ from expected cotton.
return:SYN_R0591,DROPDOWN_BACKGROUND_206,dropdown,deterministic code fixture,Hinglish,clear,False,True,"[{""reason"": ""wrong_or_missing_item"", ""size_direction"": ""unclear"", ""evidence_quote"": ""tag says 32""}]","[""logistics"", ""wrong_item""]","Explicit tag discrepancy means wrong item, not inferred fit."
return:SYN_R0592,DROPDOWN_BACKGROUND_207,dropdown,deterministic code fixture,Hinglish,clear,False,True,"[{""reason"": ""damaged_in_transit"", ""size_direction"": ""none"", ""evidence_quote"": ""packing paper soggy tha""}]","[""logistics"", ""transit_damage""]",Wet packaging and stain indicate shipping damage.
return:SYN_R0593,DROPDOWN_BACKGROUND_208,dropdown,deterministic code fixture,Hinglish,clear,False,True,"[{""reason"": ""delivery_delay"", ""size_direction"": ""none"", ""evidence_quote"": ""delivery uske baad hui""}]","[""logistics"", ""delay""]",Delivery came after the occasion for which item was ordered.
return:SYN_R0594,DROPDOWN_BACKGROUND_209,dropdown,deterministic code fixture,Hindi,clear,False,True,"[{""reason"": ""changed_mind"", ""size_direction"": ""none"", ""evidence_quote"": ""यह रंग मेरी पसंद का नहीं है""}]","[""other"", ""changed_mind""]","Preference mismatch, not a listing mismatch or defect."
return:SYN_R0595,DROPDOWN_BACKGROUND_210,dropdown,deterministic code fixture,English,clear,False,True,"[{""reason"": ""quality_defect"", ""size_direction"": ""none"", ""evidence_quote"": ""sleeve seam is unraveling""}]","[""quality""]","Unraveling garment seam is a quality complaint, not fit."
return:SYN_R0596,DROPDOWN_BACKGROUND_211,dropdown,deterministic code fixture,Hinglish,clear,False,True,"[{""reason"": ""colour_or_look_mismatch"", ""size_direction"": ""none"", ""evidence_quote"": ""shiny navy finish""}]","[""appearance"", ""colour""]",Appearance and color finish differ from the expected matte black.
return:SYN_R0597,DROPDOWN_BACKGROUND_212,dropdown,deterministic code fixture,Hinglish,clear,False,True,"[{""reason"": ""fabric_feel"", ""size_direction"": ""none"", ""evidence_quote"": ""stiff canvas jaisa hai""}]","[""fabric""]",Material type and hand-feel differ from expectation.
return:SYN_R0598,DROPDOWN_BACKGROUND_213,dropdown,deterministic code fixture,Hinglish,clear,False,True,"[{""reason"": ""wrong_or_missing_item"", ""size_direction"": ""unclear"", ""evidence_quote"": ""sirf 2 aaye; yellow wala missing hai""}]","[""logistics"", ""wrong_item""]",One ordered unit is explicitly missing.
return:SYN_R0599,DROPDOWN_BACKGROUND_214,dropdown,deterministic code fixture,Hindi,clear,False,True,"[{""reason"": ""damaged_in_transit"", ""size_direction"": ""none"", ""evidence_quote"": ""पार्सल का कोना फटा हुआ आया""}]","[""logistics"", ""transit_damage""]",Torn shipping parcel and cut sleeve point to transit damage.
return:SYN_R0600,DROPDOWN_BACKGROUND_215,dropdown,deterministic code fixture,Hindi,clear,False,True,"[{""reason"": ""delivery_delay"", ""size_direction"": ""none"", ""evidence_quote"": ""बारह दिन बाद आए""}]","[""logistics"", ""delay""]",Delivery arrived well after the promised two days.
return:SYN_R0601,DROPDOWN_BACKGROUND_216,dropdown,deterministic code fixture,English,clear,False,True,"[{""reason"": ""changed_mind"", ""size_direction"": ""none"", ""evidence_quote"": ""my preferred style changed""}]","[""other"", ""changed_mind""]",Explicit preference change and no product fault.
return:SYN_R0602,DROPDOWN_BACKGROUND_217,dropdown,deterministic code fixture,English,clear,False,True,"[{""reason"": ""quality_defect"", ""size_direction"": ""none"", ""evidence_quote"": ""snap fastening is cracked""}]","[""quality""]",Cracked fastening on an unworn garment is defective.
return:SYN_R0603,DROPDOWN_BACKGROUND_218,dropdown,deterministic code fixture,Hindi,clear,False,True,"[{""reason"": ""colour_or_look_mismatch"", ""size_direction"": ""none"", ""evidence_quote"": ""मिला हुआ टॉप चमकीला नारंगी है""}]","[""appearance"", ""colour""]",Delivered color is explicitly unlike the photographed pink.
return:SYN_R0604,DROPDOWN_BACKGROUND_219,dropdown,deterministic code fixture,English,clear,False,True,"[{""reason"": ""fabric_feel"", ""size_direction"": ""none"", ""evidence_quote"": ""jersey is tissue-thin""}]","[""fabric""]",Material thinness and cling are the complaint.
return:SYN_R0605,DROPDOWN_BACKGROUND_220,dropdown,deterministic code fixture,Hinglish,clear,False,True,"[{""reason"": ""wrong_or_missing_item"", ""size_direction"": ""unclear"", ""evidence_quote"": ""kisi aur customer ka kurta tha""}]","[""logistics"", ""wrong_item""]",A different customer's item arrived instead of the ordered item.
return:SYN_R0606,DROPDOWN_BACKGROUND_221,dropdown,deterministic code fixture,Hinglish,clear,False,True,"[{""reason"": ""damaged_in_transit"", ""size_direction"": ""none"", ""evidence_quote"": ""packing paper soggy tha""}]","[""logistics"", ""transit_damage""]",Wet packaging and stain indicate shipping damage.
return:SYN_R0607,DROPDOWN_BACKGROUND_222,dropdown,deterministic code fixture,Hinglish,clear,False,True,"[{""reason"": ""delivery_delay"", ""size_direction"": ""none"", ""evidence_quote"": ""delivery uske baad hui""}]","[""logistics"", ""delay""]",Delivery came after the occasion for which item was ordered.
return:SYN_R0608,DROPDOWN_BACKGROUND_223,dropdown,deterministic code fixture,English,clear,False,True,"[{""reason"": ""changed_mind"", ""size_direction"": ""none"", ""evidence_quote"": ""I no longer need the travel set""}]","[""other"", ""changed_mind""]",Trip cancellation removes need for the purchase.
return:SYN_R0609,DROPDOWN_BACKGROUND_224,dropdown,deterministic code fixture,Hindi,clear,False,True,"[{""reason"": ""quality_defect"", ""size_direction"": ""none"", ""evidence_quote"": ""हुक पहली बार पहनते ही टूट गया""}]","[""quality""]",A garment hook broke during first wear.
return:SYN_R0610,DROPDOWN_BACKGROUND_225,dropdown,deterministic code fixture,Hinglish,clear,False,True,"[{""reason"": ""colour_or_look_mismatch"", ""size_direction"": ""none"", ""evidence_quote"": ""shiny navy finish""}]","[""appearance"", ""colour""]",Appearance and color finish differ from the expected matte black.
return:SYN_R0611,DROPDOWN_BACKGROUND_226,dropdown,deterministic code fixture,Hinglish,clear,False,True,"[{""reason"": ""fabric_feel"", ""size_direction"": ""none"", ""evidence_quote"": ""Dupatta itna rough hai""}]","[""fabric""]",Rough irritating textile is the concern.
return:SYN_R0612,DROPDOWN_BACKGROUND_227,dropdown,deterministic code fixture,English,clear,False,True,"[{""reason"": ""wrong_or_missing_item"", ""size_direction"": ""unclear"", ""evidence_quote"": ""a men's shirt instead of the women's linen trousers""}]","[""logistics"", ""wrong_item""]","Different product was delivered, not a garment fit complaint."
return:SYN_R0613,DROPDOWN_BACKGROUND_228,dropdown,deterministic code fixture,Hindi,clear,False,True,"[{""reason"": ""damaged_in_transit"", ""size_direction"": ""none"", ""evidence_quote"": ""पार्सल का कोना फटा हुआ आया""}]","[""logistics"", ""transit_damage""]",Torn shipping parcel and cut sleeve point to transit damage.
return:SYN_R0614,DROPDOWN_BACKGROUND_229,dropdown,deterministic code fixture,Hindi,clear,False,True,"[{""reason"": ""delivery_delay"", ""size_direction"": ""none"", ""evidence_quote"": ""बारह दिन बाद आए""}]","[""logistics"", ""delay""]",Delivery arrived well after the promised two days.
return:SYN_R0615,DROPDOWN_BACKGROUND_230,dropdown,deterministic code fixture,Hinglish,clear,False,True,"[{""reason"": ""changed_mind"", ""size_direction"": ""none"", ""evidence_quote"": ""already bought the same kurta""}]","[""other"", ""changed_mind""]",Duplicate gift makes this purchase unnecessary.
return:SYN_R0616,DROPDOWN_BACKGROUND_231,dropdown,deterministic code fixture,Hinglish,clear,False,True,"[{""reason"": ""quality_defect"", ""size_direction"": ""none"", ""evidence_quote"": ""stitches uneven aur kuch jagah missing hain""}]","[""quality""]",Uneven and missing stitches are a construction-quality complaint.
return:SYN_R0617,DROPDOWN_BACKGROUND_232,dropdown,deterministic code fixture,Hindi,clear,False,True,"[{""reason"": ""colour_or_look_mismatch"", ""size_direction"": ""none"", ""evidence_quote"": ""मिला हुआ टॉप चमकीला नारंगी है""}]","[""appearance"", ""colour""]",Delivered color is explicitly unlike the photographed pink.
return:SYN_R0618,DROPDOWN_BACKGROUND_233,dropdown,deterministic code fixture,Hindi,clear,False,True,"[{""reason"": ""fabric_feel"", ""size_direction"": ""none"", ""evidence_quote"": ""ऊन बहुत चुभता है""}]","[""fabric""]",Wool texture is explicitly irritating.
return:SYN_R0619,DROPDOWN_BACKGROUND_234,dropdown,deterministic code fixture,Hindi,clear,False,True,"[{""reason"": ""wrong_or_missing_item"", ""size_direction"": ""unclear"", ""evidence_quote"": ""पैकेट में केवल एक जोड़ी मिली""}]","[""logistics"", ""wrong_item""]",An ordered unit is missing.
return:SYN_R0620,DROPDOWN_BACKGROUND_235,dropdown,deterministic code fixture,Hinglish,clear,False,True,"[{""reason"": ""damaged_in_transit"", ""size_direction"": ""none"", ""evidence_quote"": ""packing paper soggy tha""}]","[""logistics"", ""transit_damage""]",Wet packaging and stain indicate shipping damage.
return:SYN_R0621,DROPDOWN_BACKGROUND_236,dropdown,deterministic code fixture,Hinglish,clear,False,True,"[{""reason"": ""delivery_delay"", ""size_direction"": ""none"", ""evidence_quote"": ""delivery uske baad hui""}]","[""logistics"", ""delay""]",Delivery came after the occasion for which item was ordered.
return:SYN_R0622,DROPDOWN_BACKGROUND_237,dropdown,deterministic code fixture,Hinglish,clear,False,True,"[{""reason"": ""changed_mind"", ""size_direction"": ""none"", ""evidence_quote"": ""don't actually like wearing long skirts anymore""}]","[""other"", ""changed_mind""]",Personal preference changed; explicitly no item fault.
return:SYN_R0623,DROPDOWN_BACKGROUND_238,dropdown,deterministic code fixture,Hinglish,clear,False,True,"[{""reason"": ""quality_defect"", ""size_direction"": ""none"", ""evidence_quote"": ""Buttons aadhe loose hain aur ek missing""}]","[""quality""]",Loose and missing attached buttons are garment defects.
return:SYN_R0624,DROPDOWN_BACKGROUND_239,dropdown,deterministic code fixture,Hinglish,clear,False,True,"[{""reason"": ""colour_or_look_mismatch"", ""size_direction"": ""none"", ""evidence_quote"": ""shiny navy finish""}]","[""appearance"", ""colour""]",Appearance and color finish differ from the expected matte black.
return:SYN_R0625,DROPDOWN_BACKGROUND_240,dropdown,deterministic code fixture,English,clear,False,True,"[{""reason"": ""fabric_feel"", ""size_direction"": ""none"", ""evidence_quote"": ""feels papery and rigid""}]","[""fabric""]",Complains about stiffness and expected hand-feel.
return:SYN_R0626,DROPDOWN_BACKGROUND_241,dropdown,deterministic code fixture,Hinglish,clear,False,True,"[{""reason"": ""wrong_or_missing_item"", ""size_direction"": ""unclear"", ""evidence_quote"": ""got two beige ones and no green scarf at all""}]","[""logistics"", ""wrong_item""]",Wrong color SKU delivered and ordered item absent.
return:SYN_R0627,DROPDOWN_BACKGROUND_242,dropdown,deterministic code fixture,Hindi,clear,False,True,"[{""reason"": ""damaged_in_transit"", ""size_direction"": ""none"", ""evidence_quote"": ""पार्सल का कोना फटा हुआ आया""}]","[""logistics"", ""transit_damage""]",Torn shipping parcel and cut sleeve point to transit damage.
return:SYN_R0628,DROPDOWN_BACKGROUND_243,dropdown,deterministic code fixture,Hindi,clear,False,True,"[{""reason"": ""delivery_delay"", ""size_direction"": ""none"", ""evidence_quote"": ""बारह दिन बाद आए""}]","[""logistics"", ""delay""]",Delivery arrived well after the promised two days.
return:SYN_R0629,DROPDOWN_BACKGROUND_244,dropdown,deterministic code fixture,Hindi,clear,False,True,"[{""reason"": ""changed_mind"", ""size_direction"": ""none"", ""evidence_quote"": ""अब इस कपड़े की ज़रूरत नहीं है""}]","[""other"", ""changed_mind""]",Customer no longer needs item after choosing another.
return:SYN_R0630,DROPDOWN_BACKGROUND_245,dropdown,deterministic code fixture,English,clear,False,True,"[{""reason"": ""quality_defect"", ""size_direction"": ""none"", ""evidence_quote"": ""elastic casing is split open""}]","[""quality""]",Split casing and exposed elastic are garment damage.
return:SYN_R0631,DROPDOWN_BACKGROUND_246,dropdown,deterministic code fixture,Hindi,clear,False,True,"[{""reason"": ""colour_or_look_mismatch"", ""size_direction"": ""none"", ""evidence_quote"": ""मिला हुआ टॉप चमकीला नारंगी है""}]","[""appearance"", ""colour""]",Delivered color is explicitly unlike the photographed pink.
return:SYN_R0632,DROPDOWN_BACKGROUND_247,dropdown,deterministic code fixture,Hinglish,clear,False,True,"[{""reason"": ""fabric_feel"", ""size_direction"": ""none"", ""evidence_quote"": ""polyester jaisa slippery feel hai""}]","[""fabric""]",Texture and expected fabric type are both criticized.
return:SYN_R0633,DROPDOWN_BACKGROUND_248,dropdown,deterministic code fixture,Hinglish,clear,False,True,"[{""reason"": ""wrong_or_missing_item"", ""size_direction"": ""unclear"", ""evidence_quote"": ""kurti ke badle ek unrelated pillow cover tha""}]","[""logistics"", ""wrong_item""]",Received object is not the ordered garment.
return:SYN_R0634,DROPDOWN_BACKGROUND_249,dropdown,deterministic code fixture,Hinglish,clear,False,True,"[{""reason"": ""damaged_in_transit"", ""size_direction"": ""none"", ""evidence_quote"": ""packing paper soggy tha""}]","[""logistics"", ""transit_damage""]",Wet packaging and stain indicate shipping damage.
return:SYN_R0635,DROPDOWN_BACKGROUND_250,dropdown,deterministic code fixture,Hinglish,clear,False,True,"[{""reason"": ""delivery_delay"", ""size_direction"": ""none"", ""evidence_quote"": ""delivery uske baad hui""}]","[""logistics"", ""delay""]",Delivery came after the occasion for which item was ordered.
return:SYN_R0636,DROPDOWN_BACKGROUND_251,dropdown,deterministic code fixture,Hinglish,clear,False,True,"[{""reason"": ""changed_mind"", ""size_direction"": ""none"", ""evidence_quote"": ""mera sealed wala extra ho gaya""}]","[""other"", ""changed_mind""]",A duplicate gift made the purchase redundant.
return:SYN_R0637,DROPDOWN_BACKGROUND_252,dropdown,deterministic code fixture,Hinglish,clear,False,True,"[{""reason"": ""quality_defect"", ""size_direction"": ""none"", ""evidence_quote"": ""Pocket ka corner properly stitch hi nahi hua""}]","[""quality""]",An unstitched pocket is a manufacturing defect.
return:SYN_R0638,DROPDOWN_BACKGROUND_253,dropdown,deterministic code fixture,Hinglish,clear,False,True,"[{""reason"": ""colour_or_look_mismatch"", ""size_direction"": ""none"", ""evidence_quote"": ""shiny navy finish""}]","[""appearance"", ""colour""]",Appearance and color finish differ from the expected matte black.
return:SYN_R0639,DROPDOWN_BACKGROUND_254,dropdown,deterministic code fixture,Hinglish,clear,False,True,"[{""reason"": ""fabric_feel"", ""size_direction"": ""none"", ""evidence_quote"": ""material bahut thin hai""}]","[""fabric""]",Thinness and transparency are material complaints.
return:SYN_R0640,DROPDOWN_BACKGROUND_255,dropdown,deterministic code fixture,Hinglish,clear,False,True,"[{""reason"": ""wrong_or_missing_item"", ""size_direction"": ""unclear"", ""evidence_quote"": ""S tag wala kurta mila""}]","[""logistics"", ""wrong_item""]",Wrong labeled SKU was sent; this does not establish fit of ordered item.
return:SYN_R0641,DROPDOWN_BACKGROUND_256,dropdown,deterministic code fixture,Hindi,clear,False,True,"[{""reason"": ""damaged_in_transit"", ""size_direction"": ""none"", ""evidence_quote"": ""पार्सल का कोना फटा हुआ आया""}]","[""logistics"", ""transit_damage""]",Torn shipping parcel and cut sleeve point to transit damage.
return:SYN_R0642,DROPDOWN_BACKGROUND_257,dropdown,deterministic code fixture,Hindi,clear,False,True,"[{""reason"": ""delivery_delay"", ""size_direction"": ""none"", ""evidence_quote"": ""बारह दिन बाद आए""}]","[""logistics"", ""delay""]",Delivery arrived well after the promised two days.
return:SYN_R0643,DROPDOWN_BACKGROUND_258,dropdown,deterministic code fixture,Hinglish,clear,False,True,"[{""reason"": ""changed_mind"", ""size_direction"": ""none"", ""evidence_quote"": ""decide kiya ki wardrobe mein already similar jacket hai""}]","[""other"", ""changed_mind""]","Returns due to changed preference and duplication, not a product issue."
return:SYN_R0644,DROPDOWN_BACKGROUND_259,dropdown,deterministic code fixture,Hindi,clear,False,True,"[{""reason"": ""quality_defect"", ""size_direction"": ""none"", ""evidence_quote"": ""सिलाई कई जगह से उधड़ रही है""}]","[""quality""]",Unraveling seams are a clear construction defect.
return:SYN_R0645,DROPDOWN_BACKGROUND_260,dropdown,deterministic code fixture,Hindi,clear,False,True,"[{""reason"": ""colour_or_look_mismatch"", ""size_direction"": ""none"", ""evidence_quote"": ""मिला हुआ टॉप चमकीला नारंगी है""}]","[""appearance"", ""colour""]",Delivered color is explicitly unlike the photographed pink.
return:SYN_R0646,DROPDOWN_BACKGROUND_261,dropdown,deterministic code fixture,Hinglish,clear,False,True,"[{""reason"": ""fabric_feel"", ""size_direction"": ""none"", ""evidence_quote"": ""so itchy on my neck""}]","[""fabric""]",Scratchy material is the explicit complaint.
return:SYN_R0647,DROPDOWN_BACKGROUND_262,dropdown,deterministic code fixture,English,clear,False,True,"[{""reason"": ""wrong_or_missing_item"", ""size_direction"": ""unclear"", ""evidence_quote"": ""belt is missing""}]","[""logistics"", ""wrong_item""]",A listed component of the order was absent.
return:SYN_R0648,DROPDOWN_BACKGROUND_263,dropdown,deterministic code fixture,Hinglish,clear,False,True,"[{""reason"": ""damaged_in_transit"", ""size_direction"": ""none"", ""evidence_quote"": ""packing paper soggy tha""}]","[""logistics"", ""transit_damage""]",Wet packaging and stain indicate shipping damage.
return:SYN_R0649,DROPDOWN_BACKGROUND_264,dropdown,deterministic code fixture,Hinglish,clear,False,True,"[{""reason"": ""delivery_delay"", ""size_direction"": ""none"", ""evidence_quote"": ""delivery uske baad hui""}]","[""logistics"", ""delay""]",Delivery came after the occasion for which item was ordered.
return:SYN_R0650,DROPDOWN_BACKGROUND_265,dropdown,deterministic code fixture,English,clear,False,True,"[{""reason"": ""changed_mind"", ""size_direction"": ""none"", ""evidence_quote"": ""no longer have a reason to keep the occasion wear""}]","[""other"", ""changed_mind""]",Canceled event removed the need for the item.
return:SYN_R0651,DROPDOWN_BACKGROUND_266,dropdown,deterministic code fixture,English,clear,False,True,"[{""reason"": ""quality_defect"", ""size_direction"": ""none"", ""evidence_quote"": ""decorative bead fell off""}]","[""quality""]",Detached embellishment reflects poor garment construction.
return:SYN_R0652,DROPDOWN_BACKGROUND_267,dropdown,deterministic code fixture,Hinglish,clear,False,True,"[{""reason"": ""colour_or_look_mismatch"", ""size_direction"": ""none"", ""evidence_quote"": ""shiny navy finish""}]","[""appearance"", ""colour""]",Appearance and color finish differ from the expected matte black.
return:SYN_R0653,DROPDOWN_BACKGROUND_268,dropdown,deterministic code fixture,Hinglish,clear,False,True,"[{""reason"": ""fabric_feel"", ""size_direction"": ""none"", ""evidence_quote"": ""dry aur rough lagti""}]","[""fabric""]",Criticizes textile's tactile quality versus expected silkiness.
return:SYN_R0654,DROPDOWN_BACKGROUND_269,dropdown,deterministic code fixture,English,clear,False,True,"[{""reason"": ""wrong_or_missing_item"", ""size_direction"": ""unclear"", ""evidence_quote"": ""only the jacket was in the sealed bag""}]","[""logistics"", ""wrong_item""]",The ordered trousers are missing.
return:SYN_R0655,DROPDOWN_BACKGROUND_270,dropdown,deterministic code fixture,Hindi,clear,False,True,"[{""reason"": ""damaged_in_transit"", ""size_direction"": ""none"", ""evidence_quote"": ""पार्सल का कोना फटा हुआ आया""}]","[""logistics"", ""transit_damage""]",Torn shipping parcel and cut sleeve point to transit damage.
return:SYN_R0656,DROPDOWN_BACKGROUND_271,dropdown,deterministic code fixture,Hindi,clear,False,True,"[{""reason"": ""delivery_delay"", ""size_direction"": ""none"", ""evidence_quote"": ""बारह दिन बाद आए""}]","[""logistics"", ""delay""]",Delivery arrived well after the promised two days.
return:SYN_R0657,DROPDOWN_BACKGROUND_272,dropdown,deterministic code fixture,English,clear,False,True,"[{""reason"": ""changed_mind"", ""size_direction"": ""none"", ""evidence_quote"": ""dress is no longer needed""}]","[""other"", ""changed_mind""]",External plans changed; item quality or fit is not criticized.
return:SYN_R0658,DROPDOWN_BACKGROUND_273,dropdown,deterministic code fixture,Hinglish,clear,False,True,"[{""reason"": ""quality_defect"", ""size_direction"": ""none"", ""evidence_quote"": ""Stitching first wash ke baad khul gayi""}]","[""quality""]","A seam fails after washing, indicating a garment quality defect."
return:SYN_R0659,DROPDOWN_BACKGROUND_274,dropdown,deterministic code fixture,Hindi,clear,False,True,"[{""reason"": ""colour_or_look_mismatch"", ""size_direction"": ""none"", ""evidence_quote"": ""मिला हुआ टॉप चमकीला नारंगी है""}]","[""appearance"", ""colour""]",Delivered color is explicitly unlike the photographed pink.
return:SYN_R0660,DROPDOWN_BACKGROUND_275,dropdown,deterministic code fixture,English,clear,False,True,"[{""reason"": ""fabric_feel"", ""size_direction"": ""none"", ""evidence_quote"": ""transparent in daylight and much thinner""}]","[""fabric""]",Criticizes thinness and sheerness of material.
return:SYN_R0661,DROPDOWN_BACKGROUND_276,dropdown,deterministic code fixture,Hinglish,clear,False,True,"[{""reason"": ""wrong_or_missing_item"", ""size_direction"": ""unclear"", ""evidence_quote"": ""delivered packet mein red size M hai""}]","[""logistics"", ""wrong_item""]",Wrong color and labeled size delivered; do not infer garment fit.
return:SYN_R0662,DROPDOWN_BACKGROUND_277,dropdown,deterministic code fixture,Hinglish,clear,False,True,"[{""reason"": ""damaged_in_transit"", ""size_direction"": ""none"", ""evidence_quote"": ""packing paper soggy tha""}]","[""logistics"", ""transit_damage""]",Wet packaging and stain indicate shipping damage.
return:SYN_R0663,DROPDOWN_BACKGROUND_278,dropdown,deterministic code fixture,Hinglish,clear,False,True,"[{""reason"": ""delivery_delay"", ""size_direction"": ""none"", ""evidence_quote"": ""delivery uske baad hui""}]","[""logistics"", ""delay""]",Delivery came after the occasion for which item was ordered.
return:SYN_R0664,DROPDOWN_BACKGROUND_279,dropdown,deterministic code fixture,Hinglish,clear,False,True,"[{""reason"": ""changed_mind"", ""size_direction"": ""none"", ""evidence_quote"": ""decide kiya ki party outfit nahi lena""}]","[""other"", ""changed_mind""]",Customer reconsidered the purchase without identifying a product issue.
return:SYN_R0665,DROPDOWN_BACKGROUND_280,dropdown,deterministic code fixture,Hinglish,clear,False,True,"[{""reason"": ""quality_defect"", ""size_direction"": ""none"", ""evidence_quote"": ""buttonhole closed hi hai""}]","[""quality""]",A nonfunctional buttonhole is a manufacturing issue.
return:SYN_R0666,DROPDOWN_BACKGROUND_281,dropdown,deterministic code fixture,Hinglish,clear,False,True,"[{""reason"": ""colour_or_look_mismatch"", ""size_direction"": ""none"", ""evidence_quote"": ""shiny navy finish""}]","[""appearance"", ""colour""]",Appearance and color finish differ from the expected matte black.
return:SYN_R0667,DROPDOWN_BACKGROUND_282,dropdown,deterministic code fixture,English,clear,False,True,"[{""reason"": ""fabric_feel"", ""size_direction"": ""none"", ""evidence_quote"": ""feels unpleasantly coarse""}]","[""fabric""]",Coarse fabric feel is explicit; shedding is tied to the textile.
return:SYN_R0668,DROPDOWN_BACKGROUND_283,dropdown,deterministic code fixture,Hinglish,clear,False,True,"[{""reason"": ""wrong_or_missing_item"", ""size_direction"": ""unclear"", ""evidence_quote"": ""White kurta ke badle black one bhej diya""}]","[""logistics"", ""wrong_item""]",The wrong color variant was delivered.
return:SYN_R0669,DROPDOWN_BACKGROUND_284,dropdown,deterministic code fixture,Hindi,clear,False,True,"[{""reason"": ""damaged_in_transit"", ""size_direction"": ""none"", ""evidence_quote"": ""पार्सल का कोना फटा हुआ आया""}]","[""logistics"", ""transit_damage""]",Torn shipping parcel and cut sleeve point to transit damage.
return:SYN_R0670,DROPDOWN_BACKGROUND_285,dropdown,deterministic code fixture,Hindi,clear,False,True,"[{""reason"": ""delivery_delay"", ""size_direction"": ""none"", ""evidence_quote"": ""बारह दिन बाद आए""}]","[""logistics"", ""delay""]",Delivery arrived well after the promised two days.
return:SYN_R0671,DROPDOWN_BACKGROUND_286,dropdown,deterministic code fixture,Hinglish,clear,False,True,"[{""reason"": ""changed_mind"", ""size_direction"": ""none"", ""evidence_quote"": ""simply changed my mind""}]","[""other"", ""changed_mind""]",Explicit preference change without product complaint.
return:SYN_R0672,DROPDOWN_BACKGROUND_287,dropdown,deterministic code fixture,Hinglish,clear,False,True,"[{""reason"": ""quality_defect"", ""size_direction"": ""none"", ""evidence_quote"": ""zipper jams halfway and the teeth split apart""}]","[""quality""]",Broken zipper is a product defect.
return:SYN_R0673,DROPDOWN_BACKGROUND_288,dropdown,deterministic code fixture,Hindi,clear,False,True,"[{""reason"": ""colour_or_look_mismatch"", ""size_direction"": ""none"", ""evidence_quote"": ""मिला हुआ टॉप चमकीला नारंगी है""}]","[""appearance"", ""colour""]",Delivered color is explicitly unlike the photographed pink.
return:SYN_R0674,DROPDOWN_BACKGROUND_289,dropdown,deterministic code fixture,Hindi,clear,False,True,"[{""reason"": ""fabric_feel"", ""size_direction"": ""none"", ""evidence_quote"": ""कपड़ा बहुत खुरदुरा है""}]","[""fabric""]","Explicitly rough, irritating fabric texture."
return:SYN_R0675,DROPDOWN_BACKGROUND_290,dropdown,deterministic code fixture,English,clear,False,True,"[{""reason"": ""wrong_or_missing_item"", ""size_direction"": ""unclear"", ""evidence_quote"": ""Only one shoe arrived from the pair order""}]","[""logistics"", ""wrong_item""]",Ordered pair arrived incomplete.
return:SYN_R0676,DROPDOWN_BACKGROUND_291,dropdown,deterministic code fixture,Hinglish,clear,False,True,"[{""reason"": ""damaged_in_transit"", ""size_direction"": ""none"", ""evidence_quote"": ""packing paper soggy tha""}]","[""logistics"", ""transit_damage""]",Wet packaging and stain indicate shipping damage.
return:SYN_R0677,DROPDOWN_BACKGROUND_292,dropdown,deterministic code fixture,Hinglish,clear,False,True,"[{""reason"": ""delivery_delay"", ""size_direction"": ""none"", ""evidence_quote"": ""delivery uske baad hui""}]","[""logistics"", ""delay""]",Delivery came after the occasion for which item was ordered.
return:SYN_R0678,DROPDOWN_BACKGROUND_293,dropdown,deterministic code fixture,English,clear,False,True,"[{""reason"": ""changed_mind"", ""size_direction"": ""none"", ""evidence_quote"": ""I have no use for these perfectly fine trousers""}]","[""other"", ""changed_mind""]",Changed circumstances remove need; garment is not criticized.
return:SYN_R0679,DROPDOWN_BACKGROUND_294,dropdown,deterministic code fixture,Hinglish,clear,False,True,"[{""reason"": ""quality_defect"", ""size_direction"": ""none"", ""evidence_quote"": ""ek seam pehle wear mein hi khul gayi""}]","[""quality""]",Seam failure during first wear is a clear quality defect.
return:SYN_R0680,DROPDOWN_BACKGROUND_295,dropdown,deterministic code fixture,Hinglish,clear,False,True,"[{""reason"": ""colour_or_look_mismatch"", ""size_direction"": ""none"", ""evidence_quote"": ""shiny navy finish""}]","[""appearance"", ""colour""]",Appearance and color finish differ from the expected matte black.
return:SYN_R0681,DROPDOWN_BACKGROUND_296,dropdown,deterministic code fixture,Hinglish,clear,False,True,"[{""reason"": ""fabric_feel"", ""size_direction"": ""none"", ""evidence_quote"": ""fabric stiff hai""}]","[""fabric""]",Stiff hand-feel and drape differ from expected cotton.
return:SYN_R0682,DROPDOWN_BACKGROUND_297,dropdown,deterministic code fixture,English,clear,False,True,"[{""reason"": ""wrong_or_missing_item"", ""size_direction"": ""unclear"", ""evidence_quote"": ""not the matching skirt""}]","[""logistics"", ""wrong_item""]",One component of the ordered two-piece set is missing.
return:SYN_R0683,DROPDOWN_BACKGROUND_298,dropdown,deterministic code fixture,Hindi,clear,False,True,"[{""reason"": ""damaged_in_transit"", ""size_direction"": ""none"", ""evidence_quote"": ""पार्सल का कोना फटा हुआ आया""}]","[""logistics"", ""transit_damage""]",Torn shipping parcel and cut sleeve point to transit damage.
return:SYN_R0684,DROPDOWN_BACKGROUND_299,dropdown,deterministic code fixture,Hindi,clear,False,True,"[{""reason"": ""delivery_delay"", ""size_direction"": ""none"", ""evidence_quote"": ""बारह दिन बाद आए""}]","[""logistics"", ""delay""]",Delivery arrived well after the promised two days.
return:SYN_R0685,DROPDOWN_BACKGROUND_300,dropdown,deterministic code fixture,Hinglish,clear,False,True,"[{""reason"": ""changed_mind"", ""size_direction"": ""none"", ""evidence_quote"": ""Function cancel ho gaya, outfit ki zaroorat nahi rahi""}]","[""other"", ""changed_mind""]",Need ended because event was canceled; no product issue.
return:SYN_R0686,DROPDOWN_BACKGROUND_301,dropdown,deterministic code fixture,English,clear,False,True,"[{""reason"": ""quality_defect"", ""size_direction"": ""none"", ""evidence_quote"": ""sleeve seam is unraveling""}]","[""quality""]","Unraveling garment seam is a quality complaint, not fit."
return:SYN_R0687,DROPDOWN_BACKGROUND_302,dropdown,deterministic code fixture,Hindi,clear,False,True,"[{""reason"": ""colour_or_look_mismatch"", ""size_direction"": ""none"", ""evidence_quote"": ""मिला हुआ टॉप चमकीला नारंगी है""}]","[""appearance"", ""colour""]",Delivered color is explicitly unlike the photographed pink.
return:SYN_R0688,DROPDOWN_BACKGROUND_303,dropdown,deterministic code fixture,Hinglish,clear,False,True,"[{""reason"": ""fabric_feel"", ""size_direction"": ""none"", ""evidence_quote"": ""stiff canvas jaisa hai""}]","[""fabric""]",Material type and hand-feel differ from expectation.
return:SYN_R0689,DROPDOWN_BACKGROUND_304,dropdown,deterministic code fixture,Hinglish,clear,False,True,"[{""reason"": ""wrong_or_missing_item"", ""size_direction"": ""unclear"", ""evidence_quote"": ""Label pe SKU 74-B hai but maine 74-A floral dress order ki thi""}]","[""logistics"", ""wrong_item""]",SKU confirms wrong item was sent.
return:SYN_R0690,DROPDOWN_BACKGROUND_305,dropdown,deterministic code fixture,Hinglish,clear,False,True,"[{""reason"": ""damaged_in_transit"", ""size_direction"": ""none"", ""evidence_quote"": ""packing paper soggy tha""}]","[""logistics"", ""transit_damage""]",Wet packaging and stain indicate shipping damage.
return:SYN_R0691,DROPDOWN_BACKGROUND_306,dropdown,deterministic code fixture,Hinglish,clear,False,True,"[{""reason"": ""delivery_delay"", ""size_direction"": ""none"", ""evidence_quote"": ""delivery uske baad hui""}]","[""logistics"", ""delay""]",Delivery came after the occasion for which item was ordered.
return:SYN_R0692,DROPDOWN_BACKGROUND_307,dropdown,deterministic code fixture,Hinglish,clear,False,True,"[{""reason"": ""changed_mind"", ""size_direction"": ""none"", ""evidence_quote"": ""mujhe ye color chahiye hi nahi""}]","[""other"", ""changed_mind""]","Customer no longer wants the selected color, without mismatch claim."
return:SYN_R0693,DROPDOWN_BACKGROUND_308,dropdown,deterministic code fixture,English,clear,False,True,"[{""reason"": ""quality_defect"", ""size_direction"": ""none"", ""evidence_quote"": ""snap fastening is cracked""}]","[""quality""]",Cracked fastening on an unworn garment is defective.
return:SYN_R0694,DROPDOWN_BACKGROUND_309,dropdown,deterministic code fixture,Hinglish,clear,False,True,"[{""reason"": ""colour_or_look_mismatch"", ""size_direction"": ""none"", ""evidence_quote"": ""shiny navy finish""}]","[""appearance"", ""colour""]",Appearance and color finish differ from the expected matte black.
return:SYN_R0695,DROPDOWN_BACKGROUND_310,dropdown,deterministic code fixture,English,clear,False,True,"[{""reason"": ""fabric_feel"", ""size_direction"": ""none"", ""evidence_quote"": ""jersey is tissue-thin""}]","[""fabric""]",Material thinness and cling are the complaint.
return:SYN_R0696,DROPDOWN_BACKGROUND_311,dropdown,deterministic code fixture,Hinglish,clear,False,True,"[{""reason"": ""wrong_or_missing_item"", ""size_direction"": ""unclear"", ""evidence_quote"": ""tag says 32""}]","[""logistics"", ""wrong_item""]","Explicit tag discrepancy means wrong item, not inferred fit."
return:SYN_R0697,DROPDOWN_BACKGROUND_312,dropdown,deterministic code fixture,Hindi,clear,False,True,"[{""reason"": ""damaged_in_transit"", ""size_direction"": ""none"", ""evidence_quote"": ""पार्सल का कोना फटा हुआ आया""}]","[""logistics"", ""transit_damage""]",Torn shipping parcel and cut sleeve point to transit damage.
return:SYN_R0698,DROPDOWN_BACKGROUND_313,dropdown,deterministic code fixture,Hindi,clear,False,True,"[{""reason"": ""delivery_delay"", ""size_direction"": ""none"", ""evidence_quote"": ""बारह दिन बाद आए""}]","[""logistics"", ""delay""]",Delivery arrived well after the promised two days.
return:SYN_R0699,DROPDOWN_BACKGROUND_314,dropdown,deterministic code fixture,Hindi,clear,False,True,"[{""reason"": ""changed_mind"", ""size_direction"": ""none"", ""evidence_quote"": ""यह रंग मेरी पसंद का नहीं है""}]","[""other"", ""changed_mind""]","Preference mismatch, not a listing mismatch or defect."
return:SYN_R0700,DROPDOWN_BACKGROUND_315,dropdown,deterministic code fixture,Hindi,clear,False,True,"[{""reason"": ""quality_defect"", ""size_direction"": ""none"", ""evidence_quote"": ""हुक पहली बार पहनते ही टूट गया""}]","[""quality""]",A garment hook broke during first wear.
return:SYN_R0701,DROPDOWN_BACKGROUND_316,dropdown,deterministic code fixture,Hindi,clear,False,True,"[{""reason"": ""colour_or_look_mismatch"", ""size_direction"": ""none"", ""evidence_quote"": ""मिला हुआ टॉप चमकीला नारंगी है""}]","[""appearance"", ""colour""]",Delivered color is explicitly unlike the photographed pink.
return:SYN_R0702,DROPDOWN_BACKGROUND_317,dropdown,deterministic code fixture,Hinglish,clear,False,True,"[{""reason"": ""fabric_feel"", ""size_direction"": ""none"", ""evidence_quote"": ""Dupatta itna rough hai""}]","[""fabric""]",Rough irritating textile is the concern.
return:SYN_R0703,DROPDOWN_BACKGROUND_318,dropdown,deterministic code fixture,Hinglish,clear,False,True,"[{""reason"": ""wrong_or_missing_item"", ""size_direction"": ""unclear"", ""evidence_quote"": ""sirf 2 aaye; yellow wala missing hai""}]","[""logistics"", ""wrong_item""]",One ordered unit is explicitly missing.
return:SYN_R0704,DROPDOWN_BACKGROUND_319,dropdown,deterministic code fixture,Hinglish,clear,False,True,"[{""reason"": ""damaged_in_transit"", ""size_direction"": ""none"", ""evidence_quote"": ""packing paper soggy tha""}]","[""logistics"", ""transit_damage""]",Wet packaging and stain indicate shipping damage.
return:SYN_R0705,DROPDOWN_BACKGROUND_320,dropdown,deterministic code fixture,Hinglish,clear,False,True,"[{""reason"": ""delivery_delay"", ""size_direction"": ""none"", ""evidence_quote"": ""delivery uske baad hui""}]","[""logistics"", ""delay""]",Delivery came after the occasion for which item was ordered.
return:SYN_R0706,DROPDOWN_BACKGROUND_321,dropdown,deterministic code fixture,English,clear,False,True,"[{""reason"": ""changed_mind"", ""size_direction"": ""none"", ""evidence_quote"": ""my preferred style changed""}]","[""other"", ""changed_mind""]",Explicit preference change and no product fault.
return:SYN_R0707,DROPDOWN_BACKGROUND_322,dropdown,deterministic code fixture,Hinglish,clear,False,True,"[{""reason"": ""quality_defect"", ""size_direction"": ""none"", ""evidence_quote"": ""stitches uneven aur kuch jagah missing hain""}]","[""quality""]",Uneven and missing stitches are a construction-quality complaint.
return:SYN_R0708,DROPDOWN_BACKGROUND_323,dropdown,deterministic code fixture,Hinglish,clear,False,True,"[{""reason"": ""colour_or_look_mismatch"", ""size_direction"": ""none"", ""evidence_quote"": ""shiny navy finish""}]","[""appearance"", ""colour""]",Appearance and color finish differ from the expected matte black.
return:SYN_R0709,DROPDOWN_BACKGROUND_324,dropdown,deterministic code fixture,Hindi,clear,False,True,"[{""reason"": ""fabric_feel"", ""size_direction"": ""none"", ""evidence_quote"": ""ऊन बहुत चुभता है""}]","[""fabric""]",Wool texture is explicitly irritating.
return:SYN_R0710,DROPDOWN_BACKGROUND_325,dropdown,deterministic code fixture,Hinglish,clear,False,True,"[{""reason"": ""wrong_or_missing_item"", ""size_direction"": ""unclear"", ""evidence_quote"": ""kisi aur customer ka kurta tha""}]","[""logistics"", ""wrong_item""]",A different customer's item arrived instead of the ordered item.
return:SYN_R0711,DROPDOWN_BACKGROUND_326,dropdown,deterministic code fixture,Hindi,clear,False,True,"[{""reason"": ""damaged_in_transit"", ""size_direction"": ""none"", ""evidence_quote"": ""पार्सल का कोना फटा हुआ आया""}]","[""logistics"", ""transit_damage""]",Torn shipping parcel and cut sleeve point to transit damage.
return:SYN_R0712,DROPDOWN_BACKGROUND_327,dropdown,deterministic code fixture,Hindi,clear,False,True,"[{""reason"": ""delivery_delay"", ""size_direction"": ""none"", ""evidence_quote"": ""बारह दिन बाद आए""}]","[""logistics"", ""delay""]",Delivery arrived well after the promised two days.
return:SYN_R0713,DROPDOWN_BACKGROUND_328,dropdown,deterministic code fixture,English,clear,False,True,"[{""reason"": ""changed_mind"", ""size_direction"": ""none"", ""evidence_quote"": ""I no longer need the travel set""}]","[""other"", ""changed_mind""]",Trip cancellation removes need for the purchase.
return:SYN_R0714,DROPDOWN_BACKGROUND_329,dropdown,deterministic code fixture,Hinglish,clear,False,True,"[{""reason"": ""quality_defect"", ""size_direction"": ""none"", ""evidence_quote"": ""Buttons aadhe loose hain aur ek missing""}]","[""quality""]",Loose and missing attached buttons are garment defects.
return:SYN_R0715,DROPDOWN_BACKGROUND_330,dropdown,deterministic code fixture,Hindi,clear,False,True,"[{""reason"": ""colour_or_look_mismatch"", ""size_direction"": ""none"", ""evidence_quote"": ""मिला हुआ टॉप चमकीला नारंगी है""}]","[""appearance"", ""colour""]",Delivered color is explicitly unlike the photographed pink.
return:SYN_R0716,DROPDOWN_BACKGROUND_331,dropdown,deterministic code fixture,English,clear,False,True,"[{""reason"": ""fabric_feel"", ""size_direction"": ""none"", ""evidence_quote"": ""feels papery and rigid""}]","[""fabric""]",Complains about stiffness and expected hand-feel.
return:SYN_R0717,DROPDOWN_BACKGROUND_332,dropdown,deterministic code fixture,English,clear,False,True,"[{""reason"": ""wrong_or_missing_item"", ""size_direction"": ""unclear"", ""evidence_quote"": ""a men's shirt instead of the women's linen trousers""}]","[""logistics"", ""wrong_item""]","Different product was delivered, not a garment fit complaint."
return:SYN_R0718,DROPDOWN_BACKGROUND_333,dropdown,deterministic code fixture,Hinglish,clear,False,True,"[{""reason"": ""damaged_in_transit"", ""size_direction"": ""none"", ""evidence_quote"": ""packing paper soggy tha""}]","[""logistics"", ""transit_damage""]",Wet packaging and stain indicate shipping damage.
return:SYN_R0719,DROPDOWN_BACKGROUND_334,dropdown,deterministic code fixture,Hinglish,clear,False,True,"[{""reason"": ""delivery_delay"", ""size_direction"": ""none"", ""evidence_quote"": ""delivery uske baad hui""}]","[""logistics"", ""delay""]",Delivery came after the occasion for which item was ordered.
return:SYN_R0720,DROPDOWN_BACKGROUND_335,dropdown,deterministic code fixture,Hinglish,clear,False,True,"[{""reason"": ""changed_mind"", ""size_direction"": ""none"", ""evidence_quote"": ""already bought the same kurta""}]","[""other"", ""changed_mind""]",Duplicate gift makes this purchase unnecessary.
return:SYN_R0721,DROPDOWN_BACKGROUND_336,dropdown,deterministic code fixture,English,clear,False,True,"[{""reason"": ""quality_defect"", ""size_direction"": ""none"", ""evidence_quote"": ""elastic casing is split open""}]","[""quality""]",Split casing and exposed elastic are garment damage.
return:SYN_R0722,DROPDOWN_BACKGROUND_337,dropdown,deterministic code fixture,Hinglish,clear,False,True,"[{""reason"": ""colour_or_look_mismatch"", ""size_direction"": ""none"", ""evidence_quote"": ""shiny navy finish""}]","[""appearance"", ""colour""]",Appearance and color finish differ from the expected matte black.
return:SYN_R0723,DROPDOWN_BACKGROUND_338,dropdown,deterministic code fixture,Hinglish,clear,False,True,"[{""reason"": ""fabric_feel"", ""size_direction"": ""none"", ""evidence_quote"": ""polyester jaisa slippery feel hai""}]","[""fabric""]",Texture and expected fabric type are both criticized.
return:SYN_R0724,DROPDOWN_BACKGROUND_339,dropdown,deterministic code fixture,Hindi,clear,False,True,"[{""reason"": ""wrong_or_missing_item"", ""size_direction"": ""unclear"", ""evidence_quote"": ""पैकेट में केवल एक जोड़ी मिली""}]","[""logistics"", ""wrong_item""]",An ordered unit is missing.
return:SYN_R0725,DROPDOWN_BACKGROUND_340,dropdown,deterministic code fixture,Hindi,clear,False,True,"[{""reason"": ""damaged_in_transit"", ""size_direction"": ""none"", ""evidence_quote"": ""पार्सल का कोना फटा हुआ आया""}]","[""logistics"", ""transit_damage""]",Torn shipping parcel and cut sleeve point to transit damage.
return:SYN_R0726,DROPDOWN_BACKGROUND_341,dropdown,deterministic code fixture,Hindi,clear,False,True,"[{""reason"": ""delivery_delay"", ""size_direction"": ""none"", ""evidence_quote"": ""बारह दिन बाद आए""}]","[""logistics"", ""delay""]",Delivery arrived well after the promised two days.
return:SYN_R0727,DROPDOWN_BACKGROUND_342,dropdown,deterministic code fixture,Hinglish,clear,False,True,"[{""reason"": ""changed_mind"", ""size_direction"": ""none"", ""evidence_quote"": ""don't actually like wearing long skirts anymore""}]","[""other"", ""changed_mind""]",Personal preference changed; explicitly no item fault.
return:SYN_R0728,DROPDOWN_BACKGROUND_343,dropdown,deterministic code fixture,Hinglish,clear,False,True,"[{""reason"": ""quality_defect"", ""size_direction"": ""none"", ""evidence_quote"": ""Pocket ka corner properly stitch hi nahi hua""}]","[""quality""]",An unstitched pocket is a manufacturing defect.
return:SYN_R0729,DROPDOWN_BACKGROUND_344,dropdown,deterministic code fixture,Hindi,clear,False,True,"[{""reason"": ""colour_or_look_mismatch"", ""size_direction"": ""none"", ""evidence_quote"": ""मिला हुआ टॉप चमकीला नारंगी है""}]","[""appearance"", ""colour""]",Delivered color is explicitly unlike the photographed pink.
return:SYN_R0730,DROPDOWN_BACKGROUND_345,dropdown,deterministic code fixture,Hinglish,clear,False,True,"[{""reason"": ""fabric_feel"", ""size_direction"": ""none"", ""evidence_quote"": ""material bahut thin hai""}]","[""fabric""]",Thinness and transparency are material complaints.
return:SYN_R0731,DROPDOWN_BACKGROUND_346,dropdown,deterministic code fixture,Hinglish,clear,False,True,"[{""reason"": ""wrong_or_missing_item"", ""size_direction"": ""unclear"", ""evidence_quote"": ""got two beige ones and no green scarf at all""}]","[""logistics"", ""wrong_item""]",Wrong color SKU delivered and ordered item absent.
return:SYN_R0732,DROPDOWN_BACKGROUND_347,dropdown,deterministic code fixture,Hinglish,clear,False,True,"[{""reason"": ""damaged_in_transit"", ""size_direction"": ""none"", ""evidence_quote"": ""packing paper soggy tha""}]","[""logistics"", ""transit_damage""]",Wet packaging and stain indicate shipping damage.
return:SYN_R0733,DROPDOWN_BACKGROUND_348,dropdown,deterministic code fixture,Hinglish,clear,False,True,"[{""reason"": ""delivery_delay"", ""size_direction"": ""none"", ""evidence_quote"": ""delivery uske baad hui""}]","[""logistics"", ""delay""]",Delivery came after the occasion for which item was ordered.
return:SYN_R0734,DROPDOWN_BACKGROUND_349,dropdown,deterministic code fixture,Hindi,clear,False,True,"[{""reason"": ""changed_mind"", ""size_direction"": ""none"", ""evidence_quote"": ""अब इस कपड़े की ज़रूरत नहीं है""}]","[""other"", ""changed_mind""]",Customer no longer needs item after choosing another.
return:SYN_R0735,DROPDOWN_BACKGROUND_350,dropdown,deterministic code fixture,Hindi,clear,False,True,"[{""reason"": ""quality_defect"", ""size_direction"": ""none"", ""evidence_quote"": ""सिलाई कई जगह से उधड़ रही है""}]","[""quality""]",Unraveling seams are a clear construction defect.
return:SYN_R0736,DROPDOWN_BACKGROUND_351,dropdown,deterministic code fixture,Hinglish,clear,False,True,"[{""reason"": ""colour_or_look_mismatch"", ""size_direction"": ""none"", ""evidence_quote"": ""shiny navy finish""}]","[""appearance"", ""colour""]",Appearance and color finish differ from the expected matte black.
return:SYN_R0737,DROPDOWN_BACKGROUND_352,dropdown,deterministic code fixture,Hinglish,clear,False,True,"[{""reason"": ""fabric_feel"", ""size_direction"": ""none"", ""evidence_quote"": ""so itchy on my neck""}]","[""fabric""]",Scratchy material is the explicit complaint.
return:SYN_R0738,DROPDOWN_BACKGROUND_353,dropdown,deterministic code fixture,Hinglish,clear,False,True,"[{""reason"": ""wrong_or_missing_item"", ""size_direction"": ""unclear"", ""evidence_quote"": ""kurti ke badle ek unrelated pillow cover tha""}]","[""logistics"", ""wrong_item""]",Received object is not the ordered garment.
return:SYN_R0739,DROPDOWN_BACKGROUND_354,dropdown,deterministic code fixture,Hindi,clear,False,True,"[{""reason"": ""damaged_in_transit"", ""size_direction"": ""none"", ""evidence_quote"": ""पार्सल का कोना फटा हुआ आया""}]","[""logistics"", ""transit_damage""]",Torn shipping parcel and cut sleeve point to transit damage.
return:SYN_R0740,DROPDOWN_BACKGROUND_355,dropdown,deterministic code fixture,Hindi,clear,False,True,"[{""reason"": ""delivery_delay"", ""size_direction"": ""none"", ""evidence_quote"": ""बारह दिन बाद आए""}]","[""logistics"", ""delay""]",Delivery arrived well after the promised two days.
return:SYN_R0741,DROPDOWN_BACKGROUND_356,dropdown,deterministic code fixture,Hinglish,clear,False,True,"[{""reason"": ""changed_mind"", ""size_direction"": ""none"", ""evidence_quote"": ""mera sealed wala extra ho gaya""}]","[""other"", ""changed_mind""]",A duplicate gift made the purchase redundant.
return:SYN_R0742,DROPDOWN_BACKGROUND_357,dropdown,deterministic code fixture,English,clear,False,True,"[{""reason"": ""quality_defect"", ""size_direction"": ""none"", ""evidence_quote"": ""decorative bead fell off""}]","[""quality""]",Detached embellishment reflects poor garment construction.
return:SYN_R0743,DROPDOWN_BACKGROUND_358,dropdown,deterministic code fixture,Hindi,clear,False,True,"[{""reason"": ""colour_or_look_mismatch"", ""size_direction"": ""none"", ""evidence_quote"": ""मिला हुआ टॉप चमकीला नारंगी है""}]","[""appearance"", ""colour""]",Delivered color is explicitly unlike the photographed pink.
return:SYN_R0744,DROPDOWN_BACKGROUND_359,dropdown,deterministic code fixture,Hinglish,clear,False,True,"[{""reason"": ""fabric_feel"", ""size_direction"": ""none"", ""evidence_quote"": ""dry aur rough lagti""}]","[""fabric""]",Criticizes textile's tactile quality versus expected silkiness.
return:SYN_R0745,DROPDOWN_BACKGROUND_360,dropdown,deterministic code fixture,Hinglish,clear,False,True,"[{""reason"": ""wrong_or_missing_item"", ""size_direction"": ""unclear"", ""evidence_quote"": ""S tag wala kurta mila""}]","[""logistics"", ""wrong_item""]",Wrong labeled SKU was sent; this does not establish fit of ordered item.
return:SYN_R0746,DROPDOWN_BACKGROUND_361,dropdown,deterministic code fixture,Hinglish,clear,False,True,"[{""reason"": ""damaged_in_transit"", ""size_direction"": ""none"", ""evidence_quote"": ""packing paper soggy tha""}]","[""logistics"", ""transit_damage""]",Wet packaging and stain indicate shipping damage.
return:SYN_R0747,DROPDOWN_BACKGROUND_362,dropdown,deterministic code fixture,Hinglish,clear,False,True,"[{""reason"": ""delivery_delay"", ""size_direction"": ""none"", ""evidence_quote"": ""delivery uske baad hui""}]","[""logistics"", ""delay""]",Delivery came after the occasion for which item was ordered.
return:SYN_R0748,DROPDOWN_BACKGROUND_363,dropdown,deterministic code fixture,Hinglish,clear,False,True,"[{""reason"": ""changed_mind"", ""size_direction"": ""none"", ""evidence_quote"": ""decide kiya ki wardrobe mein already similar jacket hai""}]","[""other"", ""changed_mind""]","Returns due to changed preference and duplication, not a product issue."
return:SYN_R0749,DROPDOWN_BACKGROUND_364,dropdown,deterministic code fixture,Hinglish,clear,False,True,"[{""reason"": ""quality_defect"", ""size_direction"": ""none"", ""evidence_quote"": ""Stitching first wash ke baad khul gayi""}]","[""quality""]","A seam fails after washing, indicating a garment quality defect."
return:SYN_R0750,DROPDOWN_BACKGROUND_365,dropdown,deterministic code fixture,Hinglish,clear,False,True,"[{""reason"": ""colour_or_look_mismatch"", ""size_direction"": ""none"", ""evidence_quote"": ""shiny navy finish""}]","[""appearance"", ""colour""]",Appearance and color finish differ from the expected matte black.
return:SYN_R0751,DROPDOWN_BACKGROUND_366,dropdown,deterministic code fixture,English,clear,False,True,"[{""reason"": ""fabric_feel"", ""size_direction"": ""none"", ""evidence_quote"": ""transparent in daylight and much thinner""}]","[""fabric""]",Criticizes thinness and sheerness of material.
return:SYN_R0752,DROPDOWN_BACKGROUND_367,dropdown,deterministic code fixture,English,clear,False,True,"[{""reason"": ""wrong_or_missing_item"", ""size_direction"": ""unclear"", ""evidence_quote"": ""belt is missing""}]","[""logistics"", ""wrong_item""]",A listed component of the order was absent.
return:SYN_R0753,DROPDOWN_BACKGROUND_368,dropdown,deterministic code fixture,Hindi,clear,False,True,"[{""reason"": ""damaged_in_transit"", ""size_direction"": ""none"", ""evidence_quote"": ""पार्सल का कोना फटा हुआ आया""}]","[""logistics"", ""transit_damage""]",Torn shipping parcel and cut sleeve point to transit damage.
return:SYN_R0754,DROPDOWN_BACKGROUND_369,dropdown,deterministic code fixture,Hindi,clear,False,True,"[{""reason"": ""delivery_delay"", ""size_direction"": ""none"", ""evidence_quote"": ""बारह दिन बाद आए""}]","[""logistics"", ""delay""]",Delivery arrived well after the promised two days.
return:SYN_R0755,DROPDOWN_BACKGROUND_370,dropdown,deterministic code fixture,English,clear,False,True,"[{""reason"": ""changed_mind"", ""size_direction"": ""none"", ""evidence_quote"": ""no longer have a reason to keep the occasion wear""}]","[""other"", ""changed_mind""]",Canceled event removed the need for the item.
return:SYN_R0756,DROPDOWN_BACKGROUND_371,dropdown,deterministic code fixture,Hinglish,clear,False,True,"[{""reason"": ""quality_defect"", ""size_direction"": ""none"", ""evidence_quote"": ""buttonhole closed hi hai""}]","[""quality""]",A nonfunctional buttonhole is a manufacturing issue.
return:SYN_R0757,DROPDOWN_BACKGROUND_372,dropdown,deterministic code fixture,Hindi,clear,False,True,"[{""reason"": ""colour_or_look_mismatch"", ""size_direction"": ""none"", ""evidence_quote"": ""मिला हुआ टॉप चमकीला नारंगी है""}]","[""appearance"", ""colour""]",Delivered color is explicitly unlike the photographed pink.
return:SYN_R0758,DROPDOWN_BACKGROUND_373,dropdown,deterministic code fixture,English,clear,False,True,"[{""reason"": ""fabric_feel"", ""size_direction"": ""none"", ""evidence_quote"": ""feels unpleasantly coarse""}]","[""fabric""]",Coarse fabric feel is explicit; shedding is tied to the textile.
return:SYN_R0759,DROPDOWN_BACKGROUND_374,dropdown,deterministic code fixture,English,clear,False,True,"[{""reason"": ""wrong_or_missing_item"", ""size_direction"": ""unclear"", ""evidence_quote"": ""only the jacket was in the sealed bag""}]","[""logistics"", ""wrong_item""]",The ordered trousers are missing.
return:SYN_R0760,DROPDOWN_BACKGROUND_375,dropdown,deterministic code fixture,Hinglish,clear,False,True,"[{""reason"": ""damaged_in_transit"", ""size_direction"": ""none"", ""evidence_quote"": ""packing paper soggy tha""}]","[""logistics"", ""transit_damage""]",Wet packaging and stain indicate shipping damage.
return:SYN_R0761,DROPDOWN_BACKGROUND_376,dropdown,deterministic code fixture,Hinglish,clear,False,True,"[{""reason"": ""delivery_delay"", ""size_direction"": ""none"", ""evidence_quote"": ""delivery uske baad hui""}]","[""logistics"", ""delay""]",Delivery came after the occasion for which item was ordered.
return:SYN_R0762,DROPDOWN_BACKGROUND_377,dropdown,deterministic code fixture,English,clear,False,True,"[{""reason"": ""changed_mind"", ""size_direction"": ""none"", ""evidence_quote"": ""dress is no longer needed""}]","[""other"", ""changed_mind""]",External plans changed; item quality or fit is not criticized.
return:SYN_R0763,DROPDOWN_BACKGROUND_378,dropdown,deterministic code fixture,Hinglish,clear,False,True,"[{""reason"": ""quality_defect"", ""size_direction"": ""none"", ""evidence_quote"": ""zipper jams halfway and the teeth split apart""}]","[""quality""]",Broken zipper is a product defect.
return:SYN_R0764,DROPDOWN_BACKGROUND_379,dropdown,deterministic code fixture,Hinglish,clear,False,True,"[{""reason"": ""colour_or_look_mismatch"", ""size_direction"": ""none"", ""evidence_quote"": ""shiny navy finish""}]","[""appearance"", ""colour""]",Appearance and color finish differ from the expected matte black.
return:SYN_R0765,DROPDOWN_BACKGROUND_380,dropdown,deterministic code fixture,Hindi,clear,False,True,"[{""reason"": ""fabric_feel"", ""size_direction"": ""none"", ""evidence_quote"": ""कपड़ा बहुत खुरदुरा है""}]","[""fabric""]","Explicitly rough, irritating fabric texture."
return:SYN_R0766,DROPDOWN_BACKGROUND_381,dropdown,deterministic code fixture,Hinglish,clear,False,True,"[{""reason"": ""wrong_or_missing_item"", ""size_direction"": ""unclear"", ""evidence_quote"": ""delivered packet mein red size M hai""}]","[""logistics"", ""wrong_item""]",Wrong color and labeled size delivered; do not infer garment fit.
return:SYN_R0767,DROPDOWN_BACKGROUND_382,dropdown,deterministic code fixture,Hindi,clear,False,True,"[{""reason"": ""damaged_in_transit"", ""size_direction"": ""none"", ""evidence_quote"": ""पार्सल का कोना फटा हुआ आया""}]","[""logistics"", ""transit_damage""]",Torn shipping parcel and cut sleeve point to transit damage.
return:SYN_R0768,DROPDOWN_BACKGROUND_383,dropdown,deterministic code fixture,Hindi,clear,False,True,"[{""reason"": ""delivery_delay"", ""size_direction"": ""none"", ""evidence_quote"": ""बारह दिन बाद आए""}]","[""logistics"", ""delay""]",Delivery arrived well after the promised two days.
return:SYN_R0769,DROPDOWN_BACKGROUND_384,dropdown,deterministic code fixture,Hinglish,clear,False,True,"[{""reason"": ""changed_mind"", ""size_direction"": ""none"", ""evidence_quote"": ""decide kiya ki party outfit nahi lena""}]","[""other"", ""changed_mind""]",Customer reconsidered the purchase without identifying a product issue.
return:SYN_R0770,DROPDOWN_BACKGROUND_385,dropdown,deterministic code fixture,Hinglish,clear,False,True,"[{""reason"": ""quality_defect"", ""size_direction"": ""none"", ""evidence_quote"": ""ek seam pehle wear mein hi khul gayi""}]","[""quality""]",Seam failure during first wear is a clear quality defect.
return:SYN_R0771,DROPDOWN_BACKGROUND_386,dropdown,deterministic code fixture,Hindi,clear,False,True,"[{""reason"": ""colour_or_look_mismatch"", ""size_direction"": ""none"", ""evidence_quote"": ""मिला हुआ टॉप चमकीला नारंगी है""}]","[""appearance"", ""colour""]",Delivered color is explicitly unlike the photographed pink.
return:SYN_R0772,DROPDOWN_BACKGROUND_387,dropdown,deterministic code fixture,Hinglish,clear,False,True,"[{""reason"": ""fabric_feel"", ""size_direction"": ""none"", ""evidence_quote"": ""fabric stiff hai""}]","[""fabric""]",Stiff hand-feel and drape differ from expected cotton.
return:SYN_R0773,DROPDOWN_BACKGROUND_388,dropdown,deterministic code fixture,Hinglish,clear,False,True,"[{""reason"": ""wrong_or_missing_item"", ""size_direction"": ""unclear"", ""evidence_quote"": ""White kurta ke badle black one bhej diya""}]","[""logistics"", ""wrong_item""]",The wrong color variant was delivered.
return:SYN_R0774,DROPDOWN_BACKGROUND_389,dropdown,deterministic code fixture,Hinglish,clear,False,True,"[{""reason"": ""damaged_in_transit"", ""size_direction"": ""none"", ""evidence_quote"": ""packing paper soggy tha""}]","[""logistics"", ""transit_damage""]",Wet packaging and stain indicate shipping damage.
return:SYN_R0775,DROPDOWN_BACKGROUND_390,dropdown,deterministic code fixture,Hinglish,clear,False,True,"[{""reason"": ""delivery_delay"", ""size_direction"": ""none"", ""evidence_quote"": ""delivery uske baad hui""}]","[""logistics"", ""delay""]",Delivery came after the occasion for which item was ordered.
return:SYN_R0776,DROPDOWN_BACKGROUND_391,dropdown,deterministic code fixture,Hinglish,clear,False,True,"[{""reason"": ""changed_mind"", ""size_direction"": ""none"", ""evidence_quote"": ""simply changed my mind""}]","[""other"", ""changed_mind""]",Explicit preference change without product complaint.
return:SYN_R0777,DROPDOWN_BACKGROUND_392,dropdown,deterministic code fixture,English,clear,False,True,"[{""reason"": ""quality_defect"", ""size_direction"": ""none"", ""evidence_quote"": ""sleeve seam is unraveling""}]","[""quality""]","Unraveling garment seam is a quality complaint, not fit."
return:SYN_R0778,DROPDOWN_BACKGROUND_393,dropdown,deterministic code fixture,Hinglish,clear,False,True,"[{""reason"": ""colour_or_look_mismatch"", ""size_direction"": ""none"", ""evidence_quote"": ""shiny navy finish""}]","[""appearance"", ""colour""]",Appearance and color finish differ from the expected matte black.
return:SYN_R0779,DROPDOWN_BACKGROUND_394,dropdown,deterministic code fixture,Hinglish,clear,False,True,"[{""reason"": ""fabric_feel"", ""size_direction"": ""none"", ""evidence_quote"": ""stiff canvas jaisa hai""}]","[""fabric""]",Material type and hand-feel differ from expectation.
return:SYN_R0780,DROPDOWN_BACKGROUND_395,dropdown,deterministic code fixture,English,clear,False,True,"[{""reason"": ""wrong_or_missing_item"", ""size_direction"": ""unclear"", ""evidence_quote"": ""Only one shoe arrived from the pair order""}]","[""logistics"", ""wrong_item""]",Ordered pair arrived incomplete.
return:SYN_R0781,DROPDOWN_BACKGROUND_396,dropdown,deterministic code fixture,Hindi,clear,False,True,"[{""reason"": ""damaged_in_transit"", ""size_direction"": ""none"", ""evidence_quote"": ""पार्सल का कोना फटा हुआ आया""}]","[""logistics"", ""transit_damage""]",Torn shipping parcel and cut sleeve point to transit damage.
return:SYN_R0782,DROPDOWN_BACKGROUND_397,dropdown,deterministic code fixture,Hindi,clear,False,True,"[{""reason"": ""delivery_delay"", ""size_direction"": ""none"", ""evidence_quote"": ""बारह दिन बाद आए""}]","[""logistics"", ""delay""]",Delivery arrived well after the promised two days.
return:SYN_R0783,DROPDOWN_BACKGROUND_398,dropdown,deterministic code fixture,English,clear,False,True,"[{""reason"": ""changed_mind"", ""size_direction"": ""none"", ""evidence_quote"": ""I have no use for these perfectly fine trousers""}]","[""other"", ""changed_mind""]",Changed circumstances remove need; garment is not criticized.
return:SYN_R0784,DROPDOWN_BACKGROUND_399,dropdown,deterministic code fixture,English,clear,False,True,"[{""reason"": ""quality_defect"", ""size_direction"": ""none"", ""evidence_quote"": ""snap fastening is cracked""}]","[""quality""]",Cracked fastening on an unworn garment is defective.
return:SYN_R0785,DROPDOWN_BACKGROUND_400,dropdown,deterministic code fixture,Hindi,clear,False,True,"[{""reason"": ""colour_or_look_mismatch"", ""size_direction"": ""none"", ""evidence_quote"": ""मिला हुआ टॉप चमकीला नारंगी है""}]","[""appearance"", ""colour""]",Delivered color is explicitly unlike the photographed pink.
return:SYN_R0786,DROPDOWN_BACKGROUND_401,dropdown,deterministic code fixture,English,clear,False,True,"[{""reason"": ""fabric_feel"", ""size_direction"": ""none"", ""evidence_quote"": ""jersey is tissue-thin""}]","[""fabric""]",Material thinness and cling are the complaint.
return:SYN_R0787,DROPDOWN_BACKGROUND_402,dropdown,deterministic code fixture,English,clear,False,True,"[{""reason"": ""wrong_or_missing_item"", ""size_direction"": ""unclear"", ""evidence_quote"": ""not the matching skirt""}]","[""logistics"", ""wrong_item""]",One component of the ordered two-piece set is missing.
return:SYN_R0788,DROPDOWN_BACKGROUND_403,dropdown,deterministic code fixture,Hinglish,clear,False,True,"[{""reason"": ""damaged_in_transit"", ""size_direction"": ""none"", ""evidence_quote"": ""packing paper soggy tha""}]","[""logistics"", ""transit_damage""]",Wet packaging and stain indicate shipping damage.
return:SYN_R0789,DROPDOWN_BACKGROUND_404,dropdown,deterministic code fixture,Hinglish,clear,False,True,"[{""reason"": ""delivery_delay"", ""size_direction"": ""none"", ""evidence_quote"": ""delivery uske baad hui""}]","[""logistics"", ""delay""]",Delivery came after the occasion for which item was ordered.
return:SYN_R0790,DROPDOWN_BACKGROUND_405,dropdown,deterministic code fixture,Hinglish,clear,False,True,"[{""reason"": ""changed_mind"", ""size_direction"": ""none"", ""evidence_quote"": ""Function cancel ho gaya, outfit ki zaroorat nahi rahi""}]","[""other"", ""changed_mind""]",Need ended because event was canceled; no product issue.
return:SYN_R0791,DROPDOWN_BACKGROUND_406,dropdown,deterministic code fixture,Hindi,clear,False,True,"[{""reason"": ""quality_defect"", ""size_direction"": ""none"", ""evidence_quote"": ""हुक पहली बार पहनते ही टूट गया""}]","[""quality""]",A garment hook broke during first wear.
return:SYN_R0792,DROPDOWN_BACKGROUND_407,dropdown,deterministic code fixture,Hinglish,clear,False,True,"[{""reason"": ""colour_or_look_mismatch"", ""size_direction"": ""none"", ""evidence_quote"": ""shiny navy finish""}]","[""appearance"", ""colour""]",Appearance and color finish differ from the expected matte black.
return:SYN_R0793,DROPDOWN_BACKGROUND_408,dropdown,deterministic code fixture,Hinglish,clear,False,True,"[{""reason"": ""fabric_feel"", ""size_direction"": ""none"", ""evidence_quote"": ""Dupatta itna rough hai""}]","[""fabric""]",Rough irritating textile is the concern.
return:SYN_R0794,DROPDOWN_BACKGROUND_409,dropdown,deterministic code fixture,Hinglish,clear,False,True,"[{""reason"": ""wrong_or_missing_item"", ""size_direction"": ""unclear"", ""evidence_quote"": ""Label pe SKU 74-B hai but maine 74-A floral dress order ki thi""}]","[""logistics"", ""wrong_item""]",SKU confirms wrong item was sent.
return:SYN_R0795,DROPDOWN_BACKGROUND_410,dropdown,deterministic code fixture,Hindi,clear,False,True,"[{""reason"": ""damaged_in_transit"", ""size_direction"": ""none"", ""evidence_quote"": ""पार्सल का कोना फटा हुआ आया""}]","[""logistics"", ""transit_damage""]",Torn shipping parcel and cut sleeve point to transit damage.
return:SYN_R0796,DROPDOWN_BACKGROUND_411,dropdown,deterministic code fixture,Hindi,clear,False,True,"[{""reason"": ""delivery_delay"", ""size_direction"": ""none"", ""evidence_quote"": ""बारह दिन बाद आए""}]","[""logistics"", ""delay""]",Delivery arrived well after the promised two days.
return:SYN_R0797,DROPDOWN_BACKGROUND_412,dropdown,deterministic code fixture,Hinglish,clear,False,True,"[{""reason"": ""changed_mind"", ""size_direction"": ""none"", ""evidence_quote"": ""mujhe ye color chahiye hi nahi""}]","[""other"", ""changed_mind""]","Customer no longer wants the selected color, without mismatch claim."
return:SYN_R0798,DROPDOWN_BACKGROUND_413,dropdown,deterministic code fixture,Hinglish,clear,False,True,"[{""reason"": ""quality_defect"", ""size_direction"": ""none"", ""evidence_quote"": ""stitches uneven aur kuch jagah missing hain""}]","[""quality""]",Uneven and missing stitches are a construction-quality complaint.
return:SYN_R0799,DROPDOWN_BACKGROUND_414,dropdown,deterministic code fixture,Hindi,clear,False,True,"[{""reason"": ""colour_or_look_mismatch"", ""size_direction"": ""none"", ""evidence_quote"": ""मिला हुआ टॉप चमकीला नारंगी है""}]","[""appearance"", ""colour""]",Delivered color is explicitly unlike the photographed pink.
return:SYN_R0800,DROPDOWN_BACKGROUND_415,dropdown,deterministic code fixture,Hindi,clear,False,True,"[{""reason"": ""fabric_feel"", ""size_direction"": ""none"", ""evidence_quote"": ""ऊन बहुत चुभता है""}]","[""fabric""]",Wool texture is explicitly irritating.
return:SYN_R0801,DROPDOWN_BACKGROUND_416,dropdown,deterministic code fixture,Hinglish,clear,False,True,"[{""reason"": ""wrong_or_missing_item"", ""size_direction"": ""unclear"", ""evidence_quote"": ""tag says 32""}]","[""logistics"", ""wrong_item""]","Explicit tag discrepancy means wrong item, not inferred fit."
return:SYN_R0802,DROPDOWN_BACKGROUND_417,dropdown,deterministic code fixture,Hinglish,clear,False,True,"[{""reason"": ""damaged_in_transit"", ""size_direction"": ""none"", ""evidence_quote"": ""packing paper soggy tha""}]","[""logistics"", ""transit_damage""]",Wet packaging and stain indicate shipping damage.
return:SYN_R0803,DROPDOWN_BACKGROUND_418,dropdown,deterministic code fixture,Hinglish,clear,False,True,"[{""reason"": ""delivery_delay"", ""size_direction"": ""none"", ""evidence_quote"": ""delivery uske baad hui""}]","[""logistics"", ""delay""]",Delivery came after the occasion for which item was ordered.
return:SYN_R0804,DROPDOWN_BACKGROUND_419,dropdown,deterministic code fixture,Hindi,clear,False,True,"[{""reason"": ""changed_mind"", ""size_direction"": ""none"", ""evidence_quote"": ""यह रंग मेरी पसंद का नहीं है""}]","[""other"", ""changed_mind""]","Preference mismatch, not a listing mismatch or defect."
return:SYN_R0805,DROPDOWN_BACKGROUND_420,dropdown,deterministic code fixture,Hinglish,clear,False,True,"[{""reason"": ""quality_defect"", ""size_direction"": ""none"", ""evidence_quote"": ""Buttons aadhe loose hain aur ek missing""}]","[""quality""]",Loose and missing attached buttons are garment defects.
return:SYN_R0806,DROPDOWN_BACKGROUND_421,dropdown,deterministic code fixture,Hinglish,clear,False,True,"[{""reason"": ""colour_or_look_mismatch"", ""size_direction"": ""none"", ""evidence_quote"": ""shiny navy finish""}]","[""appearance"", ""colour""]",Appearance and color finish differ from the expected matte black.
return:SYN_R0807,DROPDOWN_BACKGROUND_422,dropdown,deterministic code fixture,English,clear,False,True,"[{""reason"": ""fabric_feel"", ""size_direction"": ""none"", ""evidence_quote"": ""feels papery and rigid""}]","[""fabric""]",Complains about stiffness and expected hand-feel.
return:SYN_R0808,DROPDOWN_BACKGROUND_423,dropdown,deterministic code fixture,Hinglish,clear,False,True,"[{""reason"": ""wrong_or_missing_item"", ""size_direction"": ""unclear"", ""evidence_quote"": ""sirf 2 aaye; yellow wala missing hai""}]","[""logistics"", ""wrong_item""]",One ordered unit is explicitly missing.
return:SYN_R0809,DROPDOWN_BACKGROUND_424,dropdown,deterministic code fixture,Hindi,clear,False,True,"[{""reason"": ""damaged_in_transit"", ""size_direction"": ""none"", ""evidence_quote"": ""पार्सल का कोना फटा हुआ आया""}]","[""logistics"", ""transit_damage""]",Torn shipping parcel and cut sleeve point to transit damage.
return:SYN_R0810,DROPDOWN_BACKGROUND_425,dropdown,deterministic code fixture,Hindi,clear,False,True,"[{""reason"": ""delivery_delay"", ""size_direction"": ""none"", ""evidence_quote"": ""बारह दिन बाद आए""}]","[""logistics"", ""delay""]",Delivery arrived well after the promised two days.
return:SYN_R0811,DROPDOWN_BACKGROUND_426,dropdown,deterministic code fixture,English,clear,False,True,"[{""reason"": ""changed_mind"", ""size_direction"": ""none"", ""evidence_quote"": ""my preferred style changed""}]","[""other"", ""changed_mind""]",Explicit preference change and no product fault.
return:SYN_R0812,DROPDOWN_BACKGROUND_427,dropdown,deterministic code fixture,English,clear,False,True,"[{""reason"": ""quality_defect"", ""size_direction"": ""none"", ""evidence_quote"": ""elastic casing is split open""}]","[""quality""]",Split casing and exposed elastic are garment damage.
return:SYN_R0813,DROPDOWN_BACKGROUND_428,dropdown,deterministic code fixture,Hindi,clear,False,True,"[{""reason"": ""colour_or_look_mismatch"", ""size_direction"": ""none"", ""evidence_quote"": ""मिला हुआ टॉप चमकीला नारंगी है""}]","[""appearance"", ""colour""]",Delivered color is explicitly unlike the photographed pink.
return:SYN_R0814,DROPDOWN_BACKGROUND_429,dropdown,deterministic code fixture,Hinglish,clear,False,True,"[{""reason"": ""fabric_feel"", ""size_direction"": ""none"", ""evidence_quote"": ""polyester jaisa slippery feel hai""}]","[""fabric""]",Texture and expected fabric type are both criticized.
return:SYN_R0815,DROPDOWN_BACKGROUND_430,dropdown,deterministic code fixture,Hinglish,clear,False,True,"[{""reason"": ""wrong_or_missing_item"", ""size_direction"": ""unclear"", ""evidence_quote"": ""kisi aur customer ka kurta tha""}]","[""logistics"", ""wrong_item""]",A different customer's item arrived instead of the ordered item.
return:SYN_R0816,DROPDOWN_BACKGROUND_431,dropdown,deterministic code fixture,Hinglish,clear,False,True,"[{""reason"": ""damaged_in_transit"", ""size_direction"": ""none"", ""evidence_quote"": ""packing paper soggy tha""}]","[""logistics"", ""transit_damage""]",Wet packaging and stain indicate shipping damage.
return:SYN_R0817,DROPDOWN_BACKGROUND_432,dropdown,deterministic code fixture,Hinglish,clear,False,True,"[{""reason"": ""delivery_delay"", ""size_direction"": ""none"", ""evidence_quote"": ""delivery uske baad hui""}]","[""logistics"", ""delay""]",Delivery came after the occasion for which item was ordered.
return:SYN_R0818,DROPDOWN_BACKGROUND_433,dropdown,deterministic code fixture,English,clear,False,True,"[{""reason"": ""changed_mind"", ""size_direction"": ""none"", ""evidence_quote"": ""I no longer need the travel set""}]","[""other"", ""changed_mind""]",Trip cancellation removes need for the purchase.
return:SYN_R0819,DROPDOWN_BACKGROUND_434,dropdown,deterministic code fixture,Hinglish,clear,False,True,"[{""reason"": ""quality_defect"", ""size_direction"": ""none"", ""evidence_quote"": ""Pocket ka corner properly stitch hi nahi hua""}]","[""quality""]",An unstitched pocket is a manufacturing defect.
return:SYN_R0820,DROPDOWN_BACKGROUND_435,dropdown,deterministic code fixture,Hinglish,clear,False,True,"[{""reason"": ""colour_or_look_mismatch"", ""size_direction"": ""none"", ""evidence_quote"": ""shiny navy finish""}]","[""appearance"", ""colour""]",Appearance and color finish differ from the expected matte black.
return:SYN_R0821,DROPDOWN_BACKGROUND_436,dropdown,deterministic code fixture,Hinglish,clear,False,True,"[{""reason"": ""fabric_feel"", ""size_direction"": ""none"", ""evidence_quote"": ""material bahut thin hai""}]","[""fabric""]",Thinness and transparency are material complaints.
return:SYN_R0822,DROPDOWN_BACKGROUND_437,dropdown,deterministic code fixture,English,clear,False,True,"[{""reason"": ""wrong_or_missing_item"", ""size_direction"": ""unclear"", ""evidence_quote"": ""a men's shirt instead of the women's linen trousers""}]","[""logistics"", ""wrong_item""]","Different product was delivered, not a garment fit complaint."
return:SYN_R0823,DROPDOWN_BACKGROUND_438,dropdown,deterministic code fixture,Hindi,clear,False,True,"[{""reason"": ""damaged_in_transit"", ""size_direction"": ""none"", ""evidence_quote"": ""पार्सल का कोना फटा हुआ आया""}]","[""logistics"", ""transit_damage""]",Torn shipping parcel and cut sleeve point to transit damage.
return:SYN_R0824,DROPDOWN_BACKGROUND_439,dropdown,deterministic code fixture,Hindi,clear,False,True,"[{""reason"": ""delivery_delay"", ""size_direction"": ""none"", ""evidence_quote"": ""बारह दिन बाद आए""}]","[""logistics"", ""delay""]",Delivery arrived well after the promised two days.
return:SYN_R0825,DROPDOWN_BACKGROUND_440,dropdown,deterministic code fixture,Hinglish,clear,False,True,"[{""reason"": ""changed_mind"", ""size_direction"": ""none"", ""evidence_quote"": ""already bought the same kurta""}]","[""other"", ""changed_mind""]",Duplicate gift makes this purchase unnecessary.
return:SYN_R0826,DROPDOWN_BACKGROUND_441,dropdown,deterministic code fixture,Hindi,clear,False,True,"[{""reason"": ""quality_defect"", ""size_direction"": ""none"", ""evidence_quote"": ""सिलाई कई जगह से उधड़ रही है""}]","[""quality""]",Unraveling seams are a clear construction defect.
return:SYN_R0827,DROPDOWN_BACKGROUND_442,dropdown,deterministic code fixture,Hindi,clear,False,True,"[{""reason"": ""colour_or_look_mismatch"", ""size_direction"": ""none"", ""evidence_quote"": ""मिला हुआ टॉप चमकीला नारंगी है""}]","[""appearance"", ""colour""]",Delivered color is explicitly unlike the photographed pink.
return:SYN_R0828,DROPDOWN_BACKGROUND_443,dropdown,deterministic code fixture,Hinglish,clear,False,True,"[{""reason"": ""fabric_feel"", ""size_direction"": ""none"", ""evidence_quote"": ""so itchy on my neck""}]","[""fabric""]",Scratchy material is the explicit complaint.
return:SYN_R0829,DROPDOWN_BACKGROUND_444,dropdown,deterministic code fixture,Hindi,clear,False,True,"[{""reason"": ""wrong_or_missing_item"", ""size_direction"": ""unclear"", ""evidence_quote"": ""पैकेट में केवल एक जोड़ी मिली""}]","[""logistics"", ""wrong_item""]",An ordered unit is missing.
return:SYN_R0830,DROPDOWN_BACKGROUND_445,dropdown,deterministic code fixture,Hinglish,clear,False,True,"[{""reason"": ""damaged_in_transit"", ""size_direction"": ""none"", ""evidence_quote"": ""packing paper soggy tha""}]","[""logistics"", ""transit_damage""]",Wet packaging and stain indicate shipping damage.
return:SYN_R0831,DROPDOWN_BACKGROUND_446,dropdown,deterministic code fixture,Hinglish,clear,False,True,"[{""reason"": ""delivery_delay"", ""size_direction"": ""none"", ""evidence_quote"": ""delivery uske baad hui""}]","[""logistics"", ""delay""]",Delivery came after the occasion for which item was ordered.
return:SYN_R0832,DROPDOWN_BACKGROUND_447,dropdown,deterministic code fixture,Hinglish,clear,False,True,"[{""reason"": ""changed_mind"", ""size_direction"": ""none"", ""evidence_quote"": ""don't actually like wearing long skirts anymore""}]","[""other"", ""changed_mind""]",Personal preference changed; explicitly no item fault.
return:SYN_R0833,DROPDOWN_BACKGROUND_448,dropdown,deterministic code fixture,English,clear,False,True,"[{""reason"": ""quality_defect"", ""size_direction"": ""none"", ""evidence_quote"": ""decorative bead fell off""}]","[""quality""]",Detached embellishment reflects poor garment construction.
return:SYN_R0834,DROPDOWN_BACKGROUND_449,dropdown,deterministic code fixture,Hinglish,clear,False,True,"[{""reason"": ""colour_or_look_mismatch"", ""size_direction"": ""none"", ""evidence_quote"": ""shiny navy finish""}]","[""appearance"", ""colour""]",Appearance and color finish differ from the expected matte black.
return:SYN_R0835,DROPDOWN_BACKGROUND_450,dropdown,deterministic code fixture,Hinglish,clear,False,True,"[{""reason"": ""fabric_feel"", ""size_direction"": ""none"", ""evidence_quote"": ""dry aur rough lagti""}]","[""fabric""]",Criticizes textile's tactile quality versus expected silkiness.
return:SYN_R0836,DROPDOWN_BACKGROUND_451,dropdown,deterministic code fixture,Hinglish,clear,False,True,"[{""reason"": ""wrong_or_missing_item"", ""size_direction"": ""unclear"", ""evidence_quote"": ""got two beige ones and no green scarf at all""}]","[""logistics"", ""wrong_item""]",Wrong color SKU delivered and ordered item absent.
return:SYN_R0837,DROPDOWN_BACKGROUND_452,dropdown,deterministic code fixture,Hindi,clear,False,True,"[{""reason"": ""damaged_in_transit"", ""size_direction"": ""none"", ""evidence_quote"": ""पार्सल का कोना फटा हुआ आया""}]","[""logistics"", ""transit_damage""]",Torn shipping parcel and cut sleeve point to transit damage.
return:SYN_R0838,DROPDOWN_BACKGROUND_453,dropdown,deterministic code fixture,Hindi,clear,False,True,"[{""reason"": ""delivery_delay"", ""size_direction"": ""none"", ""evidence_quote"": ""बारह दिन बाद आए""}]","[""logistics"", ""delay""]",Delivery arrived well after the promised two days.
return:SYN_R0839,DROPDOWN_BACKGROUND_454,dropdown,deterministic code fixture,Hindi,clear,False,True,"[{""reason"": ""changed_mind"", ""size_direction"": ""none"", ""evidence_quote"": ""अब इस कपड़े की ज़रूरत नहीं है""}]","[""other"", ""changed_mind""]",Customer no longer needs item after choosing another.
return:SYN_R0840,DROPDOWN_BACKGROUND_455,dropdown,deterministic code fixture,Hinglish,clear,False,True,"[{""reason"": ""quality_defect"", ""size_direction"": ""none"", ""evidence_quote"": ""Stitching first wash ke baad khul gayi""}]","[""quality""]","A seam fails after washing, indicating a garment quality defect."
return:SYN_R0841,DROPDOWN_BACKGROUND_456,dropdown,deterministic code fixture,Hindi,clear,False,True,"[{""reason"": ""colour_or_look_mismatch"", ""size_direction"": ""none"", ""evidence_quote"": ""मिला हुआ टॉप चमकीला नारंगी है""}]","[""appearance"", ""colour""]",Delivered color is explicitly unlike the photographed pink.
return:SYN_R0842,DROPDOWN_BACKGROUND_457,dropdown,deterministic code fixture,English,clear,False,True,"[{""reason"": ""fabric_feel"", ""size_direction"": ""none"", ""evidence_quote"": ""transparent in daylight and much thinner""}]","[""fabric""]",Criticizes thinness and sheerness of material.
return:SYN_R0843,DROPDOWN_BACKGROUND_458,dropdown,deterministic code fixture,Hinglish,clear,False,True,"[{""reason"": ""wrong_or_missing_item"", ""size_direction"": ""unclear"", ""evidence_quote"": ""kurti ke badle ek unrelated pillow cover tha""}]","[""logistics"", ""wrong_item""]",Received object is not the ordered garment.
return:SYN_R0844,DROPDOWN_BACKGROUND_459,dropdown,deterministic code fixture,Hinglish,clear,False,True,"[{""reason"": ""damaged_in_transit"", ""size_direction"": ""none"", ""evidence_quote"": ""packing paper soggy tha""}]","[""logistics"", ""transit_damage""]",Wet packaging and stain indicate shipping damage.
return:SYN_R0845,DROPDOWN_BACKGROUND_460,dropdown,deterministic code fixture,Hinglish,clear,False,True,"[{""reason"": ""delivery_delay"", ""size_direction"": ""none"", ""evidence_quote"": ""delivery uske baad hui""}]","[""logistics"", ""delay""]",Delivery came after the occasion for which item was ordered.
return:SYN_R0846,DROPDOWN_BACKGROUND_461,dropdown,deterministic code fixture,Hinglish,clear,False,True,"[{""reason"": ""changed_mind"", ""size_direction"": ""none"", ""evidence_quote"": ""mera sealed wala extra ho gaya""}]","[""other"", ""changed_mind""]",A duplicate gift made the purchase redundant.
return:SYN_R0847,DROPDOWN_BACKGROUND_462,dropdown,deterministic code fixture,Hinglish,clear,False,True,"[{""reason"": ""quality_defect"", ""size_direction"": ""none"", ""evidence_quote"": ""buttonhole closed hi hai""}]","[""quality""]",A nonfunctional buttonhole is a manufacturing issue.
return:SYN_R0848,DROPDOWN_BACKGROUND_463,dropdown,deterministic code fixture,Hinglish,clear,False,True,"[{""reason"": ""colour_or_look_mismatch"", ""size_direction"": ""none"", ""evidence_quote"": ""shiny navy finish""}]","[""appearance"", ""colour""]",Appearance and color finish differ from the expected matte black.
return:SYN_R0849,DROPDOWN_BACKGROUND_464,dropdown,deterministic code fixture,English,clear,False,True,"[{""reason"": ""fabric_feel"", ""size_direction"": ""none"", ""evidence_quote"": ""feels unpleasantly coarse""}]","[""fabric""]",Coarse fabric feel is explicit; shedding is tied to the textile.
return:SYN_R0850,DROPDOWN_BACKGROUND_465,dropdown,deterministic code fixture,Hinglish,clear,False,True,"[{""reason"": ""wrong_or_missing_item"", ""size_direction"": ""unclear"", ""evidence_quote"": ""S tag wala kurta mila""}]","[""logistics"", ""wrong_item""]",Wrong labeled SKU was sent; this does not establish fit of ordered item.
return:SYN_R0851,DROPDOWN_BACKGROUND_466,dropdown,deterministic code fixture,Hindi,clear,False,True,"[{""reason"": ""damaged_in_transit"", ""size_direction"": ""none"", ""evidence_quote"": ""पार्सल का कोना फटा हुआ आया""}]","[""logistics"", ""transit_damage""]",Torn shipping parcel and cut sleeve point to transit damage.
return:SYN_R0852,DROPDOWN_BACKGROUND_467,dropdown,deterministic code fixture,Hindi,clear,False,True,"[{""reason"": ""delivery_delay"", ""size_direction"": ""none"", ""evidence_quote"": ""बारह दिन बाद आए""}]","[""logistics"", ""delay""]",Delivery arrived well after the promised two days.
return:SYN_R0853,DROPDOWN_BACKGROUND_468,dropdown,deterministic code fixture,Hinglish,clear,False,True,"[{""reason"": ""changed_mind"", ""size_direction"": ""none"", ""evidence_quote"": ""decide kiya ki wardrobe mein already similar jacket hai""}]","[""other"", ""changed_mind""]","Returns due to changed preference and duplication, not a product issue."
return:SYN_R0854,DROPDOWN_BACKGROUND_469,dropdown,deterministic code fixture,Hinglish,clear,False,True,"[{""reason"": ""quality_defect"", ""size_direction"": ""none"", ""evidence_quote"": ""zipper jams halfway and the teeth split apart""}]","[""quality""]",Broken zipper is a product defect.
return:SYN_R0855,DROPDOWN_BACKGROUND_470,dropdown,deterministic code fixture,Hindi,clear,False,True,"[{""reason"": ""colour_or_look_mismatch"", ""size_direction"": ""none"", ""evidence_quote"": ""मिला हुआ टॉप चमकीला नारंगी है""}]","[""appearance"", ""colour""]",Delivered color is explicitly unlike the photographed pink.
return:SYN_R0856,DROPDOWN_BACKGROUND_471,dropdown,deterministic code fixture,Hindi,clear,False,True,"[{""reason"": ""fabric_feel"", ""size_direction"": ""none"", ""evidence_quote"": ""कपड़ा बहुत खुरदुरा है""}]","[""fabric""]","Explicitly rough, irritating fabric texture."
return:SYN_R0857,DROPDOWN_BACKGROUND_472,dropdown,deterministic code fixture,English,clear,False,True,"[{""reason"": ""wrong_or_missing_item"", ""size_direction"": ""unclear"", ""evidence_quote"": ""belt is missing""}]","[""logistics"", ""wrong_item""]",A listed component of the order was absent.
return:SYN_R0858,DROPDOWN_BACKGROUND_473,dropdown,deterministic code fixture,Hinglish,clear,False,True,"[{""reason"": ""damaged_in_transit"", ""size_direction"": ""none"", ""evidence_quote"": ""packing paper soggy tha""}]","[""logistics"", ""transit_damage""]",Wet packaging and stain indicate shipping damage.
return:SYN_R0859,DROPDOWN_BACKGROUND_474,dropdown,deterministic code fixture,Hinglish,clear,False,True,"[{""reason"": ""delivery_delay"", ""size_direction"": ""none"", ""evidence_quote"": ""delivery uske baad hui""}]","[""logistics"", ""delay""]",Delivery came after the occasion for which item was ordered.
return:SYN_R0860,DROPDOWN_BACKGROUND_475,dropdown,deterministic code fixture,English,clear,False,True,"[{""reason"": ""changed_mind"", ""size_direction"": ""none"", ""evidence_quote"": ""no longer have a reason to keep the occasion wear""}]","[""other"", ""changed_mind""]",Canceled event removed the need for the item.
return:SYN_R0861,DROPDOWN_BACKGROUND_476,dropdown,deterministic code fixture,Hinglish,clear,False,True,"[{""reason"": ""quality_defect"", ""size_direction"": ""none"", ""evidence_quote"": ""ek seam pehle wear mein hi khul gayi""}]","[""quality""]",Seam failure during first wear is a clear quality defect.
return:SYN_R0862,DROPDOWN_BACKGROUND_477,dropdown,deterministic code fixture,Hinglish,clear,False,True,"[{""reason"": ""colour_or_look_mismatch"", ""size_direction"": ""none"", ""evidence_quote"": ""shiny navy finish""}]","[""appearance"", ""colour""]",Appearance and color finish differ from the expected matte black.
return:SYN_R0863,DROPDOWN_BACKGROUND_478,dropdown,deterministic code fixture,Hinglish,clear,False,True,"[{""reason"": ""fabric_feel"", ""size_direction"": ""none"", ""evidence_quote"": ""fabric stiff hai""}]","[""fabric""]",Stiff hand-feel and drape differ from expected cotton.
return:SYN_R0864,DROPDOWN_BACKGROUND_479,dropdown,deterministic code fixture,English,clear,False,True,"[{""reason"": ""wrong_or_missing_item"", ""size_direction"": ""unclear"", ""evidence_quote"": ""only the jacket was in the sealed bag""}]","[""logistics"", ""wrong_item""]",The ordered trousers are missing.
return:SYN_R0865,DROPDOWN_BACKGROUND_480,dropdown,deterministic code fixture,Hindi,clear,False,True,"[{""reason"": ""damaged_in_transit"", ""size_direction"": ""none"", ""evidence_quote"": ""पार्सल का कोना फटा हुआ आया""}]","[""logistics"", ""transit_damage""]",Torn shipping parcel and cut sleeve point to transit damage.
return:SYN_R0866,DROPDOWN_BACKGROUND_481,dropdown,deterministic code fixture,Hindi,clear,False,True,"[{""reason"": ""delivery_delay"", ""size_direction"": ""none"", ""evidence_quote"": ""बारह दिन बाद आए""}]","[""logistics"", ""delay""]",Delivery arrived well after the promised two days.
return:SYN_R0867,DROPDOWN_BACKGROUND_482,dropdown,deterministic code fixture,English,clear,False,True,"[{""reason"": ""changed_mind"", ""size_direction"": ""none"", ""evidence_quote"": ""dress is no longer needed""}]","[""other"", ""changed_mind""]",External plans changed; item quality or fit is not criticized.
return:SYN_R0868,DROPDOWN_BACKGROUND_483,dropdown,deterministic code fixture,English,clear,False,True,"[{""reason"": ""quality_defect"", ""size_direction"": ""none"", ""evidence_quote"": ""sleeve seam is unraveling""}]","[""quality""]","Unraveling garment seam is a quality complaint, not fit."
return:SYN_R0869,DROPDOWN_BACKGROUND_484,dropdown,deterministic code fixture,Hindi,clear,False,True,"[{""reason"": ""colour_or_look_mismatch"", ""size_direction"": ""none"", ""evidence_quote"": ""मिला हुआ टॉप चमकीला नारंगी है""}]","[""appearance"", ""colour""]",Delivered color is explicitly unlike the photographed pink.
return:SYN_R0870,DROPDOWN_BACKGROUND_485,dropdown,deterministic code fixture,Hinglish,clear,False,True,"[{""reason"": ""fabric_feel"", ""size_direction"": ""none"", ""evidence_quote"": ""stiff canvas jaisa hai""}]","[""fabric""]",Material type and hand-feel differ from expectation.
return:SYN_R0871,DROPDOWN_BACKGROUND_486,dropdown,deterministic code fixture,Hinglish,clear,False,True,"[{""reason"": ""wrong_or_missing_item"", ""size_direction"": ""unclear"", ""evidence_quote"": ""delivered packet mein red size M hai""}]","[""logistics"", ""wrong_item""]",Wrong color and labeled size delivered; do not infer garment fit.
return:SYN_R0872,DROPDOWN_BACKGROUND_487,dropdown,deterministic code fixture,Hinglish,clear,False,True,"[{""reason"": ""damaged_in_transit"", ""size_direction"": ""none"", ""evidence_quote"": ""packing paper soggy tha""}]","[""logistics"", ""transit_damage""]",Wet packaging and stain indicate shipping damage.
return:SYN_R0873,DROPDOWN_BACKGROUND_488,dropdown,deterministic code fixture,Hinglish,clear,False,True,"[{""reason"": ""delivery_delay"", ""size_direction"": ""none"", ""evidence_quote"": ""delivery uske baad hui""}]","[""logistics"", ""delay""]",Delivery came after the occasion for which item was ordered.
return:SYN_R0874,DROPDOWN_BACKGROUND_489,dropdown,deterministic code fixture,Hinglish,clear,False,True,"[{""reason"": ""changed_mind"", ""size_direction"": ""none"", ""evidence_quote"": ""decide kiya ki party outfit nahi lena""}]","[""other"", ""changed_mind""]",Customer reconsidered the purchase without identifying a product issue.
return:SYN_R0875,DROPDOWN_BACKGROUND_490,dropdown,deterministic code fixture,English,clear,False,True,"[{""reason"": ""quality_defect"", ""size_direction"": ""none"", ""evidence_quote"": ""snap fastening is cracked""}]","[""quality""]",Cracked fastening on an unworn garment is defective.
return:SYN_R0876,DROPDOWN_BACKGROUND_491,dropdown,deterministic code fixture,Hinglish,clear,False,True,"[{""reason"": ""colour_or_look_mismatch"", ""size_direction"": ""none"", ""evidence_quote"": ""shiny navy finish""}]","[""appearance"", ""colour""]",Appearance and color finish differ from the expected matte black.
return:SYN_R0877,DROPDOWN_BACKGROUND_492,dropdown,deterministic code fixture,English,clear,False,True,"[{""reason"": ""fabric_feel"", ""size_direction"": ""none"", ""evidence_quote"": ""jersey is tissue-thin""}]","[""fabric""]",Material thinness and cling are the complaint.
return:SYN_R0878,DROPDOWN_BACKGROUND_493,dropdown,deterministic code fixture,Hinglish,clear,False,True,"[{""reason"": ""wrong_or_missing_item"", ""size_direction"": ""unclear"", ""evidence_quote"": ""White kurta ke badle black one bhej diya""}]","[""logistics"", ""wrong_item""]",The wrong color variant was delivered.
return:SYN_R0879,DROPDOWN_BACKGROUND_494,dropdown,deterministic code fixture,Hindi,clear,False,True,"[{""reason"": ""damaged_in_transit"", ""size_direction"": ""none"", ""evidence_quote"": ""पार्सल का कोना फटा हुआ आया""}]","[""logistics"", ""transit_damage""]",Torn shipping parcel and cut sleeve point to transit damage.
return:SYN_R0880,DROPDOWN_BACKGROUND_495,dropdown,deterministic code fixture,Hindi,clear,False,True,"[{""reason"": ""delivery_delay"", ""size_direction"": ""none"", ""evidence_quote"": ""बारह दिन बाद आए""}]","[""logistics"", ""delay""]",Delivery arrived well after the promised two days.
return:SYN_R0881,DROPDOWN_BACKGROUND_496,dropdown,deterministic code fixture,Hinglish,clear,False,True,"[{""reason"": ""changed_mind"", ""size_direction"": ""none"", ""evidence_quote"": ""simply changed my mind""}]","[""other"", ""changed_mind""]",Explicit preference change without product complaint.
return:SYN_R0882,DROPDOWN_BACKGROUND_497,dropdown,deterministic code fixture,Hindi,clear,False,True,"[{""reason"": ""quality_defect"", ""size_direction"": ""none"", ""evidence_quote"": ""हुक पहली बार पहनते ही टूट गया""}]","[""quality""]",A garment hook broke during first wear.
return:SYN_R0883,DROPDOWN_BACKGROUND_498,dropdown,deterministic code fixture,Hindi,clear,False,True,"[{""reason"": ""colour_or_look_mismatch"", ""size_direction"": ""none"", ""evidence_quote"": ""मिला हुआ टॉप चमकीला नारंगी है""}]","[""appearance"", ""colour""]",Delivered color is explicitly unlike the photographed pink.
return:SYN_R0884,DROPDOWN_BACKGROUND_499,dropdown,deterministic code fixture,Hinglish,clear,False,True,"[{""reason"": ""fabric_feel"", ""size_direction"": ""none"", ""evidence_quote"": ""Dupatta itna rough hai""}]","[""fabric""]",Rough irritating textile is the concern.
return:SYN_R0885,DROPDOWN_BACKGROUND_500,dropdown,deterministic code fixture,English,clear,False,True,"[{""reason"": ""wrong_or_missing_item"", ""size_direction"": ""unclear"", ""evidence_quote"": ""Only one shoe arrived from the pair order""}]","[""logistics"", ""wrong_item""]",Ordered pair arrived incomplete.
return:SYN_R0886,DROPDOWN_BACKGROUND_501,dropdown,deterministic code fixture,Hinglish,clear,False,True,"[{""reason"": ""damaged_in_transit"", ""size_direction"": ""none"", ""evidence_quote"": ""packing paper soggy tha""}]","[""logistics"", ""transit_damage""]",Wet packaging and stain indicate shipping damage.
return:SYN_R0887,DROPDOWN_BACKGROUND_502,dropdown,deterministic code fixture,Hinglish,clear,False,True,"[{""reason"": ""delivery_delay"", ""size_direction"": ""none"", ""evidence_quote"": ""delivery uske baad hui""}]","[""logistics"", ""delay""]",Delivery came after the occasion for which item was ordered.
return:SYN_R0888,DROPDOWN_BACKGROUND_503,dropdown,deterministic code fixture,English,clear,False,True,"[{""reason"": ""changed_mind"", ""size_direction"": ""none"", ""evidence_quote"": ""I have no use for these perfectly fine trousers""}]","[""other"", ""changed_mind""]",Changed circumstances remove need; garment is not criticized.
return:SYN_R0889,DROPDOWN_BACKGROUND_504,dropdown,deterministic code fixture,Hinglish,clear,False,True,"[{""reason"": ""quality_defect"", ""size_direction"": ""none"", ""evidence_quote"": ""stitches uneven aur kuch jagah missing hain""}]","[""quality""]",Uneven and missing stitches are a construction-quality complaint.
return:SYN_R0890,DROPDOWN_BACKGROUND_505,dropdown,deterministic code fixture,Hinglish,clear,False,True,"[{""reason"": ""colour_or_look_mismatch"", ""size_direction"": ""none"", ""evidence_quote"": ""shiny navy finish""}]","[""appearance"", ""colour""]",Appearance and color finish differ from the expected matte black.
return:SYN_R0891,DROPDOWN_BACKGROUND_506,dropdown,deterministic code fixture,Hindi,clear,False,True,"[{""reason"": ""fabric_feel"", ""size_direction"": ""none"", ""evidence_quote"": ""ऊन बहुत चुभता है""}]","[""fabric""]",Wool texture is explicitly irritating.
return:SYN_R0892,DROPDOWN_BACKGROUND_507,dropdown,deterministic code fixture,English,clear,False,True,"[{""reason"": ""wrong_or_missing_item"", ""size_direction"": ""unclear"", ""evidence_quote"": ""not the matching skirt""}]","[""logistics"", ""wrong_item""]",One component of the ordered two-piece set is missing.
return:SYN_R0893,DROPDOWN_BACKGROUND_508,dropdown,deterministic code fixture,Hindi,clear,False,True,"[{""reason"": ""damaged_in_transit"", ""size_direction"": ""none"", ""evidence_quote"": ""पार्सल का कोना फटा हुआ आया""}]","[""logistics"", ""transit_damage""]",Torn shipping parcel and cut sleeve point to transit damage.
return:SYN_R0894,DROPDOWN_BACKGROUND_509,dropdown,deterministic code fixture,Hindi,clear,False,True,"[{""reason"": ""delivery_delay"", ""size_direction"": ""none"", ""evidence_quote"": ""बारह दिन बाद आए""}]","[""logistics"", ""delay""]",Delivery arrived well after the promised two days.
return:SYN_R0895,DROPDOWN_BACKGROUND_510,dropdown,deterministic code fixture,Hinglish,clear,False,True,"[{""reason"": ""changed_mind"", ""size_direction"": ""none"", ""evidence_quote"": ""Function cancel ho gaya, outfit ki zaroorat nahi rahi""}]","[""other"", ""changed_mind""]",Need ended because event was canceled; no product issue.
return:SYN_R0896,DROPDOWN_BACKGROUND_511,dropdown,deterministic code fixture,Hinglish,clear,False,True,"[{""reason"": ""quality_defect"", ""size_direction"": ""none"", ""evidence_quote"": ""Buttons aadhe loose hain aur ek missing""}]","[""quality""]",Loose and missing attached buttons are garment defects.
return:SYN_R0897,DROPDOWN_BACKGROUND_512,dropdown,deterministic code fixture,Hindi,clear,False,True,"[{""reason"": ""colour_or_look_mismatch"", ""size_direction"": ""none"", ""evidence_quote"": ""मिला हुआ टॉप चमकीला नारंगी है""}]","[""appearance"", ""colour""]",Delivered color is explicitly unlike the photographed pink.
return:SYN_R0898,DROPDOWN_BACKGROUND_513,dropdown,deterministic code fixture,English,clear,False,True,"[{""reason"": ""fabric_feel"", ""size_direction"": ""none"", ""evidence_quote"": ""feels papery and rigid""}]","[""fabric""]",Complains about stiffness and expected hand-feel.
return:SYN_R0899,DROPDOWN_BACKGROUND_514,dropdown,deterministic code fixture,Hinglish,clear,False,True,"[{""reason"": ""wrong_or_missing_item"", ""size_direction"": ""unclear"", ""evidence_quote"": ""Label pe SKU 74-B hai but maine 74-A floral dress order ki thi""}]","[""logistics"", ""wrong_item""]",SKU confirms wrong item was sent.
return:SYN_R0900,DROPDOWN_BACKGROUND_515,dropdown,deterministic code fixture,Hinglish,clear,False,True,"[{""reason"": ""damaged_in_transit"", ""size_direction"": ""none"", ""evidence_quote"": ""packing paper soggy tha""}]","[""logistics"", ""transit_damage""]",Wet packaging and stain indicate shipping damage.
return:SYN_R0901,DROPDOWN_BACKGROUND_516,dropdown,deterministic code fixture,Hinglish,clear,False,True,"[{""reason"": ""delivery_delay"", ""size_direction"": ""none"", ""evidence_quote"": ""delivery uske baad hui""}]","[""logistics"", ""delay""]",Delivery came after the occasion for which item was ordered.
return:SYN_R0902,DROPDOWN_BACKGROUND_517,dropdown,deterministic code fixture,Hinglish,clear,False,True,"[{""reason"": ""changed_mind"", ""size_direction"": ""none"", ""evidence_quote"": ""mujhe ye color chahiye hi nahi""}]","[""other"", ""changed_mind""]","Customer no longer wants the selected color, without mismatch claim."
return:SYN_R0903,DROPDOWN_BACKGROUND_518,dropdown,deterministic code fixture,English,clear,False,True,"[{""reason"": ""quality_defect"", ""size_direction"": ""none"", ""evidence_quote"": ""elastic casing is split open""}]","[""quality""]",Split casing and exposed elastic are garment damage.
return:SYN_R0904,DROPDOWN_BACKGROUND_519,dropdown,deterministic code fixture,Hinglish,clear,False,True,"[{""reason"": ""colour_or_look_mismatch"", ""size_direction"": ""none"", ""evidence_quote"": ""shiny navy finish""}]","[""appearance"", ""colour""]",Appearance and color finish differ from the expected matte black.
return:SYN_R0905,DROPDOWN_BACKGROUND_520,dropdown,deterministic code fixture,Hinglish,clear,False,True,"[{""reason"": ""fabric_feel"", ""size_direction"": ""none"", ""evidence_quote"": ""polyester jaisa slippery feel hai""}]","[""fabric""]",Texture and expected fabric type are both criticized.
return:SYN_R0906,DROPDOWN_BACKGROUND_521,dropdown,deterministic code fixture,Hinglish,clear,False,True,"[{""reason"": ""wrong_or_missing_item"", ""size_direction"": ""unclear"", ""evidence_quote"": ""tag says 32""}]","[""logistics"", ""wrong_item""]","Explicit tag discrepancy means wrong item, not inferred fit."
return:SYN_R0907,DROPDOWN_BACKGROUND_522,dropdown,deterministic code fixture,Hindi,clear,False,True,"[{""reason"": ""damaged_in_transit"", ""size_direction"": ""none"", ""evidence_quote"": ""पार्सल का कोना फटा हुआ आया""}]","[""logistics"", ""transit_damage""]",Torn shipping parcel and cut sleeve point to transit damage.
return:SYN_R0908,DROPDOWN_BACKGROUND_523,dropdown,deterministic code fixture,Hindi,clear,False,True,"[{""reason"": ""delivery_delay"", ""size_direction"": ""none"", ""evidence_quote"": ""बारह दिन बाद आए""}]","[""logistics"", ""delay""]",Delivery arrived well after the promised two days.
return:SYN_R0909,DROPDOWN_BACKGROUND_524,dropdown,deterministic code fixture,Hindi,clear,False,True,"[{""reason"": ""changed_mind"", ""size_direction"": ""none"", ""evidence_quote"": ""यह रंग मेरी पसंद का नहीं है""}]","[""other"", ""changed_mind""]","Preference mismatch, not a listing mismatch or defect."
return:SYN_R0910,DROPDOWN_BACKGROUND_525,dropdown,deterministic code fixture,Hinglish,clear,False,True,"[{""reason"": ""quality_defect"", ""size_direction"": ""none"", ""evidence_quote"": ""Pocket ka corner properly stitch hi nahi hua""}]","[""quality""]",An unstitched pocket is a manufacturing defect.
return:SYN_R0911,DROPDOWN_BACKGROUND_526,dropdown,deterministic code fixture,Hindi,clear,False,True,"[{""reason"": ""colour_or_look_mismatch"", ""size_direction"": ""none"", ""evidence_quote"": ""मिला हुआ टॉप चमकीला नारंगी है""}]","[""appearance"", ""colour""]",Delivered color is explicitly unlike the photographed pink.
return:SYN_R0912,DROPDOWN_BACKGROUND_527,dropdown,deterministic code fixture,Hinglish,clear,False,True,"[{""reason"": ""fabric_feel"", ""size_direction"": ""none"", ""evidence_quote"": ""material bahut thin hai""}]","[""fabric""]",Thinness and transparency are material complaints.
return:SYN_R0913,DROPDOWN_BACKGROUND_528,dropdown,deterministic code fixture,Hinglish,clear,False,True,"[{""reason"": ""wrong_or_missing_item"", ""size_direction"": ""unclear"", ""evidence_quote"": ""sirf 2 aaye; yellow wala missing hai""}]","[""logistics"", ""wrong_item""]",One ordered unit is explicitly missing.
return:SYN_R0914,DROPDOWN_BACKGROUND_529,dropdown,deterministic code fixture,Hinglish,clear,False,True,"[{""reason"": ""damaged_in_transit"", ""size_direction"": ""none"", ""evidence_quote"": ""packing paper soggy tha""}]","[""logistics"", ""transit_damage""]",Wet packaging and stain indicate shipping damage.
return:SYN_R0915,DROPDOWN_BACKGROUND_530,dropdown,deterministic code fixture,Hinglish,clear,False,True,"[{""reason"": ""delivery_delay"", ""size_direction"": ""none"", ""evidence_quote"": ""delivery uske baad hui""}]","[""logistics"", ""delay""]",Delivery came after the occasion for which item was ordered.
return:SYN_R0916,DROPDOWN_BACKGROUND_531,dropdown,deterministic code fixture,English,clear,False,True,"[{""reason"": ""changed_mind"", ""size_direction"": ""none"", ""evidence_quote"": ""my preferred style changed""}]","[""other"", ""changed_mind""]",Explicit preference change and no product fault.
return:SYN_R0917,DROPDOWN_BACKGROUND_532,dropdown,deterministic code fixture,Hindi,clear,False,True,"[{""reason"": ""quality_defect"", ""size_direction"": ""none"", ""evidence_quote"": ""सिलाई कई जगह से उधड़ रही है""}]","[""quality""]",Unraveling seams are a clear construction defect.
return:SYN_R0918,DROPDOWN_BACKGROUND_533,dropdown,deterministic code fixture,Hinglish,clear,False,True,"[{""reason"": ""colour_or_look_mismatch"", ""size_direction"": ""none"", ""evidence_quote"": ""shiny navy finish""}]","[""appearance"", ""colour""]",Appearance and color finish differ from the expected matte black.
return:SYN_R0919,DROPDOWN_BACKGROUND_534,dropdown,deterministic code fixture,Hinglish,clear,False,True,"[{""reason"": ""fabric_feel"", ""size_direction"": ""none"", ""evidence_quote"": ""so itchy on my neck""}]","[""fabric""]",Scratchy material is the explicit complaint.
return:SYN_R0920,DROPDOWN_BACKGROUND_535,dropdown,deterministic code fixture,Hinglish,clear,False,True,"[{""reason"": ""wrong_or_missing_item"", ""size_direction"": ""unclear"", ""evidence_quote"": ""kisi aur customer ka kurta tha""}]","[""logistics"", ""wrong_item""]",A different customer's item arrived instead of the ordered item.
return:SYN_R0921,DROPDOWN_BACKGROUND_536,dropdown,deterministic code fixture,Hindi,clear,False,True,"[{""reason"": ""damaged_in_transit"", ""size_direction"": ""none"", ""evidence_quote"": ""पार्सल का कोना फटा हुआ आया""}]","[""logistics"", ""transit_damage""]",Torn shipping parcel and cut sleeve point to transit damage.
return:SYN_R0922,DROPDOWN_BACKGROUND_537,dropdown,deterministic code fixture,Hindi,clear,False,True,"[{""reason"": ""delivery_delay"", ""size_direction"": ""none"", ""evidence_quote"": ""बारह दिन बाद आए""}]","[""logistics"", ""delay""]",Delivery arrived well after the promised two days.
return:SYN_R0923,DROPDOWN_BACKGROUND_538,dropdown,deterministic code fixture,English,clear,False,True,"[{""reason"": ""changed_mind"", ""size_direction"": ""none"", ""evidence_quote"": ""I no longer need the travel set""}]","[""other"", ""changed_mind""]",Trip cancellation removes need for the purchase.
return:SYN_R0924,DROPDOWN_BACKGROUND_539,dropdown,deterministic code fixture,English,clear,False,True,"[{""reason"": ""quality_defect"", ""size_direction"": ""none"", ""evidence_quote"": ""decorative bead fell off""}]","[""quality""]",Detached embellishment reflects poor garment construction.
return:SYN_R0925,DROPDOWN_BACKGROUND_540,dropdown,deterministic code fixture,Hindi,clear,False,True,"[{""reason"": ""colour_or_look_mismatch"", ""size_direction"": ""none"", ""evidence_quote"": ""मिला हुआ टॉप चमकीला नारंगी है""}]","[""appearance"", ""colour""]",Delivered color is explicitly unlike the photographed pink.
return:SYN_R0926,DROPDOWN_BACKGROUND_541,dropdown,deterministic code fixture,Hinglish,clear,False,True,"[{""reason"": ""fabric_feel"", ""size_direction"": ""none"", ""evidence_quote"": ""dry aur rough lagti""}]","[""fabric""]",Criticizes textile's tactile quality versus expected silkiness.
return:SYN_R0927,DROPDOWN_BACKGROUND_542,dropdown,deterministic code fixture,English,clear,False,True,"[{""reason"": ""wrong_or_missing_item"", ""size_direction"": ""unclear"", ""evidence_quote"": ""a men's shirt instead of the women's linen trousers""}]","[""logistics"", ""wrong_item""]","Different product was delivered, not a garment fit complaint."
return:SYN_R0928,DROPDOWN_BACKGROUND_543,dropdown,deterministic code fixture,Hinglish,clear,False,True,"[{""reason"": ""damaged_in_transit"", ""size_direction"": ""none"", ""evidence_quote"": ""packing paper soggy tha""}]","[""logistics"", ""transit_damage""]",Wet packaging and stain indicate shipping damage.
return:SYN_R0929,DROPDOWN_BACKGROUND_544,dropdown,deterministic code fixture,Hinglish,clear,False,True,"[{""reason"": ""delivery_delay"", ""size_direction"": ""none"", ""evidence_quote"": ""delivery uske baad hui""}]","[""logistics"", ""delay""]",Delivery came after the occasion for which item was ordered.
return:SYN_R0930,DROPDOWN_BACKGROUND_545,dropdown,deterministic code fixture,Hinglish,clear,False,True,"[{""reason"": ""changed_mind"", ""size_direction"": ""none"", ""evidence_quote"": ""already bought the same kurta""}]","[""other"", ""changed_mind""]",Duplicate gift makes this purchase unnecessary.
return:SYN_R0931,DROPDOWN_BACKGROUND_546,dropdown,deterministic code fixture,Hinglish,clear,False,True,"[{""reason"": ""quality_defect"", ""size_direction"": ""none"", ""evidence_quote"": ""Stitching first wash ke baad khul gayi""}]","[""quality""]","A seam fails after washing, indicating a garment quality defect."
return:SYN_R0932,DROPDOWN_BACKGROUND_547,dropdown,deterministic code fixture,Hinglish,clear,False,True,"[{""reason"": ""colour_or_look_mismatch"", ""size_direction"": ""none"", ""evidence_quote"": ""shiny navy finish""}]","[""appearance"", ""colour""]",Appearance and color finish differ from the expected matte black.
return:SYN_R0933,DROPDOWN_BACKGROUND_548,dropdown,deterministic code fixture,English,clear,False,True,"[{""reason"": ""fabric_feel"", ""size_direction"": ""none"", ""evidence_quote"": ""transparent in daylight and much thinner""}]","[""fabric""]",Criticizes thinness and sheerness of material.
return:SYN_R0934,DROPDOWN_BACKGROUND_549,dropdown,deterministic code fixture,Hindi,clear,False,True,"[{""reason"": ""wrong_or_missing_item"", ""size_direction"": ""unclear"", ""evidence_quote"": ""पैकेट में केवल एक जोड़ी मिली""}]","[""logistics"", ""wrong_item""]",An ordered unit is missing.
return:SYN_R0935,DROPDOWN_BACKGROUND_550,dropdown,deterministic code fixture,Hindi,clear,False,True,"[{""reason"": ""damaged_in_transit"", ""size_direction"": ""none"", ""evidence_quote"": ""पार्सल का कोना फटा हुआ आया""}]","[""logistics"", ""transit_damage""]",Torn shipping parcel and cut sleeve point to transit damage.
return:SYN_R0936,DROPDOWN_BACKGROUND_551,dropdown,deterministic code fixture,Hindi,clear,False,True,"[{""reason"": ""delivery_delay"", ""size_direction"": ""none"", ""evidence_quote"": ""बारह दिन बाद आए""}]","[""logistics"", ""delay""]",Delivery arrived well after the promised two days.
return:SYN_R0937,DROPDOWN_BACKGROUND_552,dropdown,deterministic code fixture,Hinglish,clear,False,True,"[{""reason"": ""changed_mind"", ""size_direction"": ""none"", ""evidence_quote"": ""don't actually like wearing long skirts anymore""}]","[""other"", ""changed_mind""]",Personal preference changed; explicitly no item fault.
return:SYN_R0938,DROPDOWN_BACKGROUND_553,dropdown,deterministic code fixture,Hinglish,clear,False,True,"[{""reason"": ""quality_defect"", ""size_direction"": ""none"", ""evidence_quote"": ""buttonhole closed hi hai""}]","[""quality""]",A nonfunctional buttonhole is a manufacturing issue.
return:SYN_R0939,DROPDOWN_BACKGROUND_554,dropdown,deterministic code fixture,Hindi,clear,False,True,"[{""reason"": ""colour_or_look_mismatch"", ""size_direction"": ""none"", ""evidence_quote"": ""मिला हुआ टॉप चमकीला नारंगी है""}]","[""appearance"", ""colour""]",Delivered color is explicitly unlike the photographed pink.
return:SYN_R0940,DROPDOWN_BACKGROUND_555,dropdown,deterministic code fixture,English,clear,False,True,"[{""reason"": ""fabric_feel"", ""size_direction"": ""none"", ""evidence_quote"": ""feels unpleasantly coarse""}]","[""fabric""]",Coarse fabric feel is explicit; shedding is tied to the textile.
return:SYN_R0941,DROPDOWN_BACKGROUND_556,dropdown,deterministic code fixture,Hinglish,clear,False,True,"[{""reason"": ""wrong_or_missing_item"", ""size_direction"": ""unclear"", ""evidence_quote"": ""got two beige ones and no green scarf at all""}]","[""logistics"", ""wrong_item""]",Wrong color SKU delivered and ordered item absent.
return:SYN_R0942,DROPDOWN_BACKGROUND_557,dropdown,deterministic code fixture,Hinglish,clear,False,True,"[{""reason"": ""damaged_in_transit"", ""size_direction"": ""none"", ""evidence_quote"": ""packing paper soggy tha""}]","[""logistics"", ""transit_damage""]",Wet packaging and stain indicate shipping damage.
return:SYN_R0943,DROPDOWN_BACKGROUND_558,dropdown,deterministic code fixture,Hinglish,clear,False,True,"[{""reason"": ""delivery_delay"", ""size_direction"": ""none"", ""evidence_quote"": ""delivery uske baad hui""}]","[""logistics"", ""delay""]",Delivery came after the occasion for which item was ordered.
return:SYN_R0944,DROPDOWN_BACKGROUND_559,dropdown,deterministic code fixture,Hindi,clear,False,True,"[{""reason"": ""changed_mind"", ""size_direction"": ""none"", ""evidence_quote"": ""अब इस कपड़े की ज़रूरत नहीं है""}]","[""other"", ""changed_mind""]",Customer no longer needs item after choosing another.
return:SYN_R0945,DROPDOWN_BACKGROUND_560,dropdown,deterministic code fixture,Hinglish,clear,False,True,"[{""reason"": ""quality_defect"", ""size_direction"": ""none"", ""evidence_quote"": ""zipper jams halfway and the teeth split apart""}]","[""quality""]",Broken zipper is a product defect.
return:SYN_R0946,DROPDOWN_BACKGROUND_561,dropdown,deterministic code fixture,Hinglish,clear,False,True,"[{""reason"": ""colour_or_look_mismatch"", ""size_direction"": ""none"", ""evidence_quote"": ""shiny navy finish""}]","[""appearance"", ""colour""]",Appearance and color finish differ from the expected matte black.
return:SYN_R0947,DROPDOWN_BACKGROUND_562,dropdown,deterministic code fixture,Hindi,clear,False,True,"[{""reason"": ""fabric_feel"", ""size_direction"": ""none"", ""evidence_quote"": ""कपड़ा बहुत खुरदुरा है""}]","[""fabric""]","Explicitly rough, irritating fabric texture."
return:SYN_R0948,DROPDOWN_BACKGROUND_563,dropdown,deterministic code fixture,Hinglish,clear,False,True,"[{""reason"": ""wrong_or_missing_item"", ""size_direction"": ""unclear"", ""evidence_quote"": ""kurti ke badle ek unrelated pillow cover tha""}]","[""logistics"", ""wrong_item""]",Received object is not the ordered garment.
return:SYN_R0949,DROPDOWN_BACKGROUND_564,dropdown,deterministic code fixture,Hindi,clear,False,True,"[{""reason"": ""damaged_in_transit"", ""size_direction"": ""none"", ""evidence_quote"": ""पार्सल का कोना फटा हुआ आया""}]","[""logistics"", ""transit_damage""]",Torn shipping parcel and cut sleeve point to transit damage.
return:SYN_R0950,DROPDOWN_BACKGROUND_565,dropdown,deterministic code fixture,Hindi,clear,False,True,"[{""reason"": ""delivery_delay"", ""size_direction"": ""none"", ""evidence_quote"": ""बारह दिन बाद आए""}]","[""logistics"", ""delay""]",Delivery arrived well after the promised two days.
return:SYN_R0951,DROPDOWN_BACKGROUND_566,dropdown,deterministic code fixture,Hinglish,clear,False,True,"[{""reason"": ""changed_mind"", ""size_direction"": ""none"", ""evidence_quote"": ""mera sealed wala extra ho gaya""}]","[""other"", ""changed_mind""]",A duplicate gift made the purchase redundant.
return:SYN_R0952,DROPDOWN_BACKGROUND_567,dropdown,deterministic code fixture,Hinglish,clear,False,True,"[{""reason"": ""quality_defect"", ""size_direction"": ""none"", ""evidence_quote"": ""ek seam pehle wear mein hi khul gayi""}]","[""quality""]",Seam failure during first wear is a clear quality defect.
return:SYN_R0953,DROPDOWN_BACKGROUND_568,dropdown,deterministic code fixture,Hindi,clear,False,True,"[{""reason"": ""colour_or_look_mismatch"", ""size_direction"": ""none"", ""evidence_quote"": ""मिला हुआ टॉप चमकीला नारंगी है""}]","[""appearance"", ""colour""]",Delivered color is explicitly unlike the photographed pink.
return:SYN_R0954,DROPDOWN_BACKGROUND_569,dropdown,deterministic code fixture,Hinglish,clear,False,True,"[{""reason"": ""fabric_feel"", ""size_direction"": ""none"", ""evidence_quote"": ""fabric stiff hai""}]","[""fabric""]",Stiff hand-feel and drape differ from expected cotton.
return:SYN_R0955,DROPDOWN_BACKGROUND_570,dropdown,deterministic code fixture,Hinglish,clear,False,True,"[{""reason"": ""wrong_or_missing_item"", ""size_direction"": ""unclear"", ""evidence_quote"": ""S tag wala kurta mila""}]","[""logistics"", ""wrong_item""]",Wrong labeled SKU was sent; this does not establish fit of ordered item.
return:SYN_R0956,DROPDOWN_BACKGROUND_571,dropdown,deterministic code fixture,Hinglish,clear,False,True,"[{""reason"": ""damaged_in_transit"", ""size_direction"": ""none"", ""evidence_quote"": ""packing paper soggy tha""}]","[""logistics"", ""transit_damage""]",Wet packaging and stain indicate shipping damage.
return:SYN_R0957,DROPDOWN_BACKGROUND_572,dropdown,deterministic code fixture,Hinglish,clear,False,True,"[{""reason"": ""delivery_delay"", ""size_direction"": ""none"", ""evidence_quote"": ""delivery uske baad hui""}]","[""logistics"", ""delay""]",Delivery came after the occasion for which item was ordered.
return:SYN_R0958,DROPDOWN_BACKGROUND_573,dropdown,deterministic code fixture,Hinglish,clear,False,True,"[{""reason"": ""changed_mind"", ""size_direction"": ""none"", ""evidence_quote"": ""decide kiya ki wardrobe mein already similar jacket hai""}]","[""other"", ""changed_mind""]","Returns due to changed preference and duplication, not a product issue."
return:SYN_R0959,DROPDOWN_BACKGROUND_574,dropdown,deterministic code fixture,English,clear,False,True,"[{""reason"": ""quality_defect"", ""size_direction"": ""none"", ""evidence_quote"": ""sleeve seam is unraveling""}]","[""quality""]","Unraveling garment seam is a quality complaint, not fit."
return:SYN_R0960,DROPDOWN_BACKGROUND_575,dropdown,deterministic code fixture,Hinglish,clear,False,True,"[{""reason"": ""colour_or_look_mismatch"", ""size_direction"": ""none"", ""evidence_quote"": ""shiny navy finish""}]","[""appearance"", ""colour""]",Appearance and color finish differ from the expected matte black.
return:SYN_R0961,DROPDOWN_BACKGROUND_576,dropdown,deterministic code fixture,Hinglish,clear,False,True,"[{""reason"": ""fabric_feel"", ""size_direction"": ""none"", ""evidence_quote"": ""stiff canvas jaisa hai""}]","[""fabric""]",Material type and hand-feel differ from expectation.
return:SYN_R0962,DROPDOWN_BACKGROUND_577,dropdown,deterministic code fixture,English,clear,False,True,"[{""reason"": ""wrong_or_missing_item"", ""size_direction"": ""unclear"", ""evidence_quote"": ""belt is missing""}]","[""logistics"", ""wrong_item""]",A listed component of the order was absent.
return:SYN_R0963,DROPDOWN_BACKGROUND_578,dropdown,deterministic code fixture,Hindi,clear,False,True,"[{""reason"": ""damaged_in_transit"", ""size_direction"": ""none"", ""evidence_quote"": ""पार्सल का कोना फटा हुआ आया""}]","[""logistics"", ""transit_damage""]",Torn shipping parcel and cut sleeve point to transit damage.
return:SYN_R0964,DROPDOWN_BACKGROUND_579,dropdown,deterministic code fixture,Hindi,clear,False,True,"[{""reason"": ""delivery_delay"", ""size_direction"": ""none"", ""evidence_quote"": ""बारह दिन बाद आए""}]","[""logistics"", ""delay""]",Delivery arrived well after the promised two days.
return:SYN_R0965,DROPDOWN_BACKGROUND_580,dropdown,deterministic code fixture,English,clear,False,True,"[{""reason"": ""changed_mind"", ""size_direction"": ""none"", ""evidence_quote"": ""no longer have a reason to keep the occasion wear""}]","[""other"", ""changed_mind""]",Canceled event removed the need for the item.
return:SYN_R0966,DROPDOWN_BACKGROUND_581,dropdown,deterministic code fixture,English,clear,False,True,"[{""reason"": ""quality_defect"", ""size_direction"": ""none"", ""evidence_quote"": ""snap fastening is cracked""}]","[""quality""]",Cracked fastening on an unworn garment is defective.
return:SYN_R0967,DROPDOWN_BACKGROUND_582,dropdown,deterministic code fixture,Hindi,clear,False,True,"[{""reason"": ""colour_or_look_mismatch"", ""size_direction"": ""none"", ""evidence_quote"": ""मिला हुआ टॉप चमकीला नारंगी है""}]","[""appearance"", ""colour""]",Delivered color is explicitly unlike the photographed pink.
return:SYN_R0968,DROPDOWN_BACKGROUND_583,dropdown,deterministic code fixture,English,clear,False,True,"[{""reason"": ""fabric_feel"", ""size_direction"": ""none"", ""evidence_quote"": ""jersey is tissue-thin""}]","[""fabric""]",Material thinness and cling are the complaint.
return:SYN_R0969,DROPDOWN_BACKGROUND_584,dropdown,deterministic code fixture,English,clear,False,True,"[{""reason"": ""wrong_or_missing_item"", ""size_direction"": ""unclear"", ""evidence_quote"": ""only the jacket was in the sealed bag""}]","[""logistics"", ""wrong_item""]",The ordered trousers are missing.
return:SYN_R0970,DROPDOWN_BACKGROUND_585,dropdown,deterministic code fixture,Hinglish,clear,False,True,"[{""reason"": ""damaged_in_transit"", ""size_direction"": ""none"", ""evidence_quote"": ""packing paper soggy tha""}]","[""logistics"", ""transit_damage""]",Wet packaging and stain indicate shipping damage.
return:SYN_R0971,DROPDOWN_BACKGROUND_586,dropdown,deterministic code fixture,Hinglish,clear,False,True,"[{""reason"": ""delivery_delay"", ""size_direction"": ""none"", ""evidence_quote"": ""delivery uske baad hui""}]","[""logistics"", ""delay""]",Delivery came after the occasion for which item was ordered.
return:SYN_R0972,DROPDOWN_BACKGROUND_587,dropdown,deterministic code fixture,English,clear,False,True,"[{""reason"": ""changed_mind"", ""size_direction"": ""none"", ""evidence_quote"": ""dress is no longer needed""}]","[""other"", ""changed_mind""]",External plans changed; item quality or fit is not criticized.
return:SYN_R0973,DROPDOWN_BACKGROUND_588,dropdown,deterministic code fixture,Hindi,clear,False,True,"[{""reason"": ""quality_defect"", ""size_direction"": ""none"", ""evidence_quote"": ""हुक पहली बार पहनते ही टूट गया""}]","[""quality""]",A garment hook broke during first wear.
return:SYN_R0974,DROPDOWN_BACKGROUND_589,dropdown,deterministic code fixture,Hinglish,clear,False,True,"[{""reason"": ""colour_or_look_mismatch"", ""size_direction"": ""none"", ""evidence_quote"": ""shiny navy finish""}]","[""appearance"", ""colour""]",Appearance and color finish differ from the expected matte black.
return:SYN_R0975,DROPDOWN_BACKGROUND_590,dropdown,deterministic code fixture,Hinglish,clear,False,True,"[{""reason"": ""fabric_feel"", ""size_direction"": ""none"", ""evidence_quote"": ""Dupatta itna rough hai""}]","[""fabric""]",Rough irritating textile is the concern.
return:SYN_R0976,DROPDOWN_BACKGROUND_591,dropdown,deterministic code fixture,Hinglish,clear,False,True,"[{""reason"": ""wrong_or_missing_item"", ""size_direction"": ""unclear"", ""evidence_quote"": ""delivered packet mein red size M hai""}]","[""logistics"", ""wrong_item""]",Wrong color and labeled size delivered; do not infer garment fit.
return:SYN_R0977,DROPDOWN_BACKGROUND_592,dropdown,deterministic code fixture,Hindi,clear,False,True,"[{""reason"": ""damaged_in_transit"", ""size_direction"": ""none"", ""evidence_quote"": ""पार्सल का कोना फटा हुआ आया""}]","[""logistics"", ""transit_damage""]",Torn shipping parcel and cut sleeve point to transit damage.
return:SYN_R0978,DROPDOWN_BACKGROUND_593,dropdown,deterministic code fixture,Hindi,clear,False,True,"[{""reason"": ""delivery_delay"", ""size_direction"": ""none"", ""evidence_quote"": ""बारह दिन बाद आए""}]","[""logistics"", ""delay""]",Delivery arrived well after the promised two days.
return:SYN_R0979,DROPDOWN_BACKGROUND_594,dropdown,deterministic code fixture,Hinglish,clear,False,True,"[{""reason"": ""changed_mind"", ""size_direction"": ""none"", ""evidence_quote"": ""decide kiya ki party outfit nahi lena""}]","[""other"", ""changed_mind""]",Customer reconsidered the purchase without identifying a product issue.
return:SYN_R0980,DROPDOWN_BACKGROUND_595,dropdown,deterministic code fixture,Hinglish,clear,False,True,"[{""reason"": ""quality_defect"", ""size_direction"": ""none"", ""evidence_quote"": ""stitches uneven aur kuch jagah missing hain""}]","[""quality""]",Uneven and missing stitches are a construction-quality complaint.
return:SYN_R0981,DROPDOWN_BACKGROUND_596,dropdown,deterministic code fixture,Hindi,clear,False,True,"[{""reason"": ""colour_or_look_mismatch"", ""size_direction"": ""none"", ""evidence_quote"": ""मिला हुआ टॉप चमकीला नारंगी है""}]","[""appearance"", ""colour""]",Delivered color is explicitly unlike the photographed pink.
return:SYN_R0982,DROPDOWN_BACKGROUND_597,dropdown,deterministic code fixture,Hindi,clear,False,True,"[{""reason"": ""fabric_feel"", ""size_direction"": ""none"", ""evidence_quote"": ""ऊन बहुत चुभता है""}]","[""fabric""]",Wool texture is explicitly irritating.
return:SYN_R0983,DROPDOWN_BACKGROUND_598,dropdown,deterministic code fixture,Hinglish,clear,False,True,"[{""reason"": ""wrong_or_missing_item"", ""size_direction"": ""unclear"", ""evidence_quote"": ""White kurta ke badle black one bhej diya""}]","[""logistics"", ""wrong_item""]",The wrong color variant was delivered.
return:SYN_R0984,DROPDOWN_BACKGROUND_599,dropdown,deterministic code fixture,Hinglish,clear,False,True,"[{""reason"": ""damaged_in_transit"", ""size_direction"": ""none"", ""evidence_quote"": ""packing paper soggy tha""}]","[""logistics"", ""transit_damage""]",Wet packaging and stain indicate shipping damage.
return:SYN_R0985,DROPDOWN_BACKGROUND_600,dropdown,deterministic code fixture,Hinglish,clear,False,True,"[{""reason"": ""delivery_delay"", ""size_direction"": ""none"", ""evidence_quote"": ""delivery uske baad hui""}]","[""logistics"", ""delay""]",Delivery came after the occasion for which item was ordered.
return:SYN_R0986,DROPDOWN_BACKGROUND_601,dropdown,deterministic code fixture,Hinglish,clear,False,True,"[{""reason"": ""changed_mind"", ""size_direction"": ""none"", ""evidence_quote"": ""simply changed my mind""}]","[""other"", ""changed_mind""]",Explicit preference change without product complaint.
return:SYN_R0987,DROPDOWN_BACKGROUND_602,dropdown,deterministic code fixture,Hinglish,clear,False,True,"[{""reason"": ""quality_defect"", ""size_direction"": ""none"", ""evidence_quote"": ""Buttons aadhe loose hain aur ek missing""}]","[""quality""]",Loose and missing attached buttons are garment defects.
return:SYN_R0988,DROPDOWN_BACKGROUND_603,dropdown,deterministic code fixture,Hinglish,clear,False,True,"[{""reason"": ""colour_or_look_mismatch"", ""size_direction"": ""none"", ""evidence_quote"": ""shiny navy finish""}]","[""appearance"", ""colour""]",Appearance and color finish differ from the expected matte black.
return:SYN_R0989,DROPDOWN_BACKGROUND_604,dropdown,deterministic code fixture,English,clear,False,True,"[{""reason"": ""fabric_feel"", ""size_direction"": ""none"", ""evidence_quote"": ""feels papery and rigid""}]","[""fabric""]",Complains about stiffness and expected hand-feel.
return:SYN_R0990,DROPDOWN_BACKGROUND_605,dropdown,deterministic code fixture,English,clear,False,True,"[{""reason"": ""wrong_or_missing_item"", ""size_direction"": ""unclear"", ""evidence_quote"": ""Only one shoe arrived from the pair order""}]","[""logistics"", ""wrong_item""]",Ordered pair arrived incomplete.
return:SYN_R0991,DROPDOWN_BACKGROUND_606,dropdown,deterministic code fixture,Hindi,clear,False,True,"[{""reason"": ""damaged_in_transit"", ""size_direction"": ""none"", ""evidence_quote"": ""पार्सल का कोना फटा हुआ आया""}]","[""logistics"", ""transit_damage""]",Torn shipping parcel and cut sleeve point to transit damage.
return:SYN_R0992,DROPDOWN_BACKGROUND_607,dropdown,deterministic code fixture,Hindi,clear,False,True,"[{""reason"": ""delivery_delay"", ""size_direction"": ""none"", ""evidence_quote"": ""बारह दिन बाद आए""}]","[""logistics"", ""delay""]",Delivery arrived well after the promised two days.
return:SYN_R0993,DROPDOWN_BACKGROUND_608,dropdown,deterministic code fixture,English,clear,False,True,"[{""reason"": ""changed_mind"", ""size_direction"": ""none"", ""evidence_quote"": ""I have no use for these perfectly fine trousers""}]","[""other"", ""changed_mind""]",Changed circumstances remove need; garment is not criticized.
return:SYN_R0994,DROPDOWN_BACKGROUND_609,dropdown,deterministic code fixture,English,clear,False,True,"[{""reason"": ""quality_defect"", ""size_direction"": ""none"", ""evidence_quote"": ""elastic casing is split open""}]","[""quality""]",Split casing and exposed elastic are garment damage.
return:SYN_R0995,DROPDOWN_BACKGROUND_610,dropdown,deterministic code fixture,Hindi,clear,False,True,"[{""reason"": ""colour_or_look_mismatch"", ""size_direction"": ""none"", ""evidence_quote"": ""मिला हुआ टॉप चमकीला नारंगी है""}]","[""appearance"", ""colour""]",Delivered color is explicitly unlike the photographed pink.
return:SYN_R0996,DROPDOWN_BACKGROUND_611,dropdown,deterministic code fixture,Hinglish,clear,False,True,"[{""reason"": ""fabric_feel"", ""size_direction"": ""none"", ""evidence_quote"": ""polyester jaisa slippery feel hai""}]","[""fabric""]",Texture and expected fabric type are both criticized.
return:SYN_R0997,DROPDOWN_BACKGROUND_612,dropdown,deterministic code fixture,English,clear,False,True,"[{""reason"": ""wrong_or_missing_item"", ""size_direction"": ""unclear"", ""evidence_quote"": ""not the matching skirt""}]","[""logistics"", ""wrong_item""]",One component of the ordered two-piece set is missing.
return:SYN_R0998,DROPDOWN_BACKGROUND_613,dropdown,deterministic code fixture,Hinglish,clear,False,True,"[{""reason"": ""damaged_in_transit"", ""size_direction"": ""none"", ""evidence_quote"": ""packing paper soggy tha""}]","[""logistics"", ""transit_damage""]",Wet packaging and stain indicate shipping damage.
return:SYN_R0999,DROPDOWN_BACKGROUND_614,dropdown,deterministic code fixture,Hinglish,clear,False,True,"[{""reason"": ""delivery_delay"", ""size_direction"": ""none"", ""evidence_quote"": ""delivery uske baad hui""}]","[""logistics"", ""delay""]",Delivery came after the occasion for which item was ordered.
return:SYN_R1000,DROPDOWN_BACKGROUND_615,dropdown,deterministic code fixture,Hinglish,clear,False,True,"[{""reason"": ""changed_mind"", ""size_direction"": ""none"", ""evidence_quote"": ""Function cancel ho gaya, outfit ki zaroorat nahi rahi""}]","[""other"", ""changed_mind""]",Need ended because event was canceled; no product issue.
return:SYN_R1001,DROPDOWN_BACKGROUND_616,dropdown,deterministic code fixture,Hinglish,clear,False,True,"[{""reason"": ""quality_defect"", ""size_direction"": ""none"", ""evidence_quote"": ""Pocket ka corner properly stitch hi nahi hua""}]","[""quality""]",An unstitched pocket is a manufacturing defect.
return:SYN_R1002,DROPDOWN_BACKGROUND_617,dropdown,deterministic code fixture,Hinglish,clear,False,True,"[{""reason"": ""colour_or_look_mismatch"", ""size_direction"": ""none"", ""evidence_quote"": ""shiny navy finish""}]","[""appearance"", ""colour""]",Appearance and color finish differ from the expected matte black.
return:SYN_R1003,DROPDOWN_BACKGROUND_618,dropdown,deterministic code fixture,Hinglish,clear,False,True,"[{""reason"": ""fabric_feel"", ""size_direction"": ""none"", ""evidence_quote"": ""material bahut thin hai""}]","[""fabric""]",Thinness and transparency are material complaints.
return:SYN_R1004,DROPDOWN_BACKGROUND_619,dropdown,deterministic code fixture,Hinglish,clear,False,True,"[{""reason"": ""wrong_or_missing_item"", ""size_direction"": ""unclear"", ""evidence_quote"": ""Label pe SKU 74-B hai but maine 74-A floral dress order ki thi""}]","[""logistics"", ""wrong_item""]",SKU confirms wrong item was sent.
return:SYN_R1005,DROPDOWN_BACKGROUND_620,dropdown,deterministic code fixture,Hindi,clear,False,True,"[{""reason"": ""damaged_in_transit"", ""size_direction"": ""none"", ""evidence_quote"": ""पार्सल का कोना फटा हुआ आया""}]","[""logistics"", ""transit_damage""]",Torn shipping parcel and cut sleeve point to transit damage.
return:SYN_R1006,DROPDOWN_BACKGROUND_621,dropdown,deterministic code fixture,Hindi,clear,False,True,"[{""reason"": ""delivery_delay"", ""size_direction"": ""none"", ""evidence_quote"": ""बारह दिन बाद आए""}]","[""logistics"", ""delay""]",Delivery arrived well after the promised two days.
return:SYN_R1007,DROPDOWN_BACKGROUND_622,dropdown,deterministic code fixture,Hinglish,clear,False,True,"[{""reason"": ""changed_mind"", ""size_direction"": ""none"", ""evidence_quote"": ""mujhe ye color chahiye hi nahi""}]","[""other"", ""changed_mind""]","Customer no longer wants the selected color, without mismatch claim."
return:SYN_R1008,DROPDOWN_BACKGROUND_623,dropdown,deterministic code fixture,Hindi,clear,False,True,"[{""reason"": ""quality_defect"", ""size_direction"": ""none"", ""evidence_quote"": ""सिलाई कई जगह से उधड़ रही है""}]","[""quality""]",Unraveling seams are a clear construction defect.
return:SYN_R1009,DROPDOWN_BACKGROUND_624,dropdown,deterministic code fixture,Hindi,clear,False,True,"[{""reason"": ""colour_or_look_mismatch"", ""size_direction"": ""none"", ""evidence_quote"": ""मिला हुआ टॉप चमकीला नारंगी है""}]","[""appearance"", ""colour""]",Delivered color is explicitly unlike the photographed pink.
return:SYN_R1010,DROPDOWN_BACKGROUND_625,dropdown,deterministic code fixture,Hinglish,clear,False,True,"[{""reason"": ""fabric_feel"", ""size_direction"": ""none"", ""evidence_quote"": ""so itchy on my neck""}]","[""fabric""]",Scratchy material is the explicit complaint.
return:SYN_R1011,DROPDOWN_BACKGROUND_626,dropdown,deterministic code fixture,Hinglish,clear,False,True,"[{""reason"": ""wrong_or_missing_item"", ""size_direction"": ""unclear"", ""evidence_quote"": ""tag says 32""}]","[""logistics"", ""wrong_item""]","Explicit tag discrepancy means wrong item, not inferred fit."
return:SYN_R1012,DROPDOWN_BACKGROUND_627,dropdown,deterministic code fixture,Hinglish,clear,False,True,"[{""reason"": ""damaged_in_transit"", ""size_direction"": ""none"", ""evidence_quote"": ""packing paper soggy tha""}]","[""logistics"", ""transit_damage""]",Wet packaging and stain indicate shipping damage.
return:SYN_R1013,DROPDOWN_BACKGROUND_628,dropdown,deterministic code fixture,Hinglish,clear,False,True,"[{""reason"": ""delivery_delay"", ""size_direction"": ""none"", ""evidence_quote"": ""delivery uske baad hui""}]","[""logistics"", ""delay""]",Delivery came after the occasion for which item was ordered.
return:SYN_R1014,DROPDOWN_BACKGROUND_629,dropdown,deterministic code fixture,Hindi,clear,False,True,"[{""reason"": ""changed_mind"", ""size_direction"": ""none"", ""evidence_quote"": ""यह रंग मेरी पसंद का नहीं है""}]","[""other"", ""changed_mind""]","Preference mismatch, not a listing mismatch or defect."
return:SYN_R1015,DROPDOWN_BACKGROUND_630,dropdown,deterministic code fixture,English,clear,False,True,"[{""reason"": ""quality_defect"", ""size_direction"": ""none"", ""evidence_quote"": ""decorative bead fell off""}]","[""quality""]",Detached embellishment reflects poor garment construction.
return:SYN_R1016,DROPDOWN_BACKGROUND_631,dropdown,deterministic code fixture,Hinglish,clear,False,True,"[{""reason"": ""colour_or_look_mismatch"", ""size_direction"": ""none"", ""evidence_quote"": ""shiny navy finish""}]","[""appearance"", ""colour""]",Appearance and color finish differ from the expected matte black.
return:SYN_R1017,DROPDOWN_BACKGROUND_632,dropdown,deterministic code fixture,Hinglish,clear,False,True,"[{""reason"": ""fabric_feel"", ""size_direction"": ""none"", ""evidence_quote"": ""dry aur rough lagti""}]","[""fabric""]",Criticizes textile's tactile quality versus expected silkiness.
return:SYN_R1018,DROPDOWN_BACKGROUND_633,dropdown,deterministic code fixture,Hinglish,clear,False,True,"[{""reason"": ""wrong_or_missing_item"", ""size_direction"": ""unclear"", ""evidence_quote"": ""sirf 2 aaye; yellow wala missing hai""}]","[""logistics"", ""wrong_item""]",One ordered unit is explicitly missing.
return:SYN_R1019,DROPDOWN_BACKGROUND_634,dropdown,deterministic code fixture,Hindi,clear,False,True,"[{""reason"": ""damaged_in_transit"", ""size_direction"": ""none"", ""evidence_quote"": ""पार्सल का कोना फटा हुआ आया""}]","[""logistics"", ""transit_damage""]",Torn shipping parcel and cut sleeve point to transit damage.
return:SYN_R1020,DROPDOWN_BACKGROUND_635,dropdown,deterministic code fixture,Hindi,clear,False,True,"[{""reason"": ""delivery_delay"", ""size_direction"": ""none"", ""evidence_quote"": ""बारह दिन बाद आए""}]","[""logistics"", ""delay""]",Delivery arrived well after the promised two days.
return:SYN_R1021,DROPDOWN_BACKGROUND_636,dropdown,deterministic code fixture,English,clear,False,True,"[{""reason"": ""changed_mind"", ""size_direction"": ""none"", ""evidence_quote"": ""my preferred style changed""}]","[""other"", ""changed_mind""]",Explicit preference change and no product fault.
return:SYN_R1022,DROPDOWN_BACKGROUND_637,dropdown,deterministic code fixture,Hinglish,clear,False,True,"[{""reason"": ""quality_defect"", ""size_direction"": ""none"", ""evidence_quote"": ""Stitching first wash ke baad khul gayi""}]","[""quality""]","A seam fails after washing, indicating a garment quality defect."
return:SYN_R1023,DROPDOWN_BACKGROUND_638,dropdown,deterministic code fixture,Hindi,clear,False,True,"[{""reason"": ""colour_or_look_mismatch"", ""size_direction"": ""none"", ""evidence_quote"": ""मिला हुआ टॉप चमकीला नारंगी है""}]","[""appearance"", ""colour""]",Delivered color is explicitly unlike the photographed pink.
return:SYN_R1024,DROPDOWN_BACKGROUND_639,dropdown,deterministic code fixture,English,clear,False,True,"[{""reason"": ""fabric_feel"", ""size_direction"": ""none"", ""evidence_quote"": ""transparent in daylight and much thinner""}]","[""fabric""]",Criticizes thinness and sheerness of material.
return:SYN_R1025,DROPDOWN_BACKGROUND_640,dropdown,deterministic code fixture,Hinglish,clear,False,True,"[{""reason"": ""wrong_or_missing_item"", ""size_direction"": ""unclear"", ""evidence_quote"": ""kisi aur customer ka kurta tha""}]","[""logistics"", ""wrong_item""]",A different customer's item arrived instead of the ordered item.
return:SYN_R1026,DROPDOWN_BACKGROUND_641,dropdown,deterministic code fixture,Hinglish,clear,False,True,"[{""reason"": ""damaged_in_transit"", ""size_direction"": ""none"", ""evidence_quote"": ""packing paper soggy tha""}]","[""logistics"", ""transit_damage""]",Wet packaging and stain indicate shipping damage.
return:SYN_R1027,DROPDOWN_BACKGROUND_642,dropdown,deterministic code fixture,Hinglish,clear,False,True,"[{""reason"": ""delivery_delay"", ""size_direction"": ""none"", ""evidence_quote"": ""delivery uske baad hui""}]","[""logistics"", ""delay""]",Delivery came after the occasion for which item was ordered.
return:SYN_R1028,DROPDOWN_BACKGROUND_643,dropdown,deterministic code fixture,English,clear,False,True,"[{""reason"": ""changed_mind"", ""size_direction"": ""none"", ""evidence_quote"": ""I no longer need the travel set""}]","[""other"", ""changed_mind""]",Trip cancellation removes need for the purchase.
return:SYN_R1029,DROPDOWN_BACKGROUND_644,dropdown,deterministic code fixture,Hinglish,clear,False,True,"[{""reason"": ""quality_defect"", ""size_direction"": ""none"", ""evidence_quote"": ""buttonhole closed hi hai""}]","[""quality""]",A nonfunctional buttonhole is a manufacturing issue.
return:SYN_R1030,DROPDOWN_BACKGROUND_645,dropdown,deterministic code fixture,Hinglish,clear,False,True,"[{""reason"": ""colour_or_look_mismatch"", ""size_direction"": ""none"", ""evidence_quote"": ""shiny navy finish""}]","[""appearance"", ""colour""]",Appearance and color finish differ from the expected matte black.
return:SYN_R1031,DROPDOWN_BACKGROUND_646,dropdown,deterministic code fixture,English,clear,False,True,"[{""reason"": ""fabric_feel"", ""size_direction"": ""none"", ""evidence_quote"": ""feels unpleasantly coarse""}]","[""fabric""]",Coarse fabric feel is explicit; shedding is tied to the textile.
return:SYN_R1032,DROPDOWN_BACKGROUND_647,dropdown,deterministic code fixture,English,clear,False,True,"[{""reason"": ""wrong_or_missing_item"", ""size_direction"": ""unclear"", ""evidence_quote"": ""a men's shirt instead of the women's linen trousers""}]","[""logistics"", ""wrong_item""]","Different product was delivered, not a garment fit complaint."
return:SYN_R1033,DROPDOWN_BACKGROUND_648,dropdown,deterministic code fixture,Hindi,clear,False,True,"[{""reason"": ""damaged_in_transit"", ""size_direction"": ""none"", ""evidence_quote"": ""पार्सल का कोना फटा हुआ आया""}]","[""logistics"", ""transit_damage""]",Torn shipping parcel and cut sleeve point to transit damage.
return:SYN_R1034,DROPDOWN_BACKGROUND_649,dropdown,deterministic code fixture,Hindi,clear,False,True,"[{""reason"": ""delivery_delay"", ""size_direction"": ""none"", ""evidence_quote"": ""बारह दिन बाद आए""}]","[""logistics"", ""delay""]",Delivery arrived well after the promised two days.
return:SYN_R1035,DROPDOWN_BACKGROUND_650,dropdown,deterministic code fixture,Hinglish,clear,False,True,"[{""reason"": ""changed_mind"", ""size_direction"": ""none"", ""evidence_quote"": ""already bought the same kurta""}]","[""other"", ""changed_mind""]",Duplicate gift makes this purchase unnecessary.
return:SYN_R1036,DROPDOWN_BACKGROUND_651,dropdown,deterministic code fixture,Hinglish,clear,False,True,"[{""reason"": ""quality_defect"", ""size_direction"": ""none"", ""evidence_quote"": ""zipper jams halfway and the teeth split apart""}]","[""quality""]",Broken zipper is a product defect.
return:SYN_R1037,DROPDOWN_BACKGROUND_652,dropdown,deterministic code fixture,Hindi,clear,False,True,"[{""reason"": ""colour_or_look_mismatch"", ""size_direction"": ""none"", ""evidence_quote"": ""मिला हुआ टॉप चमकीला नारंगी है""}]","[""appearance"", ""colour""]",Delivered color is explicitly unlike the photographed pink.
return:SYN_R1038,DROPDOWN_BACKGROUND_653,dropdown,deterministic code fixture,Hindi,clear,False,True,"[{""reason"": ""fabric_feel"", ""size_direction"": ""none"", ""evidence_quote"": ""कपड़ा बहुत खुरदुरा है""}]","[""fabric""]","Explicitly rough, irritating fabric texture."
return:SYN_R1039,DROPDOWN_BACKGROUND_654,dropdown,deterministic code fixture,Hindi,clear,False,True,"[{""reason"": ""wrong_or_missing_item"", ""size_direction"": ""unclear"", ""evidence_quote"": ""पैकेट में केवल एक जोड़ी मिली""}]","[""logistics"", ""wrong_item""]",An ordered unit is missing.
return:SYN_R1040,DROPDOWN_BACKGROUND_655,dropdown,deterministic code fixture,Hinglish,clear,False,True,"[{""reason"": ""damaged_in_transit"", ""size_direction"": ""none"", ""evidence_quote"": ""packing paper soggy tha""}]","[""logistics"", ""transit_damage""]",Wet packaging and stain indicate shipping damage.
return:SYN_R1041,DROPDOWN_BACKGROUND_656,dropdown,deterministic code fixture,Hinglish,clear,False,True,"[{""reason"": ""delivery_delay"", ""size_direction"": ""none"", ""evidence_quote"": ""delivery uske baad hui""}]","[""logistics"", ""delay""]",Delivery came after the occasion for which item was ordered.
return:SYN_R1042,DROPDOWN_BACKGROUND_657,dropdown,deterministic code fixture,Hinglish,clear,False,True,"[{""reason"": ""changed_mind"", ""size_direction"": ""none"", ""evidence_quote"": ""don't actually like wearing long skirts anymore""}]","[""other"", ""changed_mind""]",Personal preference changed; explicitly no item fault.
return:SYN_R1043,DROPDOWN_BACKGROUND_658,dropdown,deterministic code fixture,Hinglish,clear,False,True,"[{""reason"": ""quality_defect"", ""size_direction"": ""none"", ""evidence_quote"": ""ek seam pehle wear mein hi khul gayi""}]","[""quality""]",Seam failure during first wear is a clear quality defect.
return:SYN_R1044,DROPDOWN_BACKGROUND_659,dropdown,deterministic code fixture,Hinglish,clear,False,True,"[{""reason"": ""colour_or_look_mismatch"", ""size_direction"": ""none"", ""evidence_quote"": ""shiny navy finish""}]","[""appearance"", ""colour""]",Appearance and color finish differ from the expected matte black.
return:SYN_R1045,DROPDOWN_BACKGROUND_660,dropdown,deterministic code fixture,Hinglish,clear,False,True,"[{""reason"": ""fabric_feel"", ""size_direction"": ""none"", ""evidence_quote"": ""fabric stiff hai""}]","[""fabric""]",Stiff hand-feel and drape differ from expected cotton.
return:SYN_R1046,DROPDOWN_BACKGROUND_661,dropdown,deterministic code fixture,Hinglish,clear,False,True,"[{""reason"": ""wrong_or_missing_item"", ""size_direction"": ""unclear"", ""evidence_quote"": ""got two beige ones and no green scarf at all""}]","[""logistics"", ""wrong_item""]",Wrong color SKU delivered and ordered item absent.
return:SYN_R1047,DROPDOWN_BACKGROUND_662,dropdown,deterministic code fixture,Hindi,clear,False,True,"[{""reason"": ""damaged_in_transit"", ""size_direction"": ""none"", ""evidence_quote"": ""पार्सल का कोना फटा हुआ आया""}]","[""logistics"", ""transit_damage""]",Torn shipping parcel and cut sleeve point to transit damage.
return:SYN_R1048,DROPDOWN_BACKGROUND_663,dropdown,deterministic code fixture,Hindi,clear,False,True,"[{""reason"": ""delivery_delay"", ""size_direction"": ""none"", ""evidence_quote"": ""बारह दिन बाद आए""}]","[""logistics"", ""delay""]",Delivery arrived well after the promised two days.
return:SYN_R1049,DROPDOWN_BACKGROUND_664,dropdown,deterministic code fixture,Hindi,clear,False,True,"[{""reason"": ""changed_mind"", ""size_direction"": ""none"", ""evidence_quote"": ""अब इस कपड़े की ज़रूरत नहीं है""}]","[""other"", ""changed_mind""]",Customer no longer needs item after choosing another.
return:SYN_R1050,DROPDOWN_BACKGROUND_665,dropdown,deterministic code fixture,English,clear,False,True,"[{""reason"": ""quality_defect"", ""size_direction"": ""none"", ""evidence_quote"": ""sleeve seam is unraveling""}]","[""quality""]","Unraveling garment seam is a quality complaint, not fit."
return:SYN_R1051,DROPDOWN_BACKGROUND_666,dropdown,deterministic code fixture,Hindi,clear,False,True,"[{""reason"": ""colour_or_look_mismatch"", ""size_direction"": ""none"", ""evidence_quote"": ""मिला हुआ टॉप चमकीला नारंगी है""}]","[""appearance"", ""colour""]",Delivered color is explicitly unlike the photographed pink.
return:SYN_R1052,DROPDOWN_BACKGROUND_667,dropdown,deterministic code fixture,Hinglish,clear,False,True,"[{""reason"": ""fabric_feel"", ""size_direction"": ""none"", ""evidence_quote"": ""stiff canvas jaisa hai""}]","[""fabric""]",Material type and hand-feel differ from expectation.
return:SYN_R1053,DROPDOWN_BACKGROUND_668,dropdown,deterministic code fixture,Hinglish,clear,False,True,"[{""reason"": ""wrong_or_missing_item"", ""size_direction"": ""unclear"", ""evidence_quote"": ""kurti ke badle ek unrelated pillow cover tha""}]","[""logistics"", ""wrong_item""]",Received object is not the ordered garment.
return:SYN_R1054,DROPDOWN_BACKGROUND_669,dropdown,deterministic code fixture,Hinglish,clear,False,True,"[{""reason"": ""damaged_in_transit"", ""size_direction"": ""none"", ""evidence_quote"": ""packing paper soggy tha""}]","[""logistics"", ""transit_damage""]",Wet packaging and stain indicate shipping damage.
return:SYN_R1055,DROPDOWN_BACKGROUND_670,dropdown,deterministic code fixture,Hinglish,clear,False,True,"[{""reason"": ""delivery_delay"", ""size_direction"": ""none"", ""evidence_quote"": ""delivery uske baad hui""}]","[""logistics"", ""delay""]",Delivery came after the occasion for which item was ordered.
return:SYN_R1056,DROPDOWN_BACKGROUND_671,dropdown,deterministic code fixture,Hinglish,clear,False,True,"[{""reason"": ""changed_mind"", ""size_direction"": ""none"", ""evidence_quote"": ""mera sealed wala extra ho gaya""}]","[""other"", ""changed_mind""]",A duplicate gift made the purchase redundant.
return:SYN_R1057,DROPDOWN_BACKGROUND_672,dropdown,deterministic code fixture,English,clear,False,True,"[{""reason"": ""quality_defect"", ""size_direction"": ""none"", ""evidence_quote"": ""snap fastening is cracked""}]","[""quality""]",Cracked fastening on an unworn garment is defective.
return:SYN_R1058,DROPDOWN_BACKGROUND_673,dropdown,deterministic code fixture,Hinglish,clear,False,True,"[{""reason"": ""colour_or_look_mismatch"", ""size_direction"": ""none"", ""evidence_quote"": ""shiny navy finish""}]","[""appearance"", ""colour""]",Appearance and color finish differ from the expected matte black.
return:SYN_R1059,DROPDOWN_BACKGROUND_674,dropdown,deterministic code fixture,English,clear,False,True,"[{""reason"": ""fabric_feel"", ""size_direction"": ""none"", ""evidence_quote"": ""jersey is tissue-thin""}]","[""fabric""]",Material thinness and cling are the complaint.
return:SYN_R1060,DROPDOWN_BACKGROUND_675,dropdown,deterministic code fixture,Hinglish,clear,False,True,"[{""reason"": ""wrong_or_missing_item"", ""size_direction"": ""unclear"", ""evidence_quote"": ""S tag wala kurta mila""}]","[""logistics"", ""wrong_item""]",Wrong labeled SKU was sent; this does not establish fit of ordered item.
return:SYN_R1061,DROPDOWN_BACKGROUND_676,dropdown,deterministic code fixture,Hindi,clear,False,True,"[{""reason"": ""damaged_in_transit"", ""size_direction"": ""none"", ""evidence_quote"": ""पार्सल का कोना फटा हुआ आया""}]","[""logistics"", ""transit_damage""]",Torn shipping parcel and cut sleeve point to transit damage.
return:SYN_R1062,DROPDOWN_BACKGROUND_677,dropdown,deterministic code fixture,Hindi,clear,False,True,"[{""reason"": ""delivery_delay"", ""size_direction"": ""none"", ""evidence_quote"": ""बारह दिन बाद आए""}]","[""logistics"", ""delay""]",Delivery arrived well after the promised two days.
return:SYN_R1063,DROPDOWN_BACKGROUND_678,dropdown,deterministic code fixture,Hinglish,clear,False,True,"[{""reason"": ""changed_mind"", ""size_direction"": ""none"", ""evidence_quote"": ""decide kiya ki wardrobe mein already similar jacket hai""}]","[""other"", ""changed_mind""]","Returns due to changed preference and duplication, not a product issue."
return:SYN_R1064,DROPDOWN_BACKGROUND_679,dropdown,deterministic code fixture,Hindi,clear,False,True,"[{""reason"": ""quality_defect"", ""size_direction"": ""none"", ""evidence_quote"": ""हुक पहली बार पहनते ही टूट गया""}]","[""quality""]",A garment hook broke during first wear.
return:SYN_R1065,DROPDOWN_BACKGROUND_680,dropdown,deterministic code fixture,Hindi,clear,False,True,"[{""reason"": ""colour_or_look_mismatch"", ""size_direction"": ""none"", ""evidence_quote"": ""मिला हुआ टॉप चमकीला नारंगी है""}]","[""appearance"", ""colour""]",Delivered color is explicitly unlike the photographed pink.
return:SYN_R1066,DROPDOWN_BACKGROUND_681,dropdown,deterministic code fixture,Hinglish,clear,False,True,"[{""reason"": ""fabric_feel"", ""size_direction"": ""none"", ""evidence_quote"": ""Dupatta itna rough hai""}]","[""fabric""]",Rough irritating textile is the concern.
return:SYN_R1067,DROPDOWN_BACKGROUND_682,dropdown,deterministic code fixture,English,clear,False,True,"[{""reason"": ""wrong_or_missing_item"", ""size_direction"": ""unclear"", ""evidence_quote"": ""belt is missing""}]","[""logistics"", ""wrong_item""]",A listed component of the order was absent.
return:SYN_R1068,DROPDOWN_BACKGROUND_683,dropdown,deterministic code fixture,Hinglish,clear,False,True,"[{""reason"": ""damaged_in_transit"", ""size_direction"": ""none"", ""evidence_quote"": ""packing paper soggy tha""}]","[""logistics"", ""transit_damage""]",Wet packaging and stain indicate shipping damage.
return:SYN_R1069,DROPDOWN_BACKGROUND_684,dropdown,deterministic code fixture,Hinglish,clear,False,True,"[{""reason"": ""delivery_delay"", ""size_direction"": ""none"", ""evidence_quote"": ""delivery uske baad hui""}]","[""logistics"", ""delay""]",Delivery came after the occasion for which item was ordered.
return:SYN_R1070,DROPDOWN_BACKGROUND_685,dropdown,deterministic code fixture,English,clear,False,True,"[{""reason"": ""changed_mind"", ""size_direction"": ""none"", ""evidence_quote"": ""no longer have a reason to keep the occasion wear""}]","[""other"", ""changed_mind""]",Canceled event removed the need for the item.
return:SYN_R1071,DROPDOWN_BACKGROUND_686,dropdown,deterministic code fixture,Hinglish,clear,False,True,"[{""reason"": ""quality_defect"", ""size_direction"": ""none"", ""evidence_quote"": ""stitches uneven aur kuch jagah missing hain""}]","[""quality""]",Uneven and missing stitches are a construction-quality complaint.
return:SYN_R1072,DROPDOWN_BACKGROUND_687,dropdown,deterministic code fixture,Hinglish,clear,False,True,"[{""reason"": ""colour_or_look_mismatch"", ""size_direction"": ""none"", ""evidence_quote"": ""shiny navy finish""}]","[""appearance"", ""colour""]",Appearance and color finish differ from the expected matte black.
return:SYN_R1073,DROPDOWN_BACKGROUND_688,dropdown,deterministic code fixture,Hindi,clear,False,True,"[{""reason"": ""fabric_feel"", ""size_direction"": ""none"", ""evidence_quote"": ""ऊन बहुत चुभता है""}]","[""fabric""]",Wool texture is explicitly irritating.
return:SYN_R1074,DROPDOWN_BACKGROUND_689,dropdown,deterministic code fixture,English,clear,False,True,"[{""reason"": ""wrong_or_missing_item"", ""size_direction"": ""unclear"", ""evidence_quote"": ""only the jacket was in the sealed bag""}]","[""logistics"", ""wrong_item""]",The ordered trousers are missing.
return:SYN_R1075,DROPDOWN_BACKGROUND_690,dropdown,deterministic code fixture,Hindi,clear,False,True,"[{""reason"": ""damaged_in_transit"", ""size_direction"": ""none"", ""evidence_quote"": ""पार्सल का कोना फटा हुआ आया""}]","[""logistics"", ""transit_damage""]",Torn shipping parcel and cut sleeve point to transit damage.
return:SYN_R1076,DROPDOWN_BACKGROUND_691,dropdown,deterministic code fixture,Hindi,clear,False,True,"[{""reason"": ""delivery_delay"", ""size_direction"": ""none"", ""evidence_quote"": ""बारह दिन बाद आए""}]","[""logistics"", ""delay""]",Delivery arrived well after the promised two days.
return:SYN_R1077,DROPDOWN_BACKGROUND_692,dropdown,deterministic code fixture,English,clear,False,True,"[{""reason"": ""changed_mind"", ""size_direction"": ""none"", ""evidence_quote"": ""dress is no longer needed""}]","[""other"", ""changed_mind""]",External plans changed; item quality or fit is not criticized.
return:SYN_R1078,DROPDOWN_BACKGROUND_693,dropdown,deterministic code fixture,Hinglish,clear,False,True,"[{""reason"": ""quality_defect"", ""size_direction"": ""none"", ""evidence_quote"": ""Buttons aadhe loose hain aur ek missing""}]","[""quality""]",Loose and missing attached buttons are garment defects.
return:SYN_R1079,DROPDOWN_BACKGROUND_694,dropdown,deterministic code fixture,Hindi,clear,False,True,"[{""reason"": ""colour_or_look_mismatch"", ""size_direction"": ""none"", ""evidence_quote"": ""मिला हुआ टॉप चमकीला नारंगी है""}]","[""appearance"", ""colour""]",Delivered color is explicitly unlike the photographed pink.
return:SYN_R1080,DROPDOWN_BACKGROUND_695,dropdown,deterministic code fixture,English,clear,False,True,"[{""reason"": ""fabric_feel"", ""size_direction"": ""none"", ""evidence_quote"": ""feels papery and rigid""}]","[""fabric""]",Complains about stiffness and expected hand-feel.
return:SYN_R1081,DROPDOWN_BACKGROUND_696,dropdown,deterministic code fixture,Hinglish,clear,False,True,"[{""reason"": ""wrong_or_missing_item"", ""size_direction"": ""unclear"", ""evidence_quote"": ""delivered packet mein red size M hai""}]","[""logistics"", ""wrong_item""]",Wrong color and labeled size delivered; do not infer garment fit.
return:SYN_R1082,DROPDOWN_BACKGROUND_697,dropdown,deterministic code fixture,Hinglish,clear,False,True,"[{""reason"": ""damaged_in_transit"", ""size_direction"": ""none"", ""evidence_quote"": ""packing paper soggy tha""}]","[""logistics"", ""transit_damage""]",Wet packaging and stain indicate shipping damage.
return:SYN_R1083,DROPDOWN_BACKGROUND_698,dropdown,deterministic code fixture,Hinglish,clear,False,True,"[{""reason"": ""delivery_delay"", ""size_direction"": ""none"", ""evidence_quote"": ""delivery uske baad hui""}]","[""logistics"", ""delay""]",Delivery came after the occasion for which item was ordered.
return:SYN_R1084,DROPDOWN_BACKGROUND_699,dropdown,deterministic code fixture,Hinglish,clear,False,True,"[{""reason"": ""changed_mind"", ""size_direction"": ""none"", ""evidence_quote"": ""decide kiya ki party outfit nahi lena""}]","[""other"", ""changed_mind""]",Customer reconsidered the purchase without identifying a product issue.
return:SYN_R1085,CONTROL_EMPTY,input_guard,deterministic code fixture,Hinglish,procedural,True,True,[],"[""input_guard""]","Must be held for review by the empty/oversized input guard, without a model call."
return:SYN_R1086,CONTROL_TOO_LONG,input_guard,deterministic code fixture,Hinglish,procedural,True,True,[],"[""input_guard""]","Must be held for review by the empty/oversized input guard, without a model call."
return:SYN_R1087,CONTROL_STRUCTURED_EMPTY,dropdown,deterministic code fixture,Hinglish,clear,False,True,"[{""reason"": ""changed_mind"", ""size_direction"": ""none"", ""evidence_quote"": """"}]","[""other"", ""changed_mind""]",Need ended because event was canceled; no product issue.
return:SYN_R1088,EXCLUDED_DELIVERY_recent,date_filter,deterministic code fixture,Hinglish,clear,False,False,"[{""reason"": ""fit_too_small"", ""size_direction"": ""too_small"", ""evidence_quote"": ""shoulders squeeze karte hain""}]","[""fit"", ""size""]",Shoulder restriction states an undersized fit despite positive design comment.
return:SYN_R1089,EXCLUDED_DELIVERY_old,date_filter,deterministic code fixture,Hinglish,clear,False,False,"[{""reason"": ""fit_too_small"", ""size_direction"": ""too_small"", ""evidence_quote"": ""shoulders squeeze karte hain""}]","[""fit"", ""size""]",Shoulder restriction states an undersized fit despite positive design comment.
return:SYN_R1090,EXCLUDED_RETURN_CUTOFF,date_filter,deterministic code fixture,Hinglish,clear,False,False,"[{""reason"": ""fit_too_small"", ""size_direction"": ""too_small"", ""evidence_quote"": ""shoulders squeeze karte hain""}]","[""fit"", ""size""]",Shoulder restriction states an undersized fit despite positive design comment.
review:SYN_RV0097,EXCLUDED_REVIEW_CUTOFF,date_filter,deterministic code fixture,Hinglish,clear,False,False,"[{""reason"": ""no_fit_complaint"", ""size_direction"": ""none"", ""evidence_quote"": ""Kurta comfy hai""}]","[""review"", ""positive""]",Positive review has no complaint; review-only no-fit label applies.
