order_item_id,sku,size,delivered_at
SYN_I00001,SYN_V1_kurti,M,2026-08-23
SYN_I00002,SYN_V2_kurti,M,2026-08-24
SYN_I00003,SYN_V3_shirt,M,2026-08-25
SYN_I00004,SYN_V4_shirt,M,2026-08-26
SYN_I00005,SYN_V1_kurti,M,2026-08-27
SYN_I00006,SYN_V2_kurti,M,2026-08-28
SYN_I00007,SYN_V3_shirt,M,2026-08-29
SYN_I00008,SYN_V4_shirt,M,2026-08-30
SYN_I00009,SYN_V1_kurti,M,2026-08-31
SYN_I00010,SYN_V2_kurti,M,2026-09-01
SYN_I00011,SYN_V3_shirt,M,2026-09-02
SYN_I00012,SYN_V4_shirt,M,2026-09-03
SYN_I00013,SYN_V1_kurti,M,2026-09-04
SYN_I00014,SYN_V2_kurti,M,2026-09-05
SYN_I00015,SYN_V3_shirt,M,2026-09-06
SYN_I00016,SYN_V4_shirt,M,2026-09-07
SYN_I00017,SYN_V1_kurti,M,2026-09-08
SYN_I00018,SYN_V2_kurti,M,2026-09-09
SYN_I00019,SYN_V3_shirt,M,2026-09-10
SYN_I00020,SYN_V4_shirt,M,2026-09-11
SYN_I00021,SYN_V1_kurti,M,2026-09-12
SYN_I00022,SYN_V2_kurti,M,2026-09-13
SYN_I00023,SYN_V3_shirt,M,2026-09-14
SYN_I00024,SYN_V4_shirt,M,2026-09-15
SYN_I00025,SYN_V1_kurti,M,2026-09-16
SYN_I00026,SYN_V2_kurti,M,2026-09-17
SYN_I00027,SYN_V3_shirt,M,2026-09-18
SYN_I00028,SYN_V4_shirt,M,2026-09-19
SYN_I00029,SYN_V1_kurti,M,2026-08-23
SYN_I00030,SYN_V2_kurti,M,2026-08-24
SYN_I00031,SYN_V3_shirt,M,2026-08-25
SYN_I00032,SYN_V4_shirt,M,2026-08-26
SYN_I00033,SYN_V1_kurti,M,2026-08-27
SYN_I00034,SYN_V2_kurti,M,2026-08-28
SYN_I00035,SYN_V3_shirt,M,2026-08-29
SYN_I00036,SYN_V4_shirt,M,2026-08-30
SYN_I00037,SYN_V1_kurti,M,2026-08-31
SYN_I00038,SYN_V2_kurti,M,2026-09-01
SYN_I00039,SYN_V3_shirt,M,2026-09-02
SYN_I00040,SYN_V4_shirt,M,2026-09-03
SYN_I00041,SYN_V1_kurti,M,2026-09-04
SYN_I00042,SYN_V2_kurti,M,2026-09-05
SYN_I00043,SYN_V3_shirt,M,2026-09-06
SYN_I00044,SYN_V4_shirt,M,2026-09-07
SYN_I00045,SYN_V1_kurti,M,2026-09-08
SYN_I00046,SYN_V2_kurti,M,2026-09-09
SYN_I00047,SYN_V3_shirt,M,2026-09-10
SYN_I00048,SYN_V4_shirt,M,2026-09-11
SYN_I00049,SYN_V1_kurti,M,2026-09-12
SYN_I00050,SYN_V2_kurti,M,2026-09-13
SYN_I00051,SYN_V3_shirt,M,2026-09-14
SYN_I00052,SYN_V4_shirt,M,2026-09-15
SYN_I00053,SYN_V1_kurti,M,2026-09-16
SYN_I00054,SYN_V2_kurti,M,2026-09-17
SYN_I00055,SYN_V3_shirt,M,2026-09-18
SYN_I00056,SYN_V4_shirt,M,2026-09-19
SYN_I00057,SYN_V1_kurti,M,2026-08-23
SYN_I00058,SYN_V2_kurti,M,2026-08-24
SYN_I00059,SYN_V3_shirt,M,2026-08-25
SYN_I00060,SYN_V4_shirt,M,2026-08-26
SYN_I00061,SYN_V1_kurti,M,2026-08-27
SYN_I00062,SYN_V2_kurti,M,2026-08-28
SYN_I00063,SYN_V3_shirt,M,2026-08-29
SYN_I00064,SYN_V4_shirt,M,2026-08-30
SYN_I00065,SYN_V1_kurti,M,2026-08-31
SYN_I00066,SYN_V2_kurti,M,2026-09-01
SYN_I00067,SYN_V3_shirt,M,2026-09-02
SYN_I00068,SYN_V4_shirt,M,2026-09-03
SYN_I00069,SYN_V1_kurti,M,2026-09-04
SYN_I00070,SYN_V2_kurti,M,2026-09-05
SYN_I00071,SYN_V3_shirt,M,2026-09-06
SYN_I00072,SYN_V4_shirt,M,2026-09-07
SYN_I00073,SYN_V1_kurti,M,2026-09-08
SYN_I00074,SYN_V2_kurti,M,2026-09-09
SYN_I00075,SYN_V3_shirt,M,2026-09-10
SYN_I00076,SYN_V4_shirt,M,2026-09-11
SYN_I00077,SYN_V1_kurti,M,2026-09-12
SYN_I00078,SYN_V2_kurti,M,2026-09-13
SYN_I00079,SYN_V3_shirt,M,2026-09-14
SYN_I00080,SYN_V4_shirt,M,2026-09-15
SYN_I00081,SYN_V1_kurti,M,2026-09-16
SYN_I00082,SYN_V2_kurti,M,2026-09-17
SYN_I00083,SYN_V3_shirt,M,2026-09-18
SYN_I00084,SYN_V4_shirt,M,2026-09-19
SYN_I00085,SYN_V1_kurti,M,2026-08-23
SYN_I00086,SYN_V2_kurti,M,2026-08-24
SYN_I00087,SYN_V3_shirt,M,2026-08-25
SYN_I00088,SYN_V4_shirt,M,2026-08-26
SYN_I00089,SYN_V1_kurti,M,2026-08-27
SYN_I00090,SYN_V2_kurti,M,2026-08-28
SYN_I00091,SYN_V3_shirt,M,2026-08-29
SYN_I00092,SYN_V4_shirt,M,2026-08-30
SYN_I00093,SYN_V1_kurti,M,2026-08-31
SYN_I00094,SYN_V2_kurti,M,2026-09-01
SYN_I00095,SYN_V3_shirt,M,2026-09-02
SYN_I00096,SYN_V4_shirt,M,2026-09-03
SYN_I00097,SYN_V1_kurti,M,2026-09-04
SYN_I00098,SYN_V2_kurti,M,2026-09-05
SYN_I00099,SYN_V3_shirt,M,2026-09-06
SYN_I00100,SYN_V4_shirt,M,2026-09-07
SYN_I00101,SYN_V1_kurti,M,2026-09-08
SYN_I00102,SYN_V2_kurti,M,2026-09-09
SYN_I00103,SYN_V3_shirt,M,2026-09-10
SYN_I00104,SYN_V4_shirt,M,2026-09-11
SYN_I00105,SYN_V1_kurti,M,2026-09-12
SYN_I00106,SYN_V2_kurti,M,2026-09-13
SYN_I00107,SYN_V3_shirt,M,2026-09-14
SYN_I00108,SYN_V4_shirt,M,2026-09-15
SYN_I00109,SYN_V1_kurti,M,2026-09-16
SYN_I00110,SYN_V2_kurti,M,2026-09-17
SYN_I00111,SYN_V3_shirt,M,2026-09-18
SYN_I00112,SYN_V4_shirt,M,2026-09-19
SYN_I00113,SYN_V1_kurti,M,2026-08-23
SYN_I00114,SYN_V2_kurti,M,2026-08-24
SYN_I00115,SYN_V3_shirt,M,2026-08-25
SYN_I00116,SYN_V4_shirt,M,2026-08-26
SYN_I00117,SYN_V1_kurti,M,2026-08-27
SYN_I00118,SYN_V2_kurti,M,2026-08-28
SYN_I00119,SYN_V3_shirt,M,2026-08-29
SYN_I00120,SYN_V4_shirt,M,2026-08-30
SYN_I00121,SYN_V1_kurti,M,2026-08-31
SYN_I00122,SYN_V2_kurti,M,2026-09-01
SYN_I00123,SYN_V3_shirt,M,2026-09-02
SYN_I00124,SYN_V4_shirt,M,2026-09-03
SYN_I00125,SYN_V1_kurti,M,2026-09-04
SYN_I00126,SYN_V2_kurti,M,2026-09-05
SYN_I00127,SYN_V3_shirt,M,2026-09-06
SYN_I00128,SYN_V4_shirt,M,2026-09-07
SYN_I00129,SYN_V1_kurti,M,2026-09-08
SYN_I00130,SYN_V2_kurti,M,2026-09-09
SYN_I00131,SYN_V3_shirt,M,2026-09-10
SYN_I00132,SYN_V4_shirt,M,2026-09-11
SYN_I00133,SYN_V1_kurti,M,2026-09-12
SYN_I00134,SYN_V2_kurti,M,2026-09-13
SYN_I00135,SYN_V3_shirt,M,2026-09-14
SYN_I00136,SYN_V4_shirt,M,2026-09-15
SYN_I00137,SYN_V1_kurti,M,2026-09-16
SYN_I00138,SYN_V2_kurti,M,2026-09-17
SYN_I00139,SYN_V3_shirt,M,2026-09-18
SYN_I00140,SYN_V4_shirt,M,2026-09-19
SYN_I00141,SYN_V1_kurti,M,2026-08-23
SYN_I00142,SYN_V2_kurti,M,2026-08-24
SYN_I00143,SYN_V3_shirt,M,2026-08-25
SYN_I00144,SYN_V4_shirt,M,2026-08-26
SYN_I00145,SYN_V1_kurti,M,2026-08-27
SYN_I00146,SYN_V2_kurti,M,2026-08-28
SYN_I00147,SYN_V3_shirt,M,2026-08-29
SYN_I00148,SYN_V4_shirt,M,2026-08-30
SYN_I00149,SYN_V1_kurti,M,2026-08-31
SYN_I00150,SYN_V2_kurti,M,2026-09-01
SYN_I00151,SYN_V3_shirt,M,2026-09-02
SYN_I00152,SYN_V4_shirt,M,2026-09-03
SYN_I00153,SYN_V1_kurti,M,2026-09-04
SYN_I00154,SYN_V2_kurti,M,2026-09-05
SYN_I00155,SYN_V3_shirt,M,2026-09-06
SYN_I00156,SYN_V4_shirt,M,2026-09-07
SYN_I00157,SYN_V1_kurti,M,2026-09-08
SYN_I00158,SYN_V2_kurti,M,2026-09-09
SYN_I00159,SYN_V3_shirt,M,2026-09-10
SYN_I00160,SYN_V4_shirt,M,2026-09-11
SYN_I00161,SYN_V1_kurti,M,2026-09-12
SYN_I00162,SYN_V2_kurti,M,2026-09-13
SYN_I00163,SYN_V3_shirt,M,2026-09-14
SYN_I00164,SYN_V4_shirt,M,2026-09-15
SYN_I00165,SYN_V1_kurti,M,2026-09-16
SYN_I00166,SYN_V2_kurti,M,2026-09-17
SYN_I00167,SYN_V3_shirt,M,2026-09-18
SYN_I00168,SYN_V4_shirt,M,2026-09-19
SYN_I00169,SYN_V1_kurti,M,2026-08-23
SYN_I00170,SYN_V2_kurti,M,2026-08-24
SYN_I00171,SYN_V3_shirt,M,2026-08-25
SYN_I00172,SYN_V4_shirt,M,2026-08-26
SYN_I00173,SYN_V1_kurti,M,2026-08-27
SYN_I00174,SYN_V2_kurti,M,2026-08-28
SYN_I00175,SYN_V3_shirt,M,2026-08-29
SYN_I00176,SYN_V4_shirt,M,2026-08-30
SYN_I00177,SYN_V1_kurti,M,2026-08-31
SYN_I00178,SYN_V2_kurti,M,2026-09-01
SYN_I00179,SYN_V3_shirt,M,2026-09-02
SYN_I00180,SYN_V4_shirt,M,2026-09-03
SYN_I00181,SYN_V1_kurti,M,2026-09-04
SYN_I00182,SYN_V2_kurti,M,2026-09-05
SYN_I00183,SYN_V3_shirt,M,2026-09-06
SYN_I00184,SYN_V4_shirt,M,2026-09-07
SYN_I00185,SYN_V1_kurti,M,2026-09-08
SYN_I00186,SYN_V2_kurti,M,2026-09-09
SYN_I00187,SYN_V3_shirt,M,2026-09-10
SYN_I00188,SYN_V4_shirt,M,2026-09-11
SYN_I00189,SYN_V1_kurti,M,2026-09-12
SYN_I00190,SYN_V2_kurti,M,2026-09-13
SYN_I00191,SYN_V3_shirt,M,2026-09-14
SYN_I00192,SYN_V4_shirt,M,2026-09-15
SYN_I00193,SYN_V1_kurti,M,2026-09-16
SYN_I00194,SYN_V2_kurti,M,2026-09-17
SYN_I00195,SYN_V3_shirt,M,2026-09-18
SYN_I00196,SYN_V4_shirt,M,2026-09-19
SYN_I00197,SYN_V1_kurti,M,2026-08-23
SYN_I00198,SYN_V2_kurti,M,2026-08-24
SYN_I00199,SYN_V3_shirt,M,2026-08-25
SYN_I00200,SYN_V4_shirt,M,2026-08-26
SYN_I00201,SYN_V1_kurti,M,2026-08-27
SYN_I00202,SYN_V2_kurti,M,2026-08-28
SYN_I00203,SYN_V3_shirt,M,2026-08-29
SYN_I00204,SYN_V4_shirt,M,2026-08-30
SYN_I00205,SYN_V1_kurti,M,2026-08-31
SYN_I00206,SYN_V2_kurti,M,2026-09-01
SYN_I00207,SYN_V3_shirt,M,2026-09-02
SYN_I00208,SYN_V4_shirt,M,2026-09-03
SYN_I00209,SYN_V1_kurti,M,2026-09-04
SYN_I00210,SYN_V2_kurti,M,2026-09-05
SYN_I00211,SYN_V3_shirt,M,2026-09-06
SYN_I00212,SYN_V4_shirt,M,2026-09-07
SYN_I00213,SYN_V1_kurti,M,2026-09-08
SYN_I00214,SYN_V2_kurti,M,2026-09-09
SYN_I00215,SYN_V3_shirt,M,2026-09-10
SYN_I00216,SYN_V4_shirt,M,2026-09-11
SYN_I00217,SYN_V1_kurti,M,2026-09-12
SYN_I00218,SYN_V2_kurti,M,2026-09-13
SYN_I00219,SYN_V3_shirt,M,2026-09-14
SYN_I00220,SYN_V4_shirt,M,2026-09-15
SYN_I00221,SYN_V1_kurti,M,2026-09-16
SYN_I00222,SYN_V2_kurti,M,2026-09-17
SYN_I00223,SYN_V3_shirt,M,2026-09-18
SYN_I00224,SYN_V4_shirt,M,2026-09-19
SYN_I00225,SYN_V1_kurti,M,2026-08-23
SYN_I00226,SYN_V2_kurti,M,2026-08-24
SYN_I00227,SYN_V3_shirt,M,2026-08-25
SYN_I00228,SYN_V4_shirt,M,2026-08-26
SYN_I00229,SYN_V1_kurti,M,2026-08-27
SYN_I00230,SYN_V2_kurti,M,2026-08-28
SYN_I00231,SYN_V3_shirt,M,2026-08-29
SYN_I00232,SYN_V4_shirt,M,2026-08-30
SYN_I00233,SYN_V1_kurti,M,2026-08-31
SYN_I00234,SYN_V2_kurti,M,2026-09-01
SYN_I00235,SYN_V3_shirt,M,2026-09-02
SYN_I00236,SYN_V4_shirt,M,2026-09-03
SYN_I00237,SYN_V1_kurti,M,2026-09-04
SYN_I00238,SYN_V2_kurti,M,2026-09-05
SYN_I00239,SYN_V3_shirt,M,2026-09-06
SYN_I00240,SYN_V4_shirt,M,2026-09-07
SYN_I00241,SYN_V1_kurti,M,2026-09-08
SYN_I00242,SYN_V2_kurti,M,2026-09-09
SYN_I00243,SYN_V3_shirt,M,2026-09-10
SYN_I00244,SYN_V4_shirt,M,2026-09-11
SYN_I00245,SYN_V1_kurti,M,2026-09-12
SYN_I00246,SYN_V2_kurti,M,2026-09-13
SYN_I00247,SYN_V3_shirt,M,2026-09-14
SYN_I00248,SYN_V4_shirt,M,2026-09-15
SYN_I00249,SYN_V1_kurti,M,2026-09-16
SYN_I00250,SYN_V2_kurti,M,2026-09-17
SYN_I00251,SYN_V3_shirt,M,2026-09-18
SYN_I00252,SYN_V4_shirt,M,2026-09-19
SYN_I00253,SYN_V1_kurti,M,2026-08-23
SYN_I00254,SYN_V2_kurti,M,2026-08-24
SYN_I00255,SYN_V3_shirt,M,2026-08-25
SYN_I00256,SYN_V4_shirt,M,2026-08-26
SYN_I00257,SYN_V1_kurti,M,2026-08-27
SYN_I00258,SYN_V2_kurti,M,2026-08-28
SYN_I00259,SYN_V3_shirt,M,2026-08-29
SYN_I00260,SYN_V4_shirt,M,2026-08-30
SYN_I00261,SYN_V1_kurti,M,2026-08-31
SYN_I00262,SYN_V2_kurti,M,2026-09-01
SYN_I00263,SYN_V3_shirt,M,2026-09-02
SYN_I00264,SYN_V4_shirt,M,2026-09-03
SYN_I00265,SYN_V1_kurti,M,2026-09-04
SYN_I00266,SYN_V2_kurti,M,2026-09-05
SYN_I00267,SYN_V3_shirt,M,2026-09-06
SYN_I00268,SYN_V4_shirt,M,2026-09-07
SYN_I00269,SYN_V1_kurti,M,2026-09-08
SYN_I00270,SYN_V2_kurti,M,2026-09-09
SYN_I00271,SYN_V3_shirt,M,2026-09-10
SYN_I00272,SYN_V4_shirt,M,2026-09-11
SYN_I00273,SYN_V1_kurti,M,2026-09-12
SYN_I00274,SYN_V2_kurti,M,2026-09-13
SYN_I00275,SYN_V3_shirt,M,2026-09-14
SYN_I00276,SYN_V4_shirt,M,2026-09-15
SYN_I00277,SYN_V1_kurti,M,2026-09-16
SYN_I00278,SYN_V2_kurti,M,2026-09-17
SYN_I00279,SYN_V3_shirt,M,2026-09-18
SYN_I00280,SYN_V4_shirt,M,2026-09-19
SYN_I00281,SYN_V1_kurti,M,2026-08-23
SYN_I00282,SYN_V2_kurti,M,2026-08-24
SYN_I00283,SYN_V3_shirt,M,2026-08-25
SYN_I00284,SYN_V4_shirt,M,2026-08-26
SYN_I00285,SYN_V1_kurti,M,2026-08-27
SYN_I00286,SYN_V2_kurti,M,2026-08-28
SYN_I00287,SYN_V3_shirt,M,2026-08-29
SYN_I00288,SYN_V4_shirt,M,2026-08-30
SYN_I00289,SYN_V1_kurti,M,2026-08-31
SYN_I00290,SYN_V2_kurti,M,2026-09-01
SYN_I00291,SYN_V3_shirt,M,2026-09-02
SYN_I00292,SYN_V4_shirt,M,2026-09-03
SYN_I00293,SYN_V1_kurti,M,2026-09-04
SYN_I00294,SYN_V2_kurti,M,2026-09-05
SYN_I00295,SYN_V3_shirt,M,2026-09-06
SYN_I00296,SYN_V4_shirt,M,2026-09-07
SYN_I00297,SYN_V1_kurti,M,2026-09-08
SYN_I00298,SYN_V2_kurti,M,2026-09-09
SYN_I00299,SYN_V3_shirt,M,2026-09-10
SYN_I00300,SYN_V4_shirt,M,2026-09-11
SYN_I00301,SYN_V1_kurti,M,2026-09-12
SYN_I00302,SYN_V2_kurti,M,2026-09-13
SYN_I00303,SYN_V3_shirt,M,2026-09-14
SYN_I00304,SYN_V4_shirt,M,2026-09-15
SYN_I00305,SYN_V1_kurti,M,2026-09-16
SYN_I00306,SYN_V2_kurti,M,2026-09-17
SYN_I00307,SYN_V3_shirt,M,2026-09-18
SYN_I00308,SYN_V4_shirt,M,2026-09-19
SYN_I00309,SYN_V1_kurti,M,2026-08-23
SYN_I00310,SYN_V2_kurti,M,2026-08-24
SYN_I00311,SYN_V3_shirt,M,2026-08-25
SYN_I00312,SYN_V4_shirt,M,2026-08-26
SYN_I00313,SYN_V1_kurti,M,2026-08-27
SYN_I00314,SYN_V2_kurti,M,2026-08-28
SYN_I00315,SYN_V3_shirt,M,2026-08-29
SYN_I00316,SYN_V4_shirt,M,2026-08-30
SYN_I00317,SYN_V1_kurti,M,2026-08-31
SYN_I00318,SYN_V2_kurti,M,2026-09-01
SYN_I00319,SYN_V3_shirt,M,2026-09-02
SYN_I00320,SYN_V4_shirt,M,2026-09-03
SYN_I00321,SYN_V1_kurti,M,2026-09-04
SYN_I00322,SYN_V2_kurti,M,2026-09-05
SYN_I00323,SYN_V3_shirt,M,2026-09-06
SYN_I00324,SYN_V4_shirt,M,2026-09-07
SYN_I00325,SYN_V1_kurti,M,2026-09-08
SYN_I00326,SYN_V2_kurti,M,2026-09-09
SYN_I00327,SYN_V3_shirt,M,2026-09-10
SYN_I00328,SYN_V4_shirt,M,2026-09-11
SYN_I00329,SYN_V1_kurti,M,2026-09-12
SYN_I00330,SYN_V2_kurti,M,2026-09-13
SYN_I00331,SYN_V3_shirt,M,2026-09-14
SYN_I00332,SYN_V4_shirt,M,2026-09-15
SYN_I00333,SYN_V1_kurti,M,2026-09-16
SYN_I00334,SYN_V2_kurti,M,2026-09-17
SYN_I00335,SYN_V3_shirt,M,2026-09-18
SYN_I00336,SYN_V4_shirt,M,2026-09-19
SYN_I00337,SYN_V1_kurti,M,2026-08-23
SYN_I00338,SYN_V2_kurti,M,2026-08-24
SYN_I00339,SYN_V3_shirt,M,2026-08-25
SYN_I00340,SYN_V4_shirt,M,2026-08-26
SYN_I00341,SYN_V1_kurti,M,2026-08-27
SYN_I00342,SYN_V2_kurti,M,2026-08-28
SYN_I00343,SYN_V3_shirt,M,2026-08-29
SYN_I00344,SYN_V4_shirt,M,2026-08-30
SYN_I00345,SYN_V1_kurti,M,2026-08-31
SYN_I00346,SYN_V2_kurti,M,2026-09-01
SYN_I00347,SYN_V3_shirt,M,2026-09-02
SYN_I00348,SYN_V4_shirt,M,2026-09-03
SYN_I00349,SYN_V1_kurti,M,2026-09-04
SYN_I00350,SYN_V2_kurti,M,2026-09-05
SYN_I00351,SYN_V3_shirt,M,2026-09-06
SYN_I00352,SYN_V4_shirt,M,2026-09-07
SYN_I00353,SYN_V1_kurti,M,2026-09-08
SYN_I00354,SYN_V2_kurti,M,2026-09-09
SYN_I00355,SYN_V3_shirt,M,2026-09-10
SYN_I00356,SYN_V4_shirt,M,2026-09-11
SYN_I00357,SYN_V1_kurti,M,2026-09-12
SYN_I00358,SYN_V2_kurti,M,2026-09-13
SYN_I00359,SYN_V3_shirt,M,2026-09-14
SYN_I00360,SYN_V4_shirt,M,2026-09-15
SYN_I00361,SYN_V1_kurti,M,2026-09-16
SYN_I00362,SYN_V2_kurti,M,2026-09-17
SYN_I00363,SYN_V3_shirt,M,2026-09-18
SYN_I00364,SYN_V4_shirt,M,2026-09-19
SYN_I00365,SYN_V1_kurti,M,2026-08-23
SYN_I00366,SYN_V2_kurti,M,2026-08-24
SYN_I00367,SYN_V3_shirt,M,2026-08-25
SYN_I00368,SYN_V4_shirt,M,2026-08-26
SYN_I00369,SYN_V1_kurti,M,2026-08-27
SYN_I00370,SYN_V2_kurti,M,2026-08-28
SYN_I00371,SYN_V3_shirt,M,2026-08-29
SYN_I00372,SYN_V4_shirt,M,2026-08-30
SYN_I00373,SYN_V1_kurti,M,2026-08-31
SYN_I00374,SYN_V2_kurti,M,2026-09-01
SYN_I00375,SYN_V3_shirt,M,2026-09-02
SYN_I00376,SYN_V4_shirt,M,2026-09-03
SYN_I00377,SYN_V1_kurti,M,2026-09-04
SYN_I00378,SYN_V2_kurti,M,2026-09-05
SYN_I00379,SYN_V3_shirt,M,2026-09-06
SYN_I00380,SYN_V4_shirt,M,2026-09-07
SYN_I00381,SYN_V1_kurti,M,2026-09-08
SYN_I00382,SYN_V2_kurti,M,2026-09-09
SYN_I00383,SYN_V3_shirt,M,2026-09-10
SYN_I00384,SYN_V4_shirt,M,2026-09-11
SYN_I00385,SYN_V1_kurti,M,2026-09-12
SYN_I00386,SYN_V2_kurti,M,2026-09-13
SYN_I00387,SYN_V3_shirt,M,2026-09-14
SYN_I00388,SYN_V4_shirt,M,2026-09-15
SYN_I00389,SYN_V1_kurti,M,2026-09-16
SYN_I00390,SYN_V2_kurti,M,2026-09-17
SYN_I00391,SYN_V3_shirt,M,2026-09-18
SYN_I00392,SYN_V4_shirt,M,2026-09-19
SYN_I00393,SYN_V1_kurti,M,2026-08-23
SYN_I00394,SYN_V2_kurti,M,2026-08-24
SYN_I00395,SYN_V3_shirt,M,2026-08-25
SYN_I00396,SYN_V4_shirt,M,2026-08-26
SYN_I00397,SYN_V1_kurti,M,2026-08-27
SYN_I00398,SYN_V2_kurti,M,2026-08-28
SYN_I00399,SYN_V3_shirt,M,2026-08-29
SYN_I00400,SYN_V4_shirt,M,2026-08-30
SYN_I00401,SYN_V1_kurti,M,2026-08-31
SYN_I00402,SYN_V2_kurti,M,2026-09-01
SYN_I00403,SYN_V3_shirt,M,2026-09-02
SYN_I00404,SYN_V4_shirt,M,2026-09-03
SYN_I00405,SYN_V1_kurti,M,2026-09-04
SYN_I00406,SYN_V2_kurti,M,2026-09-05
SYN_I00407,SYN_V3_shirt,M,2026-09-06
SYN_I00408,SYN_V4_shirt,M,2026-09-07
SYN_I00409,SYN_V1_kurti,M,2026-09-08
SYN_I00410,SYN_V2_kurti,M,2026-09-09
SYN_I00411,SYN_V3_shirt,M,2026-09-10
SYN_I00412,SYN_V4_shirt,M,2026-09-11
SYN_I00413,SYN_V1_kurti,M,2026-09-12
SYN_I00414,SYN_V2_kurti,M,2026-09-13
SYN_I00415,SYN_V3_shirt,M,2026-09-14
SYN_I00416,SYN_V4_shirt,M,2026-09-15
SYN_I00417,SYN_V1_kurti,M,2026-09-16
SYN_I00418,SYN_V2_kurti,M,2026-09-17
SYN_I00419,SYN_V3_shirt,M,2026-09-18
SYN_I00420,SYN_V4_shirt,M,2026-09-19
SYN_I00421,SYN_V1_kurti,M,2026-08-23
SYN_I00422,SYN_V2_kurti,M,2026-08-24
SYN_I00423,SYN_V3_shirt,M,2026-08-25
SYN_I00424,SYN_V4_shirt,M,2026-08-26
SYN_I00425,SYN_V1_kurti,M,2026-08-27
SYN_I00426,SYN_V2_kurti,M,2026-08-28
SYN_I00427,SYN_V3_shirt,M,2026-08-29
SYN_I00428,SYN_V4_shirt,M,2026-08-30
SYN_I00429,SYN_V1_kurti,M,2026-08-31
SYN_I00430,SYN_V2_kurti,M,2026-09-01
SYN_I00431,SYN_V3_shirt,M,2026-09-02
SYN_I00432,SYN_V4_shirt,M,2026-09-03
SYN_I00433,SYN_V1_kurti,M,2026-09-04
SYN_I00434,SYN_V2_kurti,M,2026-09-05
SYN_I00435,SYN_V3_shirt,M,2026-09-06
SYN_I00436,SYN_V4_shirt,M,2026-09-07
SYN_I00437,SYN_V1_kurti,M,2026-09-08
SYN_I00438,SYN_V2_kurti,M,2026-09-09
SYN_I00439,SYN_V3_shirt,M,2026-09-10
SYN_I00440,SYN_V4_shirt,M,2026-09-11
SYN_I00441,SYN_V1_kurti,M,2026-09-12
SYN_I00442,SYN_V2_kurti,M,2026-09-13
SYN_I00443,SYN_V3_shirt,M,2026-09-14
SYN_I00444,SYN_V4_shirt,M,2026-09-15
SYN_I00445,SYN_V1_kurti,M,2026-09-16
SYN_I00446,SYN_V2_kurti,M,2026-09-17
SYN_I00447,SYN_V3_shirt,M,2026-09-18
SYN_I00448,SYN_V4_shirt,M,2026-09-19
SYN_I00449,SYN_V1_kurti,M,2026-08-23
SYN_I00450,SYN_V2_kurti,M,2026-08-24
SYN_I00451,SYN_V3_shirt,M,2026-08-25
SYN_I00452,SYN_V4_shirt,M,2026-08-26
SYN_I00453,SYN_V1_kurti,M,2026-08-27
SYN_I00454,SYN_V2_kurti,M,2026-08-28
SYN_I00455,SYN_V3_shirt,M,2026-08-29
SYN_I00456,SYN_V4_shirt,M,2026-08-30
SYN_I00457,SYN_V1_kurti,M,2026-08-31
SYN_I00458,SYN_V2_kurti,M,2026-09-01
SYN_I00459,SYN_V3_shirt,M,2026-09-02
SYN_I00460,SYN_V4_shirt,M,2026-09-03
SYN_I00461,SYN_V1_kurti,M,2026-09-04
SYN_I00462,SYN_V2_kurti,M,2026-09-05
SYN_I00463,SYN_V3_shirt,M,2026-09-06
SYN_I00464,SYN_V4_shirt,M,2026-09-07
SYN_I00465,SYN_V1_kurti,M,2026-09-08
SYN_I00466,SYN_V2_kurti,M,2026-09-09
SYN_I00467,SYN_V3_shirt,M,2026-09-10
SYN_I00468,SYN_V4_shirt,M,2026-09-11
SYN_I00469,SYN_V1_kurti,M,2026-09-12
SYN_I00470,SYN_V2_kurti,M,2026-09-13
SYN_I00471,SYN_V3_shirt,M,2026-09-14
SYN_I00472,SYN_V4_shirt,M,2026-09-15
SYN_I00473,SYN_V1_kurti,M,2026-09-16
SYN_I00474,SYN_V2_kurti,M,2026-09-17
SYN_I00475,SYN_V3_shirt,M,2026-09-18
SYN_I00476,SYN_V4_shirt,M,2026-09-19
SYN_I00477,SYN_V1_kurti,M,2026-08-23
SYN_I00478,SYN_V2_kurti,M,2026-08-24
SYN_I00479,SYN_V3_shirt,M,2026-08-25
SYN_I00480,SYN_V4_shirt,M,2026-08-26
SYN_I00481,SYN_V1_kurti,M,2026-08-27
SYN_I00482,SYN_V2_kurti,M,2026-08-28
SYN_I00483,SYN_V3_shirt,M,2026-08-29
SYN_I00484,SYN_V4_shirt,M,2026-08-30
SYN_I00485,SYN_V1_kurti,M,2026-08-31
SYN_I00486,SYN_V2_kurti,M,2026-09-01
SYN_I00487,SYN_V3_shirt,M,2026-09-02
SYN_I00488,SYN_V4_shirt,M,2026-09-03
SYN_I00489,SYN_V1_kurti,M,2026-09-04
SYN_I00490,SYN_V2_kurti,M,2026-09-05
SYN_I00491,SYN_V3_shirt,M,2026-09-06
SYN_I00492,SYN_V4_shirt,M,2026-09-07
SYN_I00493,SYN_V1_kurti,M,2026-09-08
SYN_I00494,SYN_V2_kurti,M,2026-09-09
SYN_I00495,SYN_V3_shirt,M,2026-09-10
SYN_I00496,SYN_V4_shirt,M,2026-09-11
SYN_I00497,SYN_V1_kurti,M,2026-09-12
SYN_I00498,SYN_V2_kurti,M,2026-09-13
SYN_I00499,SYN_V3_shirt,M,2026-09-14
SYN_I00500,SYN_V4_shirt,M,2026-09-15
SYN_I00501,SYN_V1_kurti,M,2026-09-16
SYN_I00502,SYN_V2_kurti,M,2026-09-17
SYN_I00503,SYN_V3_shirt,M,2026-09-18
SYN_I00504,SYN_V4_shirt,M,2026-09-19
SYN_I00505,SYN_V1_kurti,M,2026-08-23
SYN_I00506,SYN_V2_kurti,M,2026-08-24
SYN_I00507,SYN_V3_shirt,M,2026-08-25
SYN_I00508,SYN_V4_shirt,M,2026-08-26
SYN_I00509,SYN_V1_kurti,M,2026-08-27
SYN_I00510,SYN_V2_kurti,M,2026-08-28
SYN_I00511,SYN_V3_shirt,M,2026-08-29
SYN_I00512,SYN_V4_shirt,M,2026-08-30
SYN_I00513,SYN_V1_kurti,M,2026-08-31
SYN_I00514,SYN_V2_kurti,M,2026-09-01
SYN_I00515,SYN_V3_shirt,M,2026-09-02
SYN_I00516,SYN_V4_shirt,M,2026-09-03
SYN_I00517,SYN_V1_kurti,M,2026-09-04
SYN_I00518,SYN_V2_kurti,M,2026-09-05
SYN_I00519,SYN_V3_shirt,M,2026-09-06
SYN_I00520,SYN_V4_shirt,M,2026-09-07
SYN_I00521,SYN_V1_kurti,M,2026-09-08
SYN_I00522,SYN_V2_kurti,M,2026-09-09
SYN_I00523,SYN_V3_shirt,M,2026-09-10
SYN_I00524,SYN_V4_shirt,M,2026-09-11
SYN_I00525,SYN_V1_kurti,M,2026-09-12
SYN_I00526,SYN_V2_kurti,M,2026-09-13
SYN_I00527,SYN_V3_shirt,M,2026-09-14
SYN_I00528,SYN_V4_shirt,M,2026-09-15
SYN_I00529,SYN_V1_kurti,M,2026-09-16
SYN_I00530,SYN_V2_kurti,M,2026-09-17
SYN_I00531,SYN_V3_shirt,M,2026-09-18
SYN_I00532,SYN_V4_shirt,M,2026-09-19
SYN_I00533,SYN_V1_kurti,M,2026-08-23
SYN_I00534,SYN_V2_kurti,M,2026-08-24
SYN_I00535,SYN_V3_shirt,M,2026-08-25
SYN_I00536,SYN_V4_shirt,M,2026-08-26
SYN_I00537,SYN_V1_kurti,M,2026-08-27
SYN_I00538,SYN_V2_kurti,M,2026-08-28
SYN_I00539,SYN_V3_shirt,M,2026-08-29
SYN_I00540,SYN_V4_shirt,M,2026-08-30
SYN_I00541,SYN_V1_kurti,M,2026-08-31
SYN_I00542,SYN_V2_kurti,M,2026-09-01
SYN_I00543,SYN_V3_shirt,M,2026-09-02
SYN_I00544,SYN_V4_shirt,M,2026-09-03
SYN_I00545,SYN_V1_kurti,M,2026-09-04
SYN_I00546,SYN_V2_kurti,M,2026-09-05
SYN_I00547,SYN_V3_shirt,M,2026-09-06
SYN_I00548,SYN_V4_shirt,M,2026-09-07
SYN_I00549,SYN_V1_kurti,M,2026-09-08
SYN_I00550,SYN_V2_kurti,M,2026-09-09
SYN_I00551,SYN_V3_shirt,M,2026-09-10
SYN_I00552,SYN_V4_shirt,M,2026-09-11
SYN_I00553,SYN_V1_kurti,M,2026-09-12
SYN_I00554,SYN_V2_kurti,M,2026-09-13
SYN_I00555,SYN_V3_shirt,M,2026-09-14
SYN_I00556,SYN_V4_shirt,M,2026-09-15
SYN_I00557,SYN_V1_kurti,M,2026-09-16
SYN_I00558,SYN_V2_kurti,M,2026-09-17
SYN_I00559,SYN_V3_shirt,M,2026-09-18
SYN_I00560,SYN_V4_shirt,M,2026-09-19
SYN_I00561,SYN_V1_kurti,M,2026-08-23
SYN_I00562,SYN_V2_kurti,M,2026-08-24
SYN_I00563,SYN_V3_shirt,M,2026-08-25
SYN_I00564,SYN_V4_shirt,M,2026-08-26
SYN_I00565,SYN_V1_kurti,M,2026-08-27
SYN_I00566,SYN_V2_kurti,M,2026-08-28
SYN_I00567,SYN_V3_shirt,M,2026-08-29
SYN_I00568,SYN_V4_shirt,M,2026-08-30
SYN_I00569,SYN_V1_kurti,M,2026-08-31
SYN_I00570,SYN_V2_kurti,M,2026-09-01
SYN_I00571,SYN_V3_shirt,M,2026-09-02
SYN_I00572,SYN_V4_shirt,M,2026-09-03
SYN_I00573,SYN_V1_kurti,M,2026-09-04
SYN_I00574,SYN_V2_kurti,M,2026-09-05
SYN_I00575,SYN_V3_shirt,M,2026-09-06
SYN_I00576,SYN_V4_shirt,M,2026-09-07
SYN_I00577,SYN_V1_kurti,M,2026-09-08
SYN_I00578,SYN_V2_kurti,M,2026-09-09
SYN_I00579,SYN_V3_shirt,M,2026-09-10
SYN_I00580,SYN_V4_shirt,M,2026-09-11
SYN_I00581,SYN_V1_kurti,M,2026-09-12
SYN_I00582,SYN_V2_kurti,M,2026-09-13
SYN_I00583,SYN_V3_shirt,M,2026-09-14
SYN_I00584,SYN_V4_shirt,M,2026-09-15
SYN_I00585,SYN_V1_kurti,M,2026-09-16
SYN_I00586,SYN_V2_kurti,M,2026-09-17
SYN_I00587,SYN_V3_shirt,M,2026-09-18
SYN_I00588,SYN_V4_shirt,M,2026-09-19
SYN_I00589,SYN_V1_kurti,M,2026-08-23
SYN_I00590,SYN_V2_kurti,M,2026-08-24
SYN_I00591,SYN_V3_shirt,M,2026-08-25
SYN_I00592,SYN_V4_shirt,M,2026-08-26
SYN_I00593,SYN_V1_kurti,M,2026-08-27
SYN_I00594,SYN_V2_kurti,M,2026-08-28
SYN_I00595,SYN_V3_shirt,M,2026-08-29
SYN_I00596,SYN_V4_shirt,M,2026-08-30
SYN_I00597,SYN_V1_kurti,M,2026-08-31
SYN_I00598,SYN_V2_kurti,M,2026-09-01
SYN_I00599,SYN_V3_shirt,M,2026-09-02
SYN_I00600,SYN_V4_shirt,M,2026-09-03
SYN_I00601,SYN_V1_kurti,M,2026-09-04
SYN_I00602,SYN_V2_kurti,M,2026-09-05
SYN_I00603,SYN_V3_shirt,M,2026-09-06
SYN_I00604,SYN_V4_shirt,M,2026-09-07
SYN_I00605,SYN_V1_kurti,M,2026-09-08
SYN_I00606,SYN_V2_kurti,M,2026-09-09
SYN_I00607,SYN_V3_shirt,M,2026-09-10
SYN_I00608,SYN_V4_shirt,M,2026-09-11
SYN_I00609,SYN_V1_kurti,M,2026-09-12
SYN_I00610,SYN_V2_kurti,M,2026-09-13
SYN_I00611,SYN_V3_shirt,M,2026-09-14
SYN_I00612,SYN_V4_shirt,M,2026-09-15
SYN_I00613,SYN_V1_kurti,M,2026-09-16
SYN_I00614,SYN_V2_kurti,M,2026-09-17
SYN_I00615,SYN_V3_shirt,M,2026-09-18
SYN_I00616,SYN_V4_shirt,M,2026-09-19
SYN_I00617,SYN_V1_kurti,M,2026-08-23
SYN_I00618,SYN_V2_kurti,M,2026-08-24
SYN_I00619,SYN_V3_shirt,M,2026-08-25
SYN_I00620,SYN_V4_shirt,M,2026-08-26
SYN_I00621,SYN_V1_kurti,M,2026-08-27
SYN_I00622,SYN_V2_kurti,M,2026-08-28
SYN_I00623,SYN_V3_shirt,M,2026-08-29
SYN_I00624,SYN_V4_shirt,M,2026-08-30
SYN_I00625,SYN_V1_kurti,M,2026-08-31
SYN_I00626,SYN_V2_kurti,M,2026-09-01
SYN_I00627,SYN_V3_shirt,M,2026-09-02
SYN_I00628,SYN_V4_shirt,M,2026-09-03
SYN_I00629,SYN_V1_kurti,M,2026-09-04
SYN_I00630,SYN_V2_kurti,M,2026-09-05
SYN_I00631,SYN_V3_shirt,M,2026-09-06
SYN_I00632,SYN_V4_shirt,M,2026-09-07
SYN_I00633,SYN_V1_kurti,M,2026-09-08
SYN_I00634,SYN_V2_kurti,M,2026-09-09
SYN_I00635,SYN_V3_shirt,M,2026-09-10
SYN_I00636,SYN_V4_shirt,M,2026-09-11
SYN_I00637,SYN_V1_kurti,M,2026-09-12
SYN_I00638,SYN_V2_kurti,M,2026-09-13
SYN_I00639,SYN_V3_shirt,M,2026-09-14
SYN_I00640,SYN_V4_shirt,M,2026-09-15
SYN_I00641,SYN_V1_kurti,M,2026-09-16
SYN_I00642,SYN_V2_kurti,M,2026-09-17
SYN_I00643,SYN_V3_shirt,M,2026-09-18
SYN_I00644,SYN_V4_shirt,M,2026-09-19
SYN_I00645,SYN_V1_kurti,M,2026-08-23
SYN_I00646,SYN_V2_kurti,M,2026-08-24
SYN_I00647,SYN_V3_shirt,M,2026-08-25
SYN_I00648,SYN_V4_shirt,M,2026-08-26
SYN_I00649,SYN_V1_kurti,M,2026-08-27
SYN_I00650,SYN_V2_kurti,M,2026-08-28
SYN_I00651,SYN_V3_shirt,M,2026-08-29
SYN_I00652,SYN_V4_shirt,M,2026-08-30
SYN_I00653,SYN_V1_kurti,M,2026-08-31
SYN_I00654,SYN_V2_kurti,M,2026-09-01
SYN_I00655,SYN_V3_shirt,M,2026-09-02
SYN_I00656,SYN_V4_shirt,M,2026-09-03
SYN_I00657,SYN_V1_kurti,M,2026-09-04
SYN_I00658,SYN_V2_kurti,M,2026-09-05
SYN_I00659,SYN_V3_shirt,M,2026-09-06
SYN_I00660,SYN_V4_shirt,M,2026-09-07
SYN_I00661,SYN_V1_kurti,M,2026-09-08
SYN_I00662,SYN_V2_kurti,M,2026-09-09
SYN_I00663,SYN_V3_shirt,M,2026-09-10
SYN_I00664,SYN_V4_shirt,M,2026-09-11
SYN_I00665,SYN_V1_kurti,M,2026-09-12
SYN_I00666,SYN_V2_kurti,M,2026-09-13
SYN_I00667,SYN_V3_shirt,M,2026-09-14
SYN_I00668,SYN_V4_shirt,M,2026-09-15
SYN_I00669,SYN_V1_kurti,M,2026-09-16
SYN_I00670,SYN_V2_kurti,M,2026-09-17
SYN_I00671,SYN_V3_shirt,M,2026-09-18
SYN_I00672,SYN_V4_shirt,M,2026-09-19
SYN_I00673,SYN_V1_kurti,M,2026-08-23
SYN_I00674,SYN_V2_kurti,M,2026-08-24
SYN_I00675,SYN_V3_shirt,M,2026-08-25
SYN_I00676,SYN_V4_shirt,M,2026-08-26
SYN_I00677,SYN_V1_kurti,M,2026-08-27
SYN_I00678,SYN_V2_kurti,M,2026-08-28
SYN_I00679,SYN_V3_shirt,M,2026-08-29
SYN_I00680,SYN_V4_shirt,M,2026-08-30
SYN_I00681,SYN_V1_kurti,M,2026-08-31
SYN_I00682,SYN_V2_kurti,M,2026-09-01
SYN_I00683,SYN_V3_shirt,M,2026-09-02
SYN_I00684,SYN_V4_shirt,M,2026-09-03
SYN_I00685,SYN_V1_kurti,M,2026-09-04
SYN_I00686,SYN_V2_kurti,M,2026-09-05
SYN_I00687,SYN_V3_shirt,M,2026-09-06
SYN_I00688,SYN_V4_shirt,M,2026-09-07
SYN_I00689,SYN_V1_kurti,M,2026-09-08
SYN_I00690,SYN_V2_kurti,M,2026-09-09
SYN_I00691,SYN_V3_shirt,M,2026-09-10
SYN_I00692,SYN_V4_shirt,M,2026-09-11
SYN_I00693,SYN_V1_kurti,M,2026-09-12
SYN_I00694,SYN_V2_kurti,M,2026-09-13
SYN_I00695,SYN_V3_shirt,M,2026-09-14
SYN_I00696,SYN_V4_shirt,M,2026-09-15
SYN_I00697,SYN_V1_kurti,M,2026-09-16
SYN_I00698,SYN_V2_kurti,M,2026-09-17
SYN_I00699,SYN_V3_shirt,M,2026-09-18
SYN_I00700,SYN_V4_shirt,M,2026-09-19
SYN_I00701,SYN_V1_kurti,M,2026-08-23
SYN_I00702,SYN_V2_kurti,M,2026-08-24
SYN_I00703,SYN_V3_shirt,M,2026-08-25
SYN_I00704,SYN_V4_shirt,M,2026-08-26
SYN_I00705,SYN_V1_kurti,M,2026-08-27
SYN_I00706,SYN_V2_kurti,M,2026-08-28
SYN_I00707,SYN_V3_shirt,M,2026-08-29
SYN_I00708,SYN_V4_shirt,M,2026-08-30
SYN_I00709,SYN_V1_kurti,M,2026-08-31
SYN_I00710,SYN_V2_kurti,M,2026-09-01
SYN_I00711,SYN_V3_shirt,M,2026-09-02
SYN_I00712,SYN_V4_shirt,M,2026-09-03
SYN_I00713,SYN_V1_kurti,M,2026-09-04
SYN_I00714,SYN_V2_kurti,M,2026-09-05
SYN_I00715,SYN_V3_shirt,M,2026-09-06
SYN_I00716,SYN_V4_shirt,M,2026-09-07
SYN_I00717,SYN_V1_kurti,M,2026-09-08
SYN_I00718,SYN_V2_kurti,M,2026-09-09
SYN_I00719,SYN_V3_shirt,M,2026-09-10
SYN_I00720,SYN_V4_shirt,M,2026-09-11
SYN_I00721,SYN_V1_kurti,M,2026-09-12
SYN_I00722,SYN_V2_kurti,M,2026-09-13
SYN_I00723,SYN_V3_shirt,M,2026-09-14
SYN_I00724,SYN_V4_shirt,M,2026-09-15
SYN_I00725,SYN_V1_kurti,M,2026-09-16
SYN_I00726,SYN_V2_kurti,M,2026-09-17
SYN_I00727,SYN_V3_shirt,M,2026-09-18
SYN_I00728,SYN_V4_shirt,M,2026-09-19
SYN_I00729,SYN_V1_kurti,M,2026-08-23
SYN_I00730,SYN_V2_kurti,M,2026-08-24
SYN_I00731,SYN_V3_shirt,M,2026-08-25
SYN_I00732,SYN_V4_shirt,M,2026-08-26
SYN_I00733,SYN_V1_kurti,M,2026-08-27
SYN_I00734,SYN_V2_kurti,M,2026-08-28
SYN_I00735,SYN_V3_shirt,M,2026-08-29
SYN_I00736,SYN_V4_shirt,M,2026-08-30
SYN_I00737,SYN_V1_kurti,M,2026-08-31
SYN_I00738,SYN_V2_kurti,M,2026-09-01
SYN_I00739,SYN_V3_shirt,M,2026-09-02
SYN_I00740,SYN_V4_shirt,M,2026-09-03
SYN_I00741,SYN_V1_kurti,M,2026-09-04
SYN_I00742,SYN_V2_kurti,M,2026-09-05
SYN_I00743,SYN_V3_shirt,M,2026-09-06
SYN_I00744,SYN_V4_shirt,M,2026-09-07
SYN_I00745,SYN_V1_kurti,M,2026-09-08
SYN_I00746,SYN_V2_kurti,M,2026-09-09
SYN_I00747,SYN_V3_shirt,M,2026-09-10
SYN_I00748,SYN_V4_shirt,M,2026-09-11
SYN_I00749,SYN_V1_kurti,M,2026-09-12
SYN_I00750,SYN_V2_kurti,M,2026-09-13
SYN_I00751,SYN_V3_shirt,M,2026-09-14
SYN_I00752,SYN_V4_shirt,M,2026-09-15
SYN_I00753,SYN_V1_kurti,M,2026-09-16
SYN_I00754,SYN_V2_kurti,M,2026-09-17
SYN_I00755,SYN_V3_shirt,M,2026-09-18
SYN_I00756,SYN_V4_shirt,M,2026-09-19
SYN_I00757,SYN_V1_kurti,M,2026-08-23
SYN_I00758,SYN_V2_kurti,M,2026-08-24
SYN_I00759,SYN_V3_shirt,M,2026-08-25
SYN_I00760,SYN_V4_shirt,M,2026-08-26
SYN_I00761,SYN_V1_kurti,M,2026-08-27
SYN_I00762,SYN_V2_kurti,M,2026-08-28
SYN_I00763,SYN_V3_shirt,M,2026-08-29
SYN_I00764,SYN_V4_shirt,M,2026-08-30
SYN_I00765,SYN_V1_kurti,M,2026-08-31
SYN_I00766,SYN_V2_kurti,M,2026-09-01
SYN_I00767,SYN_V3_shirt,M,2026-09-02
SYN_I00768,SYN_V4_shirt,M,2026-09-03
SYN_I00769,SYN_V1_kurti,M,2026-09-04
SYN_I00770,SYN_V2_kurti,M,2026-09-05
SYN_I00771,SYN_V3_shirt,M,2026-09-06
SYN_I00772,SYN_V4_shirt,M,2026-09-07
SYN_I00773,SYN_V1_kurti,M,2026-09-08
SYN_I00774,SYN_V2_kurti,M,2026-09-09
SYN_I00775,SYN_V3_shirt,M,2026-09-10
SYN_I00776,SYN_V4_shirt,M,2026-09-11
SYN_I00777,SYN_V1_kurti,M,2026-09-12
SYN_I00778,SYN_V2_kurti,M,2026-09-13
SYN_I00779,SYN_V3_shirt,M,2026-09-14
SYN_I00780,SYN_V4_shirt,M,2026-09-15
SYN_I00781,SYN_V1_kurti,M,2026-09-16
SYN_I00782,SYN_V2_kurti,M,2026-09-17
SYN_I00783,SYN_V3_shirt,M,2026-09-18
SYN_I00784,SYN_V4_shirt,M,2026-09-19
SYN_I00785,SYN_V1_kurti,M,2026-08-23
SYN_I00786,SYN_V2_kurti,M,2026-08-24
SYN_I00787,SYN_V3_shirt,M,2026-08-25
SYN_I00788,SYN_V4_shirt,M,2026-08-26
SYN_I00789,SYN_V1_kurti,M,2026-08-27
SYN_I00790,SYN_V2_kurti,M,2026-08-28
SYN_I00791,SYN_V3_shirt,M,2026-08-29
SYN_I00792,SYN_V4_shirt,M,2026-08-30
SYN_I00793,SYN_V1_kurti,M,2026-08-31
SYN_I00794,SYN_V2_kurti,M,2026-09-01
SYN_I00795,SYN_V3_shirt,M,2026-09-02
SYN_I00796,SYN_V4_shirt,M,2026-09-03
SYN_I00797,SYN_V1_kurti,M,2026-09-04
SYN_I00798,SYN_V2_kurti,M,2026-09-05
SYN_I00799,SYN_V3_shirt,M,2026-09-06
SYN_I00800,SYN_V4_shirt,M,2026-09-07
SYN_I00801,SYN_V1_kurti,M,2026-09-08
SYN_I00802,SYN_V2_kurti,M,2026-09-09
SYN_I00803,SYN_V3_shirt,M,2026-09-10
SYN_I00804,SYN_V4_shirt,M,2026-09-11
SYN_I00805,SYN_V1_kurti,M,2026-09-12
SYN_I00806,SYN_V2_kurti,M,2026-09-13
SYN_I00807,SYN_V3_shirt,M,2026-09-14
SYN_I00808,SYN_V4_shirt,M,2026-09-15
SYN_I00809,SYN_V1_kurti,M,2026-09-16
SYN_I00810,SYN_V2_kurti,M,2026-09-17
SYN_I00811,SYN_V3_shirt,M,2026-09-18
SYN_I00812,SYN_V4_shirt,M,2026-09-19
SYN_I00813,SYN_V1_kurti,M,2026-08-23
SYN_I00814,SYN_V2_kurti,M,2026-08-24
SYN_I00815,SYN_V3_shirt,M,2026-08-25
SYN_I00816,SYN_V4_shirt,M,2026-08-26
SYN_I00817,SYN_V1_kurti,M,2026-08-27
SYN_I00818,SYN_V2_kurti,M,2026-08-28
SYN_I00819,SYN_V3_shirt,M,2026-08-29
SYN_I00820,SYN_V4_shirt,M,2026-08-30
SYN_I00821,SYN_V1_kurti,M,2026-08-31
SYN_I00822,SYN_V2_kurti,M,2026-09-01
SYN_I00823,SYN_V3_shirt,M,2026-09-02
SYN_I00824,SYN_V4_shirt,M,2026-09-03
SYN_I00825,SYN_V1_kurti,M,2026-09-04
SYN_I00826,SYN_V2_kurti,M,2026-09-05
SYN_I00827,SYN_V3_shirt,M,2026-09-06
SYN_I00828,SYN_V4_shirt,M,2026-09-07
SYN_I00829,SYN_V1_kurti,M,2026-09-08
SYN_I00830,SYN_V2_kurti,M,2026-09-09
SYN_I00831,SYN_V3_shirt,M,2026-09-10
SYN_I00832,SYN_V4_shirt,M,2026-09-11
SYN_I00833,SYN_V1_kurti,M,2026-09-12
SYN_I00834,SYN_V2_kurti,M,2026-09-13
SYN_I00835,SYN_V3_shirt,M,2026-09-14
SYN_I00836,SYN_V4_shirt,M,2026-09-15
SYN_I00837,SYN_V1_kurti,M,2026-09-16
SYN_I00838,SYN_V2_kurti,M,2026-09-17
SYN_I00839,SYN_V3_shirt,M,2026-09-18
SYN_I00840,SYN_V4_shirt,M,2026-09-19
SYN_I00841,SYN_V1_kurti,M,2026-08-23
SYN_I00842,SYN_V2_kurti,M,2026-08-24
SYN_I00843,SYN_V3_shirt,M,2026-08-25
SYN_I00844,SYN_V4_shirt,M,2026-08-26
SYN_I00845,SYN_V1_kurti,M,2026-08-27
SYN_I00846,SYN_V2_kurti,M,2026-08-28
SYN_I00847,SYN_V3_shirt,M,2026-08-29
SYN_I00848,SYN_V4_shirt,M,2026-08-30
SYN_I00849,SYN_V1_kurti,M,2026-08-31
SYN_I00850,SYN_V2_kurti,M,2026-09-01
SYN_I00851,SYN_V3_shirt,M,2026-09-02
SYN_I00852,SYN_V4_shirt,M,2026-09-03
SYN_I00853,SYN_V1_kurti,M,2026-09-04
SYN_I00854,SYN_V2_kurti,M,2026-09-05
SYN_I00855,SYN_V3_shirt,M,2026-09-06
SYN_I00856,SYN_V4_shirt,M,2026-09-07
SYN_I00857,SYN_V1_kurti,M,2026-09-08
SYN_I00858,SYN_V2_kurti,M,2026-09-09
SYN_I00859,SYN_V3_shirt,M,2026-09-10
SYN_I00860,SYN_V4_shirt,M,2026-09-11
SYN_I00861,SYN_V1_kurti,M,2026-09-12
SYN_I00862,SYN_V2_kurti,M,2026-09-13
SYN_I00863,SYN_V3_shirt,M,2026-09-14
SYN_I00864,SYN_V4_shirt,M,2026-09-15
SYN_I00865,SYN_V1_kurti,M,2026-09-16
SYN_I00866,SYN_V2_kurti,M,2026-09-17
SYN_I00867,SYN_V3_shirt,M,2026-09-18
SYN_I00868,SYN_V4_shirt,M,2026-09-19
SYN_I00869,SYN_V1_kurti,M,2026-08-23
SYN_I00870,SYN_V2_kurti,M,2026-08-24
SYN_I00871,SYN_V3_shirt,M,2026-08-25
SYN_I00872,SYN_V4_shirt,M,2026-08-26
SYN_I00873,SYN_V1_kurti,M,2026-08-27
SYN_I00874,SYN_V2_kurti,M,2026-08-28
SYN_I00875,SYN_V3_shirt,M,2026-08-29
SYN_I00876,SYN_V4_shirt,M,2026-08-30
SYN_I00877,SYN_V1_kurti,M,2026-08-31
SYN_I00878,SYN_V2_kurti,M,2026-09-01
SYN_I00879,SYN_V3_shirt,M,2026-09-02
SYN_I00880,SYN_V4_shirt,M,2026-09-03
SYN_I00881,SYN_V1_kurti,M,2026-09-04
SYN_I00882,SYN_V2_kurti,M,2026-09-05
SYN_I00883,SYN_V3_shirt,M,2026-09-06
SYN_I00884,SYN_V4_shirt,M,2026-09-07
SYN_I00885,SYN_V1_kurti,M,2026-09-08
SYN_I00886,SYN_V2_kurti,M,2026-09-09
SYN_I00887,SYN_V3_shirt,M,2026-09-10
SYN_I00888,SYN_V4_shirt,M,2026-09-11
SYN_I00889,SYN_V1_kurti,M,2026-09-12
SYN_I00890,SYN_V2_kurti,M,2026-09-13
SYN_I00891,SYN_V3_shirt,M,2026-09-14
SYN_I00892,SYN_V4_shirt,M,2026-09-15
SYN_I00893,SYN_V1_kurti,M,2026-09-16
SYN_I00894,SYN_V2_kurti,M,2026-09-17
SYN_I00895,SYN_V3_shirt,M,2026-09-18
SYN_I00896,SYN_V4_shirt,M,2026-09-19
SYN_I00897,SYN_V1_kurti,M,2026-08-23
SYN_I00898,SYN_V2_kurti,M,2026-08-24
SYN_I00899,SYN_V3_shirt,M,2026-08-25
SYN_I00900,SYN_V4_shirt,M,2026-08-26
SYN_I00901,SYN_V1_kurti,M,2026-08-27
SYN_I00902,SYN_V2_kurti,M,2026-08-28
SYN_I00903,SYN_V3_shirt,M,2026-08-29
SYN_I00904,SYN_V4_shirt,M,2026-08-30
SYN_I00905,SYN_V1_kurti,M,2026-08-31
SYN_I00906,SYN_V2_kurti,M,2026-09-01
SYN_I00907,SYN_V3_shirt,M,2026-09-02
SYN_I00908,SYN_V4_shirt,M,2026-09-03
SYN_I00909,SYN_V1_kurti,M,2026-09-04
SYN_I00910,SYN_V2_kurti,M,2026-09-05
SYN_I00911,SYN_V3_shirt,M,2026-09-06
SYN_I00912,SYN_V4_shirt,M,2026-09-07
SYN_I00913,SYN_V1_kurti,M,2026-09-08
SYN_I00914,SYN_V2_kurti,M,2026-09-09
SYN_I00915,SYN_V3_shirt,M,2026-09-10
SYN_I00916,SYN_V4_shirt,M,2026-09-11
SYN_I00917,SYN_V1_kurti,M,2026-09-12
SYN_I00918,SYN_V2_kurti,M,2026-09-13
SYN_I00919,SYN_V3_shirt,M,2026-09-14
SYN_I00920,SYN_V4_shirt,M,2026-09-15
SYN_I00921,SYN_V1_kurti,M,2026-09-16
SYN_I00922,SYN_V2_kurti,M,2026-09-17
SYN_I00923,SYN_V3_shirt,M,2026-09-18
SYN_I00924,SYN_V4_shirt,M,2026-09-19
SYN_I00925,SYN_V1_kurti,M,2026-08-23
SYN_I00926,SYN_V2_kurti,M,2026-08-24
SYN_I00927,SYN_V3_shirt,M,2026-08-25
SYN_I00928,SYN_V4_shirt,M,2026-08-26
SYN_I00929,SYN_V1_kurti,M,2026-08-27
SYN_I00930,SYN_V2_kurti,M,2026-08-28
SYN_I00931,SYN_V3_shirt,M,2026-08-29
SYN_I00932,SYN_V4_shirt,M,2026-08-30
SYN_I00933,SYN_V1_kurti,M,2026-08-31
SYN_I00934,SYN_V2_kurti,M,2026-09-01
SYN_I00935,SYN_V3_shirt,M,2026-09-02
SYN_I00936,SYN_V4_shirt,M,2026-09-03
SYN_I00937,SYN_V1_kurti,M,2026-09-04
SYN_I00938,SYN_V2_kurti,M,2026-09-05
SYN_I00939,SYN_V3_shirt,M,2026-09-06
SYN_I00940,SYN_V4_shirt,M,2026-09-07
SYN_I00941,SYN_V1_kurti,M,2026-09-08
SYN_I00942,SYN_V2_kurti,M,2026-09-09
SYN_I00943,SYN_V3_shirt,M,2026-09-10
SYN_I00944,SYN_V4_shirt,M,2026-09-11
SYN_I00945,SYN_V1_kurti,M,2026-09-12
SYN_I00946,SYN_V2_kurti,M,2026-09-13
SYN_I00947,SYN_V3_shirt,M,2026-09-14
SYN_I00948,SYN_V4_shirt,M,2026-09-15
SYN_I00949,SYN_V1_kurti,M,2026-09-16
SYN_I00950,SYN_V2_kurti,M,2026-09-17
SYN_I00951,SYN_V3_shirt,M,2026-09-18
SYN_I00952,SYN_V4_shirt,M,2026-09-19
SYN_I00953,SYN_V1_kurti,M,2026-08-23
SYN_I00954,SYN_V2_kurti,M,2026-08-24
SYN_I00955,SYN_V3_shirt,M,2026-08-25
SYN_I00956,SYN_V4_shirt,M,2026-08-26
SYN_I00957,SYN_V1_kurti,M,2026-08-27
SYN_I00958,SYN_V2_kurti,M,2026-08-28
SYN_I00959,SYN_V3_shirt,M,2026-08-29
SYN_I00960,SYN_V4_shirt,M,2026-08-30
SYN_I00961,SYN_V1_kurti,M,2026-08-31
SYN_I00962,SYN_V2_kurti,M,2026-09-01
SYN_I00963,SYN_V3_shirt,M,2026-09-02
SYN_I00964,SYN_V4_shirt,M,2026-09-03
SYN_I00965,SYN_V1_kurti,M,2026-09-04
SYN_I00966,SYN_V2_kurti,M,2026-09-05
SYN_I00967,SYN_V3_shirt,M,2026-09-06
SYN_I00968,SYN_V4_shirt,M,2026-09-07
SYN_I00969,SYN_V1_kurti,M,2026-09-08
SYN_I00970,SYN_V2_kurti,M,2026-09-09
SYN_I00971,SYN_V3_shirt,M,2026-09-10
SYN_I00972,SYN_V4_shirt,M,2026-09-11
SYN_I00973,SYN_V1_kurti,M,2026-09-12
SYN_I00974,SYN_V2_kurti,M,2026-09-13
SYN_I00975,SYN_V3_shirt,M,2026-09-14
SYN_I00976,SYN_V4_shirt,M,2026-09-15
SYN_I00977,SYN_V1_kurti,M,2026-09-16
SYN_I00978,SYN_V2_kurti,M,2026-09-17
SYN_I00979,SYN_V3_shirt,M,2026-09-18
SYN_I00980,SYN_V4_shirt,M,2026-09-19
SYN_I00981,SYN_V1_kurti,M,2026-08-23
SYN_I00982,SYN_V2_kurti,M,2026-08-24
SYN_I00983,SYN_V3_shirt,M,2026-08-25
SYN_I00984,SYN_V4_shirt,M,2026-08-26
SYN_I00985,SYN_V1_kurti,M,2026-08-27
SYN_I00986,SYN_V2_kurti,M,2026-08-28
SYN_I00987,SYN_V3_shirt,M,2026-08-29
SYN_I00988,SYN_V4_shirt,M,2026-08-30
SYN_I00989,SYN_V1_kurti,M,2026-08-31
SYN_I00990,SYN_V2_kurti,M,2026-09-01
SYN_I00991,SYN_V3_shirt,M,2026-09-02
SYN_I00992,SYN_V4_shirt,M,2026-09-03
SYN_I00993,SYN_V1_kurti,M,2026-09-04
SYN_I00994,SYN_V2_kurti,M,2026-09-05
SYN_I00995,SYN_V3_shirt,M,2026-09-06
SYN_I00996,SYN_V4_shirt,M,2026-09-07
SYN_I00997,SYN_V1_kurti,M,2026-09-08
SYN_I00998,SYN_V2_kurti,M,2026-09-09
SYN_I00999,SYN_V3_shirt,M,2026-09-10
SYN_I01000,SYN_V4_shirt,M,2026-09-11
SYN_I01001,SYN_V1_kurti,M,2026-09-12
SYN_I01002,SYN_V2_kurti,M,2026-09-13
SYN_I01003,SYN_V3_shirt,M,2026-09-14
SYN_I01004,SYN_V4_shirt,M,2026-09-15
SYN_I01005,SYN_V1_kurti,M,2026-09-16
SYN_I01006,SYN_V2_kurti,M,2026-09-17
SYN_I01007,SYN_V3_shirt,M,2026-09-18
SYN_I01008,SYN_V4_shirt,M,2026-09-19
SYN_I01009,SYN_V1_kurti,M,2026-08-23
SYN_I01010,SYN_V2_kurti,M,2026-08-24
SYN_I01011,SYN_V3_shirt,M,2026-08-25
SYN_I01012,SYN_V4_shirt,M,2026-08-26
SYN_I01013,SYN_V1_kurti,M,2026-08-27
SYN_I01014,SYN_V2_kurti,M,2026-08-28
SYN_I01015,SYN_V3_shirt,M,2026-08-29
SYN_I01016,SYN_V4_shirt,M,2026-08-30
SYN_I01017,SYN_V1_kurti,M,2026-08-31
SYN_I01018,SYN_V2_kurti,M,2026-09-01
SYN_I01019,SYN_V3_shirt,M,2026-09-02
SYN_I01020,SYN_V4_shirt,M,2026-09-03
SYN_I01021,SYN_V1_kurti,M,2026-09-04
SYN_I01022,SYN_V2_kurti,M,2026-09-05
SYN_I01023,SYN_V3_shirt,M,2026-09-06
SYN_I01024,SYN_V4_shirt,M,2026-09-07
SYN_I01025,SYN_V1_kurti,M,2026-09-08
SYN_I01026,SYN_V2_kurti,M,2026-09-09
SYN_I01027,SYN_V3_shirt,M,2026-09-10
SYN_I01028,SYN_V4_shirt,M,2026-09-11
SYN_I01029,SYN_V1_kurti,M,2026-09-12
SYN_I01030,SYN_V2_kurti,M,2026-09-13
SYN_I01031,SYN_V3_shirt,M,2026-09-14
SYN_I01032,SYN_V4_shirt,M,2026-09-15
SYN_I01033,SYN_V1_kurti,M,2026-09-16
SYN_I01034,SYN_V2_kurti,M,2026-09-17
SYN_I01035,SYN_V3_shirt,M,2026-09-18
SYN_I01036,SYN_V4_shirt,M,2026-09-19
SYN_I01037,SYN_V1_kurti,M,2026-08-23
SYN_I01038,SYN_V2_kurti,M,2026-08-24
SYN_I01039,SYN_V3_shirt,M,2026-08-25
SYN_I01040,SYN_V4_shirt,M,2026-08-26
SYN_I01041,SYN_V1_kurti,M,2026-08-27
SYN_I01042,SYN_V2_kurti,M,2026-08-28
SYN_I01043,SYN_V3_shirt,M,2026-08-29
SYN_I01044,SYN_V4_shirt,M,2026-08-30
SYN_I01045,SYN_V1_kurti,M,2026-08-31
SYN_I01046,SYN_V2_kurti,M,2026-09-01
SYN_I01047,SYN_V3_shirt,M,2026-09-02
SYN_I01048,SYN_V4_shirt,M,2026-09-03
SYN_I01049,SYN_V1_kurti,M,2026-09-04
SYN_I01050,SYN_V2_kurti,M,2026-09-05
SYN_I01051,SYN_V3_shirt,M,2026-09-06
SYN_I01052,SYN_V4_shirt,M,2026-09-07
SYN_I01053,SYN_V1_kurti,M,2026-09-08
SYN_I01054,SYN_V2_kurti,M,2026-09-09
SYN_I01055,SYN_V3_shirt,M,2026-09-10
SYN_I01056,SYN_V4_shirt,M,2026-09-11
SYN_I01057,SYN_V1_kurti,M,2026-09-12
SYN_I01058,SYN_V2_kurti,M,2026-09-13
SYN_I01059,SYN_V3_shirt,M,2026-09-14
SYN_I01060,SYN_V4_shirt,M,2026-09-15
SYN_I01061,SYN_V1_kurti,M,2026-09-16
SYN_I01062,SYN_V2_kurti,M,2026-09-17
SYN_I01063,SYN_V3_shirt,M,2026-09-18
SYN_I01064,SYN_V4_shirt,M,2026-09-19
SYN_I01065,SYN_V1_kurti,M,2026-08-23
SYN_I01066,SYN_V2_kurti,M,2026-08-24
SYN_I01067,SYN_V3_shirt,M,2026-08-25
SYN_I01068,SYN_V4_shirt,M,2026-08-26
SYN_I01069,SYN_V1_kurti,M,2026-08-27
SYN_I01070,SYN_V2_kurti,M,2026-08-28
SYN_I01071,SYN_V3_shirt,M,2026-08-29
SYN_I01072,SYN_V4_shirt,M,2026-08-30
SYN_I01073,SYN_V1_kurti,M,2026-08-31
SYN_I01074,SYN_V2_kurti,M,2026-09-01
SYN_I01075,SYN_V3_shirt,M,2026-09-02
SYN_I01076,SYN_V4_shirt,M,2026-09-03
SYN_I01077,SYN_V1_kurti,M,2026-09-04
SYN_I01078,SYN_V2_kurti,M,2026-09-05
SYN_I01079,SYN_V3_shirt,M,2026-09-06
SYN_I01080,SYN_V4_shirt,M,2026-09-07
SYN_I01081,SYN_V1_kurti,M,2026-09-08
SYN_I01082,SYN_V2_kurti,M,2026-09-09
SYN_I01083,SYN_V3_shirt,M,2026-09-10
SYN_I01084,SYN_V4_shirt,M,2026-09-11
SYN_I01085,SYN_V1_kurti,M,2026-09-12
SYN_I01086,SYN_V2_kurti,M,2026-09-13
SYN_I01087,SYN_V3_shirt,M,2026-09-14
SYN_I01088,SYN_V4_shirt,M,2026-09-15
SYN_I01089,SYN_V1_kurti,M,2026-09-16
SYN_I01090,SYN_V2_kurti,M,2026-09-17
SYN_I01091,SYN_V3_shirt,M,2026-09-18
SYN_I01092,SYN_V4_shirt,M,2026-09-19
SYN_I01093,SYN_V1_kurti,M,2026-08-23
SYN_I01094,SYN_V2_kurti,M,2026-08-24
SYN_I01095,SYN_V3_shirt,M,2026-08-25
SYN_I01096,SYN_V4_shirt,M,2026-08-26
SYN_I01097,SYN_V1_kurti,M,2026-08-27
SYN_I01098,SYN_V2_kurti,M,2026-08-28
SYN_I01099,SYN_V3_shirt,M,2026-08-29
SYN_I01100,SYN_V4_shirt,M,2026-08-30
SYN_I01101,SYN_V1_kurti,M,2026-08-31
SYN_I01102,SYN_V2_kurti,M,2026-09-01
SYN_I01103,SYN_V3_shirt,M,2026-09-02
SYN_I01104,SYN_V4_shirt,M,2026-09-03
SYN_I01105,SYN_V1_kurti,M,2026-09-04
SYN_I01106,SYN_V2_kurti,M,2026-09-05
SYN_I01107,SYN_V3_shirt,M,2026-09-06
SYN_I01108,SYN_V4_shirt,M,2026-09-07
SYN_I01109,SYN_V1_kurti,M,2026-09-08
SYN_I01110,SYN_V2_kurti,M,2026-09-09
SYN_I01111,SYN_V3_shirt,M,2026-09-10
SYN_I01112,SYN_V4_shirt,M,2026-09-11
SYN_I01113,SYN_V1_kurti,M,2026-09-12
SYN_I01114,SYN_V2_kurti,M,2026-09-13
SYN_I01115,SYN_V3_shirt,M,2026-09-14
SYN_I01116,SYN_V4_shirt,M,2026-09-15
SYN_I01117,SYN_V1_kurti,M,2026-09-16
SYN_I01118,SYN_V2_kurti,M,2026-09-17
SYN_I01119,SYN_V3_shirt,M,2026-09-18
SYN_I01120,SYN_V4_shirt,M,2026-09-19
SYN_I01121,SYN_V1_kurti,M,2026-08-23
SYN_I01122,SYN_V2_kurti,M,2026-08-24
SYN_I01123,SYN_V3_shirt,M,2026-08-25
SYN_I01124,SYN_V4_shirt,M,2026-08-26
SYN_I01125,SYN_V1_kurti,M,2026-08-27
SYN_I01126,SYN_V2_kurti,M,2026-08-28
SYN_I01127,SYN_V3_shirt,M,2026-08-29
SYN_I01128,SYN_V4_shirt,M,2026-08-30
SYN_I01129,SYN_V1_kurti,M,2026-08-31
SYN_I01130,SYN_V2_kurti,M,2026-09-01
SYN_I01131,SYN_V3_shirt,M,2026-09-02
SYN_I01132,SYN_V4_shirt,M,2026-09-03
SYN_I01133,SYN_V1_kurti,M,2026-09-04
SYN_I01134,SYN_V2_kurti,M,2026-09-05
SYN_I01135,SYN_V3_shirt,M,2026-09-06
SYN_I01136,SYN_V4_shirt,M,2026-09-07
SYN_I01137,SYN_V1_kurti,M,2026-09-08
SYN_I01138,SYN_V2_kurti,M,2026-09-09
SYN_I01139,SYN_V3_shirt,M,2026-09-10
SYN_I01140,SYN_V4_shirt,M,2026-09-11
SYN_I01141,SYN_V1_kurti,M,2026-09-12
SYN_I01142,SYN_V2_kurti,M,2026-09-13
SYN_I01143,SYN_V3_shirt,M,2026-09-14
SYN_I01144,SYN_V4_shirt,M,2026-09-15
SYN_I01145,SYN_V1_kurti,M,2026-09-16
SYN_I01146,SYN_V2_kurti,M,2026-09-17
SYN_I01147,SYN_V3_shirt,M,2026-09-18
SYN_I01148,SYN_V4_shirt,M,2026-09-19
SYN_I01149,SYN_V1_kurti,M,2026-08-23
SYN_I01150,SYN_V2_kurti,M,2026-08-24
SYN_I01151,SYN_V3_shirt,M,2026-08-25
SYN_I01152,SYN_V4_shirt,M,2026-08-26
SYN_I01153,SYN_V1_kurti,M,2026-08-27
SYN_I01154,SYN_V2_kurti,M,2026-08-28
SYN_I01155,SYN_V3_shirt,M,2026-08-29
SYN_I01156,SYN_V4_shirt,M,2026-08-30
SYN_I01157,SYN_V1_kurti,M,2026-08-31
SYN_I01158,SYN_V2_kurti,M,2026-09-01
SYN_I01159,SYN_V3_shirt,M,2026-09-02
SYN_I01160,SYN_V4_shirt,M,2026-09-03
SYN_I01161,SYN_V1_kurti,M,2026-09-04
SYN_I01162,SYN_V2_kurti,M,2026-09-05
SYN_I01163,SYN_V3_shirt,M,2026-09-06
SYN_I01164,SYN_V4_shirt,M,2026-09-07
SYN_I01165,SYN_V1_kurti,M,2026-09-08
SYN_I01166,SYN_V2_kurti,M,2026-09-09
SYN_I01167,SYN_V3_shirt,M,2026-09-10
SYN_I01168,SYN_V4_shirt,M,2026-09-11
SYN_I01169,SYN_V1_kurti,M,2026-09-12
SYN_I01170,SYN_V2_kurti,M,2026-09-13
SYN_I01171,SYN_V3_shirt,M,2026-09-14
SYN_I01172,SYN_V4_shirt,M,2026-09-15
SYN_I01173,SYN_V1_kurti,M,2026-09-16
SYN_I01174,SYN_V2_kurti,M,2026-09-17
SYN_I01175,SYN_V3_shirt,M,2026-09-18
SYN_I01176,SYN_V4_shirt,M,2026-09-19
SYN_I01177,SYN_V1_kurti,M,2026-08-23
SYN_I01178,SYN_V2_kurti,M,2026-08-24
SYN_I01179,SYN_V3_shirt,M,2026-08-25
SYN_I01180,SYN_V4_shirt,M,2026-08-26
SYN_I01181,SYN_V1_kurti,M,2026-08-27
SYN_I01182,SYN_V2_kurti,M,2026-08-28
SYN_I01183,SYN_V3_shirt,M,2026-08-29
SYN_I01184,SYN_V4_shirt,M,2026-08-30
SYN_I01185,SYN_V1_kurti,M,2026-08-31
SYN_I01186,SYN_V2_kurti,M,2026-09-01
SYN_I01187,SYN_V3_shirt,M,2026-09-02
SYN_I01188,SYN_V4_shirt,M,2026-09-03
SYN_I01189,SYN_V1_kurti,M,2026-09-04
SYN_I01190,SYN_V2_kurti,M,2026-09-05
SYN_I01191,SYN_V3_shirt,M,2026-09-06
SYN_I01192,SYN_V4_shirt,M,2026-09-07
SYN_I01193,SYN_V1_kurti,M,2026-09-08
SYN_I01194,SYN_V2_kurti,M,2026-09-09
SYN_I01195,SYN_V3_shirt,M,2026-09-10
SYN_I01196,SYN_V4_shirt,M,2026-09-11
SYN_I01197,SYN_V1_kurti,M,2026-09-12
SYN_I01198,SYN_V2_kurti,M,2026-09-13
SYN_I01199,SYN_V3_shirt,M,2026-09-14
SYN_I01200,SYN_V4_shirt,M,2026-09-15
SYN_I01201,SYN_V1_kurti,M,2026-09-16
SYN_I01202,SYN_V2_kurti,M,2026-09-17
SYN_I01203,SYN_V3_shirt,M,2026-09-18
SYN_I01204,SYN_V4_shirt,M,2026-09-19
SYN_I01205,SYN_V1_kurti,M,2026-08-23
SYN_I01206,SYN_V2_kurti,M,2026-08-24
SYN_I01207,SYN_V3_shirt,M,2026-08-25
SYN_I01208,SYN_V4_shirt,M,2026-08-26
SYN_I01209,SYN_V1_kurti,M,2026-08-27
SYN_I01210,SYN_V2_kurti,M,2026-08-28
SYN_I01211,SYN_V3_shirt,M,2026-08-29
SYN_I01212,SYN_V4_shirt,M,2026-08-30
SYN_I01213,SYN_V1_kurti,M,2026-08-31
SYN_I01214,SYN_V2_kurti,M,2026-09-01
SYN_I01215,SYN_V3_shirt,M,2026-09-02
SYN_I01216,SYN_V4_shirt,M,2026-09-03
SYN_I01217,SYN_V1_kurti,M,2026-09-04
SYN_I01218,SYN_V2_kurti,M,2026-09-05
SYN_I01219,SYN_V3_shirt,M,2026-09-06
SYN_I01220,SYN_V4_shirt,M,2026-09-07
SYN_I01221,SYN_V1_kurti,M,2026-09-08
SYN_I01222,SYN_V2_kurti,M,2026-09-09
SYN_I01223,SYN_V3_shirt,M,2026-09-10
SYN_I01224,SYN_V4_shirt,M,2026-09-11
SYN_I01225,SYN_V1_kurti,M,2026-09-12
SYN_I01226,SYN_V2_kurti,M,2026-09-13
SYN_I01227,SYN_V3_shirt,M,2026-09-14
SYN_I01228,SYN_V4_shirt,M,2026-09-15
SYN_I01229,SYN_V1_kurti,M,2026-09-16
SYN_I01230,SYN_V2_kurti,M,2026-09-17
SYN_I01231,SYN_V3_shirt,M,2026-09-18
SYN_I01232,SYN_V4_shirt,M,2026-09-19
SYN_I01233,SYN_V1_kurti,M,2026-08-23
SYN_I01234,SYN_V2_kurti,M,2026-08-24
SYN_I01235,SYN_V3_shirt,M,2026-08-25
SYN_I01236,SYN_V4_shirt,M,2026-08-26
SYN_I01237,SYN_V1_kurti,M,2026-08-27
SYN_I01238,SYN_V2_kurti,M,2026-08-28
SYN_I01239,SYN_V3_shirt,M,2026-08-29
SYN_I01240,SYN_V4_shirt,M,2026-08-30
SYN_I01241,SYN_V1_kurti,M,2026-08-31
SYN_I01242,SYN_V2_kurti,M,2026-09-01
SYN_I01243,SYN_V3_shirt,M,2026-09-02
SYN_I01244,SYN_V4_shirt,M,2026-09-03
SYN_I01245,SYN_V1_kurti,M,2026-09-04
SYN_I01246,SYN_V2_kurti,M,2026-09-05
SYN_I01247,SYN_V3_shirt,M,2026-09-06
SYN_I01248,SYN_V4_shirt,M,2026-09-07
SYN_I01249,SYN_V1_kurti,M,2026-09-08
SYN_I01250,SYN_V2_kurti,M,2026-09-09
SYN_I01251,SYN_V3_shirt,M,2026-09-10
SYN_I01252,SYN_V4_shirt,M,2026-09-11
SYN_I01253,SYN_V1_kurti,M,2026-09-12
SYN_I01254,SYN_V2_kurti,M,2026-09-13
SYN_I01255,SYN_V3_shirt,M,2026-09-14
SYN_I01256,SYN_V4_shirt,M,2026-09-15
SYN_I01257,SYN_V1_kurti,M,2026-09-16
SYN_I01258,SYN_V2_kurti,M,2026-09-17
SYN_I01259,SYN_V3_shirt,M,2026-09-18
SYN_I01260,SYN_V4_shirt,M,2026-09-19
SYN_I01261,SYN_V1_kurti,M,2026-08-23
SYN_I01262,SYN_V2_kurti,M,2026-08-24
SYN_I01263,SYN_V3_shirt,M,2026-08-25
SYN_I01264,SYN_V4_shirt,M,2026-08-26
SYN_I01265,SYN_V1_kurti,M,2026-08-27
SYN_I01266,SYN_V2_kurti,M,2026-08-28
SYN_I01267,SYN_V3_shirt,M,2026-08-29
SYN_I01268,SYN_V4_shirt,M,2026-08-30
SYN_I01269,SYN_V1_kurti,M,2026-08-31
SYN_I01270,SYN_V2_kurti,M,2026-09-01
SYN_I01271,SYN_V3_shirt,M,2026-09-02
SYN_I01272,SYN_V4_shirt,M,2026-09-03
SYN_I01273,SYN_V1_kurti,M,2026-09-04
SYN_I01274,SYN_V2_kurti,M,2026-09-05
SYN_I01275,SYN_V3_shirt,M,2026-09-06
SYN_I01276,SYN_V4_shirt,M,2026-09-07
SYN_I01277,SYN_V1_kurti,M,2026-09-08
SYN_I01278,SYN_V2_kurti,M,2026-09-09
SYN_I01279,SYN_V3_shirt,M,2026-09-10
SYN_I01280,SYN_V4_shirt,M,2026-09-11
SYN_I01281,SYN_V1_kurti,M,2026-09-12
SYN_I01282,SYN_V2_kurti,M,2026-09-13
SYN_I01283,SYN_V3_shirt,M,2026-09-14
SYN_I01284,SYN_V4_shirt,M,2026-09-15
SYN_I01285,SYN_V1_kurti,M,2026-09-16
SYN_I01286,SYN_V2_kurti,M,2026-09-17
SYN_I01287,SYN_V3_shirt,M,2026-09-18
SYN_I01288,SYN_V4_shirt,M,2026-09-19
SYN_I01289,SYN_V1_kurti,M,2026-08-23
SYN_I01290,SYN_V2_kurti,M,2026-08-24
SYN_I01291,SYN_V3_shirt,M,2026-08-25
SYN_I01292,SYN_V4_shirt,M,2026-08-26
SYN_I01293,SYN_V1_kurti,M,2026-08-27
SYN_I01294,SYN_V2_kurti,M,2026-08-28
SYN_I01295,SYN_V3_shirt,M,2026-08-29
SYN_I01296,SYN_V4_shirt,M,2026-08-30
SYN_I01297,SYN_V1_kurti,M,2026-08-31
SYN_I01298,SYN_V2_kurti,M,2026-09-01
SYN_I01299,SYN_V3_shirt,M,2026-09-02
SYN_I01300,SYN_V4_shirt,M,2026-09-03
SYN_I01301,SYN_V1_kurti,M,2026-09-04
SYN_I01302,SYN_V2_kurti,M,2026-09-05
SYN_I01303,SYN_V3_shirt,M,2026-09-06
SYN_I01304,SYN_V4_shirt,M,2026-09-07
SYN_I01305,SYN_V1_kurti,M,2026-09-08
SYN_I01306,SYN_V2_kurti,M,2026-09-09
SYN_I01307,SYN_V3_shirt,M,2026-09-10
SYN_I01308,SYN_V4_shirt,M,2026-09-11
SYN_I01309,SYN_V1_kurti,M,2026-09-12
SYN_I01310,SYN_V2_kurti,M,2026-09-13
SYN_I01311,SYN_V3_shirt,M,2026-09-14
SYN_I01312,SYN_V4_shirt,M,2026-09-15
SYN_I01313,SYN_V1_kurti,M,2026-09-16
SYN_I01314,SYN_V2_kurti,M,2026-09-17
SYN_I01315,SYN_V3_shirt,M,2026-09-18
SYN_I01316,SYN_V4_shirt,M,2026-09-19
SYN_I01317,SYN_V1_kurti,M,2026-08-23
SYN_I01318,SYN_V2_kurti,M,2026-08-24
SYN_I01319,SYN_V3_shirt,M,2026-08-25
SYN_I01320,SYN_V4_shirt,M,2026-08-26
SYN_I01321,SYN_V1_kurti,M,2026-08-27
SYN_I01322,SYN_V2_kurti,M,2026-08-28
SYN_I01323,SYN_V3_shirt,M,2026-08-29
SYN_I01324,SYN_V4_shirt,M,2026-08-30
SYN_I01325,SYN_V1_kurti,M,2026-08-31
SYN_I01326,SYN_V2_kurti,M,2026-09-01
SYN_I01327,SYN_V3_shirt,M,2026-09-02
SYN_I01328,SYN_V4_shirt,M,2026-09-03
SYN_I01329,SYN_V1_kurti,M,2026-09-04
SYN_I01330,SYN_V2_kurti,M,2026-09-05
SYN_I01331,SYN_V3_shirt,M,2026-09-06
SYN_I01332,SYN_V4_shirt,M,2026-09-07
SYN_I01333,SYN_V1_kurti,M,2026-09-08
SYN_I01334,SYN_V2_kurti,M,2026-09-09
SYN_I01335,SYN_V3_shirt,M,2026-09-10
SYN_I01336,SYN_V4_shirt,M,2026-09-11
SYN_I01337,SYN_V1_kurti,M,2026-09-12
SYN_I01338,SYN_V2_kurti,M,2026-09-13
SYN_I01339,SYN_V3_shirt,M,2026-09-14
SYN_I01340,SYN_V4_shirt,M,2026-09-15
SYN_I01341,SYN_V1_kurti,M,2026-09-16
SYN_I01342,SYN_V2_kurti,M,2026-09-17
SYN_I01343,SYN_V3_shirt,M,2026-09-18
SYN_I01344,SYN_V4_shirt,M,2026-09-19
SYN_I01345,SYN_V1_kurti,M,2026-08-23
SYN_I01346,SYN_V2_kurti,M,2026-08-24
SYN_I01347,SYN_V3_shirt,M,2026-08-25
SYN_I01348,SYN_V4_shirt,M,2026-08-26
SYN_I01349,SYN_V1_kurti,M,2026-08-27
SYN_I01350,SYN_V2_kurti,M,2026-08-28
SYN_I01351,SYN_V3_shirt,M,2026-08-29
SYN_I01352,SYN_V4_shirt,M,2026-08-30
SYN_I01353,SYN_V1_kurti,M,2026-08-31
SYN_I01354,SYN_V2_kurti,M,2026-09-01
SYN_I01355,SYN_V3_shirt,M,2026-09-02
SYN_I01356,SYN_V4_shirt,M,2026-09-03
SYN_I01357,SYN_V1_kurti,M,2026-09-04
SYN_I01358,SYN_V2_kurti,M,2026-09-05
SYN_I01359,SYN_V3_shirt,M,2026-09-06
SYN_I01360,SYN_V4_shirt,M,2026-09-07
SYN_I01361,SYN_V1_kurti,M,2026-09-08
SYN_I01362,SYN_V2_kurti,M,2026-09-09
SYN_I01363,SYN_V3_shirt,M,2026-09-10
SYN_I01364,SYN_V4_shirt,M,2026-09-11
SYN_I01365,SYN_V1_kurti,M,2026-09-12
SYN_I01366,SYN_V2_kurti,M,2026-09-13
SYN_I01367,SYN_V3_shirt,M,2026-09-14
SYN_I01368,SYN_V4_shirt,M,2026-09-15
SYN_I01369,SYN_V1_kurti,M,2026-09-16
SYN_I01370,SYN_V2_kurti,M,2026-09-17
SYN_I01371,SYN_V3_shirt,M,2026-09-18
SYN_I01372,SYN_V4_shirt,M,2026-09-19
SYN_I01373,SYN_V1_kurti,M,2026-08-23
SYN_I01374,SYN_V2_kurti,M,2026-08-24
SYN_I01375,SYN_V3_shirt,M,2026-08-25
SYN_I01376,SYN_V4_shirt,M,2026-08-26
SYN_I01377,SYN_V1_kurti,M,2026-08-27
SYN_I01378,SYN_V2_kurti,M,2026-08-28
SYN_I01379,SYN_V3_shirt,M,2026-08-29
SYN_I01380,SYN_V4_shirt,M,2026-08-30
SYN_I01381,SYN_V1_kurti,M,2026-08-31
SYN_I01382,SYN_V2_kurti,M,2026-09-01
SYN_I01383,SYN_V3_shirt,M,2026-09-02
SYN_I01384,SYN_V4_shirt,M,2026-09-03
SYN_I01385,SYN_V1_kurti,M,2026-09-04
SYN_I01386,SYN_V2_kurti,M,2026-09-05
SYN_I01387,SYN_V3_shirt,M,2026-09-06
SYN_I01388,SYN_V4_shirt,M,2026-09-07
SYN_I01389,SYN_V1_kurti,M,2026-09-08
SYN_I01390,SYN_V2_kurti,M,2026-09-09
SYN_I01391,SYN_V3_shirt,M,2026-09-10
SYN_I01392,SYN_V4_shirt,M,2026-09-11
SYN_I01393,SYN_V1_kurti,M,2026-09-12
SYN_I01394,SYN_V2_kurti,M,2026-09-13
SYN_I01395,SYN_V3_shirt,M,2026-09-14
SYN_I01396,SYN_V4_shirt,M,2026-09-15
SYN_I01397,SYN_V1_kurti,M,2026-09-16
SYN_I01398,SYN_V2_kurti,M,2026-09-17
SYN_I01399,SYN_V3_shirt,M,2026-09-18
SYN_I01400,SYN_V4_shirt,M,2026-09-19
SYN_I01401,SYN_V1_kurti,M,2026-08-23
SYN_I01402,SYN_V2_kurti,M,2026-08-24
SYN_I01403,SYN_V3_shirt,M,2026-08-25
SYN_I01404,SYN_V4_shirt,M,2026-08-26
SYN_I01405,SYN_V1_kurti,M,2026-08-27
SYN_I01406,SYN_V2_kurti,M,2026-08-28
SYN_I01407,SYN_V3_shirt,M,2026-08-29
SYN_I01408,SYN_V4_shirt,M,2026-08-30
SYN_I01409,SYN_V1_kurti,M,2026-08-31
SYN_I01410,SYN_V2_kurti,M,2026-09-01
SYN_I01411,SYN_V3_shirt,M,2026-09-02
SYN_I01412,SYN_V4_shirt,M,2026-09-03
SYN_I01413,SYN_V1_kurti,M,2026-09-04
SYN_I01414,SYN_V2_kurti,M,2026-09-05
SYN_I01415,SYN_V3_shirt,M,2026-09-06
SYN_I01416,SYN_V4_shirt,M,2026-09-07
SYN_I01417,SYN_V1_kurti,M,2026-09-08
SYN_I01418,SYN_V2_kurti,M,2026-09-09
SYN_I01419,SYN_V3_shirt,M,2026-09-10
SYN_I01420,SYN_V4_shirt,M,2026-09-11
SYN_I01421,SYN_V1_kurti,M,2026-09-12
SYN_I01422,SYN_V2_kurti,M,2026-09-13
SYN_I01423,SYN_V3_shirt,M,2026-09-14
SYN_I01424,SYN_V4_shirt,M,2026-09-15
SYN_I01425,SYN_V1_kurti,M,2026-09-16
SYN_I01426,SYN_V2_kurti,M,2026-09-17
SYN_I01427,SYN_V3_shirt,M,2026-09-18
SYN_I01428,SYN_V4_shirt,M,2026-09-19
SYN_I01429,SYN_V1_kurti,M,2026-08-23
SYN_I01430,SYN_V2_kurti,M,2026-08-24
SYN_I01431,SYN_V3_shirt,M,2026-08-25
SYN_I01432,SYN_V4_shirt,M,2026-08-26
SYN_I01433,SYN_V1_kurti,M,2026-08-27
SYN_I01434,SYN_V2_kurti,M,2026-08-28
SYN_I01435,SYN_V3_shirt,M,2026-08-29
SYN_I01436,SYN_V4_shirt,M,2026-08-30
SYN_I01437,SYN_V1_kurti,M,2026-08-31
SYN_I01438,SYN_V2_kurti,M,2026-09-01
SYN_I01439,SYN_V3_shirt,M,2026-09-02
SYN_I01440,SYN_V4_shirt,M,2026-09-03
SYN_I01441,SYN_V1_kurti,M,2026-09-04
SYN_I01442,SYN_V2_kurti,M,2026-09-05
SYN_I01443,SYN_V3_shirt,M,2026-09-06
SYN_I01444,SYN_V4_shirt,M,2026-09-07
SYN_I01445,SYN_V1_kurti,M,2026-09-08
SYN_I01446,SYN_V2_kurti,M,2026-09-09
SYN_I01447,SYN_V3_shirt,M,2026-09-10
SYN_I01448,SYN_V4_shirt,M,2026-09-11
SYN_I01449,SYN_V1_kurti,M,2026-09-12
SYN_I01450,SYN_V2_kurti,M,2026-09-13
SYN_I01451,SYN_V3_shirt,M,2026-09-14
SYN_I01452,SYN_V4_shirt,M,2026-09-15
SYN_I01453,SYN_V1_kurti,M,2026-09-16
SYN_I01454,SYN_V2_kurti,M,2026-09-17
SYN_I01455,SYN_V3_shirt,M,2026-09-18
SYN_I01456,SYN_V4_shirt,M,2026-09-19
SYN_I01457,SYN_V1_kurti,M,2026-08-23
SYN_I01458,SYN_V2_kurti,M,2026-08-24
SYN_I01459,SYN_V3_shirt,M,2026-08-25
SYN_I01460,SYN_V4_shirt,M,2026-08-26
SYN_I01461,SYN_V1_kurti,M,2026-08-27
SYN_I01462,SYN_V2_kurti,M,2026-08-28
SYN_I01463,SYN_V3_shirt,M,2026-08-29
SYN_I01464,SYN_V4_shirt,M,2026-08-30
SYN_I01465,SYN_V1_kurti,M,2026-08-31
SYN_I01466,SYN_V2_kurti,M,2026-09-01
SYN_I01467,SYN_V3_shirt,M,2026-09-02
SYN_I01468,SYN_V4_shirt,M,2026-09-03
SYN_I01469,SYN_V1_kurti,M,2026-09-04
SYN_I01470,SYN_V2_kurti,M,2026-09-05
SYN_I01471,SYN_V3_shirt,M,2026-09-06
SYN_I01472,SYN_V4_shirt,M,2026-09-07
SYN_I01473,SYN_V1_kurti,M,2026-09-08
SYN_I01474,SYN_V2_kurti,M,2026-09-09
SYN_I01475,SYN_V3_shirt,M,2026-09-10
SYN_I01476,SYN_V4_shirt,M,2026-09-11
SYN_I01477,SYN_V1_kurti,M,2026-09-12
SYN_I01478,SYN_V2_kurti,M,2026-09-13
SYN_I01479,SYN_V3_shirt,M,2026-09-14
SYN_I01480,SYN_V4_shirt,M,2026-09-15
SYN_I01481,SYN_V1_kurti,M,2026-09-16
SYN_I01482,SYN_V2_kurti,M,2026-09-17
SYN_I01483,SYN_V3_shirt,M,2026-09-18
SYN_I01484,SYN_V4_shirt,M,2026-09-19
SYN_I01485,SYN_V1_kurti,M,2026-08-23
SYN_I01486,SYN_V2_kurti,M,2026-08-24
SYN_I01487,SYN_V3_shirt,M,2026-08-25
SYN_I01488,SYN_V4_shirt,M,2026-08-26
SYN_I01489,SYN_V1_kurti,M,2026-08-27
SYN_I01490,SYN_V2_kurti,M,2026-08-28
SYN_I01491,SYN_V3_shirt,M,2026-08-29
SYN_I01492,SYN_V4_shirt,M,2026-08-30
SYN_I01493,SYN_V1_kurti,M,2026-08-31
SYN_I01494,SYN_V2_kurti,M,2026-09-01
SYN_I01495,SYN_V3_shirt,M,2026-09-02
SYN_I01496,SYN_V4_shirt,M,2026-09-03
SYN_I01497,SYN_V1_kurti,M,2026-09-04
SYN_I01498,SYN_V2_kurti,M,2026-09-05
SYN_I01499,SYN_V3_shirt,M,2026-09-06
SYN_I01500,SYN_V4_shirt,M,2026-09-07
SYN_I01501,SYN_V1_kurti,M,2026-09-08
SYN_I01502,SYN_V2_kurti,M,2026-09-09
SYN_I01503,SYN_V3_shirt,M,2026-09-10
SYN_I01504,SYN_V4_shirt,M,2026-09-11
SYN_I01505,SYN_V1_kurti,M,2026-09-12
SYN_I01506,SYN_V2_kurti,M,2026-09-13
SYN_I01507,SYN_V3_shirt,M,2026-09-14
SYN_I01508,SYN_V4_shirt,M,2026-09-15
SYN_I01509,SYN_V1_kurti,M,2026-09-16
SYN_I01510,SYN_V2_kurti,M,2026-09-17
SYN_I01511,SYN_V3_shirt,M,2026-09-18
SYN_I01512,SYN_V4_shirt,M,2026-09-19
SYN_I01513,SYN_V1_kurti,M,2026-08-23
SYN_I01514,SYN_V2_kurti,M,2026-08-24
SYN_I01515,SYN_V3_shirt,M,2026-08-25
SYN_I01516,SYN_V4_shirt,M,2026-08-26
SYN_I01517,SYN_V1_kurti,M,2026-08-27
SYN_I01518,SYN_V2_kurti,M,2026-08-28
SYN_I01519,SYN_V3_shirt,M,2026-08-29
SYN_I01520,SYN_V4_shirt,M,2026-08-30
SYN_I01521,SYN_V1_kurti,M,2026-08-31
SYN_I01522,SYN_V2_kurti,M,2026-09-01
SYN_I01523,SYN_V3_shirt,M,2026-09-02
SYN_I01524,SYN_V4_shirt,M,2026-09-03
SYN_I01525,SYN_V1_kurti,M,2026-09-04
SYN_I01526,SYN_V2_kurti,M,2026-09-05
SYN_I01527,SYN_V3_shirt,M,2026-09-06
SYN_I01528,SYN_V4_shirt,M,2026-09-07
SYN_I01529,SYN_V1_kurti,M,2026-09-08
SYN_I01530,SYN_V2_kurti,M,2026-09-09
SYN_I01531,SYN_V3_shirt,M,2026-09-10
SYN_I01532,SYN_V4_shirt,M,2026-09-11
SYN_I01533,SYN_V1_kurti,M,2026-09-12
SYN_I01534,SYN_V2_kurti,M,2026-09-13
SYN_I01535,SYN_V3_shirt,M,2026-09-14
SYN_I01536,SYN_V4_shirt,M,2026-09-15
SYN_I01537,SYN_V1_kurti,M,2026-09-16
SYN_I01538,SYN_V2_kurti,M,2026-09-17
SYN_I01539,SYN_V3_shirt,M,2026-09-18
SYN_I01540,SYN_V4_shirt,M,2026-09-19
SYN_I01541,SYN_V1_kurti,M,2026-08-23
SYN_I01542,SYN_V2_kurti,M,2026-08-24
SYN_I01543,SYN_V3_shirt,M,2026-08-25
SYN_I01544,SYN_V4_shirt,M,2026-08-26
SYN_I01545,SYN_V1_kurti,M,2026-08-27
SYN_I01546,SYN_V2_kurti,M,2026-08-28
SYN_I01547,SYN_V3_shirt,M,2026-08-29
SYN_I01548,SYN_V4_shirt,M,2026-08-30
SYN_I01549,SYN_V1_kurti,M,2026-08-31
SYN_I01550,SYN_V2_kurti,M,2026-09-01
SYN_I01551,SYN_V3_shirt,M,2026-09-02
SYN_I01552,SYN_V4_shirt,M,2026-09-03
SYN_I01553,SYN_V1_kurti,M,2026-09-04
SYN_I01554,SYN_V2_kurti,M,2026-09-05
SYN_I01555,SYN_V3_shirt,M,2026-09-06
SYN_I01556,SYN_V4_shirt,M,2026-09-07
SYN_I01557,SYN_V1_kurti,M,2026-09-08
SYN_I01558,SYN_V2_kurti,M,2026-09-09
SYN_I01559,SYN_V3_shirt,M,2026-09-10
SYN_I01560,SYN_V4_shirt,M,2026-09-11
SYN_I01561,SYN_V1_kurti,M,2026-09-12
SYN_I01562,SYN_V2_kurti,M,2026-09-13
SYN_I01563,SYN_V3_shirt,M,2026-09-14
SYN_I01564,SYN_V4_shirt,M,2026-09-15
SYN_I01565,SYN_V1_kurti,M,2026-09-16
SYN_I01566,SYN_V2_kurti,M,2026-09-17
SYN_I01567,SYN_V3_shirt,M,2026-09-18
SYN_I01568,SYN_V4_shirt,M,2026-09-19
SYN_I01569,SYN_V1_kurti,M,2026-08-23
SYN_I01570,SYN_V2_kurti,M,2026-08-24
SYN_I01571,SYN_V3_shirt,M,2026-08-25
SYN_I01572,SYN_V4_shirt,M,2026-08-26
SYN_I01573,SYN_V1_kurti,M,2026-08-27
SYN_I01574,SYN_V2_kurti,M,2026-08-28
SYN_I01575,SYN_V3_shirt,M,2026-08-29
SYN_I01576,SYN_V4_shirt,M,2026-08-30
SYN_I01577,SYN_V1_kurti,M,2026-08-31
SYN_I01578,SYN_V2_kurti,M,2026-09-01
SYN_I01579,SYN_V3_shirt,M,2026-09-02
SYN_I01580,SYN_V4_shirt,M,2026-09-03
SYN_I01581,SYN_V1_kurti,M,2026-09-04
SYN_I01582,SYN_V2_kurti,M,2026-09-05
SYN_I01583,SYN_V3_shirt,M,2026-09-06
SYN_I01584,SYN_V4_shirt,M,2026-09-07
SYN_I01585,SYN_V1_kurti,M,2026-09-08
SYN_I01586,SYN_V2_kurti,M,2026-09-09
SYN_I01587,SYN_V3_shirt,M,2026-09-10
SYN_I01588,SYN_V4_shirt,M,2026-09-11
SYN_I01589,SYN_V1_kurti,M,2026-09-12
SYN_I01590,SYN_V2_kurti,M,2026-09-13
SYN_I01591,SYN_V3_shirt,M,2026-09-14
SYN_I01592,SYN_V4_shirt,M,2026-09-15
SYN_I01593,SYN_V1_kurti,M,2026-09-16
SYN_I01594,SYN_V2_kurti,M,2026-09-17
SYN_I01595,SYN_V3_shirt,M,2026-09-18
SYN_I01596,SYN_V4_shirt,M,2026-09-19
SYN_I01597,SYN_V1_kurti,M,2026-08-23
SYN_I01598,SYN_V2_kurti,M,2026-08-24
SYN_I01599,SYN_V3_shirt,M,2026-08-25
SYN_I01600,SYN_V4_shirt,M,2026-08-26
SYN_I01601,SYN_V1_kurti,M,2026-08-27
SYN_I01602,SYN_V2_kurti,M,2026-08-28
SYN_I01603,SYN_V3_shirt,M,2026-08-29
SYN_I01604,SYN_V4_shirt,M,2026-08-30
SYN_I01605,SYN_V1_kurti,M,2026-08-31
SYN_I01606,SYN_V2_kurti,M,2026-09-01
SYN_I01607,SYN_V3_shirt,M,2026-09-02
SYN_I01608,SYN_V4_shirt,M,2026-09-03
SYN_I01609,SYN_V1_kurti,M,2026-09-04
SYN_I01610,SYN_V2_kurti,M,2026-09-05
SYN_I01611,SYN_V3_shirt,M,2026-09-06
SYN_I01612,SYN_V4_shirt,M,2026-09-07
SYN_I01613,SYN_V1_kurti,M,2026-09-08
SYN_I01614,SYN_V2_kurti,M,2026-09-09
SYN_I01615,SYN_V3_shirt,M,2026-09-10
SYN_I01616,SYN_V4_shirt,M,2026-09-11
SYN_I01617,SYN_V1_kurti,M,2026-09-12
SYN_I01618,SYN_V2_kurti,M,2026-09-13
SYN_I01619,SYN_V3_shirt,M,2026-09-14
SYN_I01620,SYN_V4_shirt,M,2026-09-15
SYN_I01621,SYN_V1_kurti,M,2026-09-16
SYN_I01622,SYN_V2_kurti,M,2026-09-17
SYN_I01623,SYN_V3_shirt,M,2026-09-18
SYN_I01624,SYN_V4_shirt,M,2026-09-19
SYN_I01625,SYN_V1_kurti,M,2026-08-23
SYN_I01626,SYN_V2_kurti,M,2026-08-24
SYN_I01627,SYN_V3_shirt,M,2026-08-25
SYN_I01628,SYN_V4_shirt,M,2026-08-26
SYN_I01629,SYN_V1_kurti,M,2026-08-27
SYN_I01630,SYN_V2_kurti,M,2026-08-28
SYN_I01631,SYN_V3_shirt,M,2026-08-29
SYN_I01632,SYN_V4_shirt,M,2026-08-30
SYN_I01633,SYN_V1_kurti,M,2026-08-31
SYN_I01634,SYN_V2_kurti,M,2026-09-01
SYN_I01635,SYN_V3_shirt,M,2026-09-02
SYN_I01636,SYN_V4_shirt,M,2026-09-03
SYN_I01637,SYN_V1_kurti,M,2026-09-04
SYN_I01638,SYN_V2_kurti,M,2026-09-05
SYN_I01639,SYN_V3_shirt,M,2026-09-06
SYN_I01640,SYN_V4_shirt,M,2026-09-07
SYN_I01641,SYN_V1_kurti,M,2026-09-08
SYN_I01642,SYN_V2_kurti,M,2026-09-09
SYN_I01643,SYN_V3_shirt,M,2026-09-10
SYN_I01644,SYN_V4_shirt,M,2026-09-11
SYN_I01645,SYN_V1_kurti,M,2026-09-12
SYN_I01646,SYN_V2_kurti,M,2026-09-13
SYN_I01647,SYN_V3_shirt,M,2026-09-14
SYN_I01648,SYN_V4_shirt,M,2026-09-15
SYN_I01649,SYN_V1_kurti,M,2026-09-16
SYN_I01650,SYN_V2_kurti,M,2026-09-17
SYN_I01651,SYN_V3_shirt,M,2026-09-18
SYN_I01652,SYN_V4_shirt,M,2026-09-19
SYN_I01653,SYN_V1_kurti,M,2026-08-23
SYN_I01654,SYN_V2_kurti,M,2026-08-24
SYN_I01655,SYN_V3_shirt,M,2026-08-25
SYN_I01656,SYN_V4_shirt,M,2026-08-26
SYN_I01657,SYN_V1_kurti,M,2026-08-27
SYN_I01658,SYN_V2_kurti,M,2026-08-28
SYN_I01659,SYN_V3_shirt,M,2026-08-29
SYN_I01660,SYN_V4_shirt,M,2026-08-30
SYN_I01661,SYN_V1_kurti,M,2026-08-31
SYN_I01662,SYN_V2_kurti,M,2026-09-01
SYN_I01663,SYN_V3_shirt,M,2026-09-02
SYN_I01664,SYN_V4_shirt,M,2026-09-03
SYN_I01665,SYN_V1_kurti,M,2026-09-04
SYN_I01666,SYN_V2_kurti,M,2026-09-05
SYN_I01667,SYN_V3_shirt,M,2026-09-06
SYN_I01668,SYN_V4_shirt,M,2026-09-07
SYN_I01669,SYN_V1_kurti,M,2026-09-08
SYN_I01670,SYN_V2_kurti,M,2026-09-09
SYN_I01671,SYN_V3_shirt,M,2026-09-10
SYN_I01672,SYN_V4_shirt,M,2026-09-11
SYN_I01673,SYN_V1_kurti,M,2026-09-12
SYN_I01674,SYN_V2_kurti,M,2026-09-13
SYN_I01675,SYN_V3_shirt,M,2026-09-14
SYN_I01676,SYN_V4_shirt,M,2026-09-15
SYN_I01677,SYN_V1_kurti,M,2026-09-16
SYN_I01678,SYN_V2_kurti,M,2026-09-17
SYN_I01679,SYN_V3_shirt,M,2026-09-18
SYN_I01680,SYN_V4_shirt,M,2026-09-19
SYN_I01681,SYN_V1_kurti,M,2026-08-23
SYN_I01682,SYN_V2_kurti,M,2026-08-24
SYN_I01683,SYN_V3_shirt,M,2026-08-25
SYN_I01684,SYN_V4_shirt,M,2026-08-26
SYN_I01685,SYN_V1_kurti,M,2026-08-27
SYN_I01686,SYN_V2_kurti,M,2026-08-28
SYN_I01687,SYN_V3_shirt,M,2026-08-29
SYN_I01688,SYN_V4_shirt,M,2026-08-30
SYN_I01689,SYN_V1_kurti,M,2026-08-31
SYN_I01690,SYN_V2_kurti,M,2026-09-01
SYN_I01691,SYN_V3_shirt,M,2026-09-02
SYN_I01692,SYN_V4_shirt,M,2026-09-03
SYN_I01693,SYN_V1_kurti,M,2026-09-04
SYN_I01694,SYN_V2_kurti,M,2026-09-05
SYN_I01695,SYN_V3_shirt,M,2026-09-06
SYN_I01696,SYN_V4_shirt,M,2026-09-07
SYN_I01697,SYN_V1_kurti,M,2026-09-08
SYN_I01698,SYN_V2_kurti,M,2026-09-09
SYN_I01699,SYN_V3_shirt,M,2026-09-10
SYN_I01700,SYN_V4_shirt,M,2026-09-11
SYN_I01701,SYN_V1_kurti,M,2026-09-12
SYN_I01702,SYN_V2_kurti,M,2026-09-13
SYN_I01703,SYN_V3_shirt,M,2026-09-14
SYN_I01704,SYN_V4_shirt,M,2026-09-15
SYN_I01705,SYN_V1_kurti,M,2026-09-16
SYN_I01706,SYN_V2_kurti,M,2026-09-17
SYN_I01707,SYN_V3_shirt,M,2026-09-18
SYN_I01708,SYN_V4_shirt,M,2026-09-19
SYN_I01709,SYN_V1_kurti,M,2026-08-23
SYN_I01710,SYN_V2_kurti,M,2026-08-24
SYN_I01711,SYN_V3_shirt,M,2026-08-25
SYN_I01712,SYN_V4_shirt,M,2026-08-26
SYN_I01713,SYN_V1_kurti,M,2026-08-27
SYN_I01714,SYN_V2_kurti,M,2026-08-28
SYN_I01715,SYN_V3_shirt,M,2026-08-29
SYN_I01716,SYN_V4_shirt,M,2026-08-30
SYN_I01717,SYN_V1_kurti,M,2026-08-31
SYN_I01718,SYN_V2_kurti,M,2026-09-01
SYN_I01719,SYN_V3_shirt,M,2026-09-02
SYN_I01720,SYN_V4_shirt,M,2026-09-03
SYN_I01721,SYN_V1_kurti,M,2026-09-04
SYN_I01722,SYN_V2_kurti,M,2026-09-05
SYN_I01723,SYN_V3_shirt,M,2026-09-06
SYN_I01724,SYN_V4_shirt,M,2026-09-07
SYN_I01725,SYN_V1_kurti,M,2026-09-08
SYN_I01726,SYN_V2_kurti,M,2026-09-09
SYN_I01727,SYN_V3_shirt,M,2026-09-10
SYN_I01728,SYN_V4_shirt,M,2026-09-11
SYN_I01729,SYN_V1_kurti,M,2026-09-12
SYN_I01730,SYN_V2_kurti,M,2026-09-13
SYN_I01731,SYN_V3_shirt,M,2026-09-14
SYN_I01732,SYN_V4_shirt,M,2026-09-15
SYN_I01733,SYN_V1_kurti,M,2026-09-16
SYN_I01734,SYN_V2_kurti,M,2026-09-17
SYN_I01735,SYN_V3_shirt,M,2026-09-18
SYN_I01736,SYN_V4_shirt,M,2026-09-19
SYN_I01737,SYN_V1_kurti,M,2026-08-23
SYN_I01738,SYN_V2_kurti,M,2026-08-24
SYN_I01739,SYN_V3_shirt,M,2026-08-25
SYN_I01740,SYN_V4_shirt,M,2026-08-26
SYN_I01741,SYN_V1_kurti,M,2026-08-27
SYN_I01742,SYN_V2_kurti,M,2026-08-28
SYN_I01743,SYN_V3_shirt,M,2026-08-29
SYN_I01744,SYN_V4_shirt,M,2026-08-30
SYN_I01745,SYN_V1_kurti,M,2026-08-31
SYN_I01746,SYN_V2_kurti,M,2026-09-01
SYN_I01747,SYN_V3_shirt,M,2026-09-02
SYN_I01748,SYN_V4_shirt,M,2026-09-03
SYN_I01749,SYN_V1_kurti,M,2026-09-04
SYN_I01750,SYN_V2_kurti,M,2026-09-05
SYN_I01751,SYN_V3_shirt,M,2026-09-06
SYN_I01752,SYN_V4_shirt,M,2026-09-07
SYN_I01753,SYN_V1_kurti,M,2026-09-08
SYN_I01754,SYN_V2_kurti,M,2026-09-09
SYN_I01755,SYN_V3_shirt,M,2026-09-10
SYN_I01756,SYN_V4_shirt,M,2026-09-11
SYN_I01757,SYN_V1_kurti,M,2026-09-12
SYN_I01758,SYN_V2_kurti,M,2026-09-13
SYN_I01759,SYN_V3_shirt,M,2026-09-14
SYN_I01760,SYN_V4_shirt,M,2026-09-15
SYN_I01761,SYN_V1_kurti,M,2026-09-16
SYN_I01762,SYN_V2_kurti,M,2026-09-17
SYN_I01763,SYN_V3_shirt,M,2026-09-18
SYN_I01764,SYN_V4_shirt,M,2026-09-19
SYN_I01765,SYN_V1_kurti,M,2026-08-23
SYN_I01766,SYN_V2_kurti,M,2026-08-24
SYN_I01767,SYN_V3_shirt,M,2026-08-25
SYN_I01768,SYN_V4_shirt,M,2026-08-26
SYN_I01769,SYN_V1_kurti,M,2026-08-27
SYN_I01770,SYN_V2_kurti,M,2026-08-28
SYN_I01771,SYN_V3_shirt,M,2026-08-29
SYN_I01772,SYN_V4_shirt,M,2026-08-30
SYN_I01773,SYN_V1_kurti,M,2026-08-31
SYN_I01774,SYN_V2_kurti,M,2026-09-01
SYN_I01775,SYN_V3_shirt,M,2026-09-02
SYN_I01776,SYN_V4_shirt,M,2026-09-03
SYN_I01777,SYN_V1_kurti,M,2026-09-04
SYN_I01778,SYN_V2_kurti,M,2026-09-05
SYN_I01779,SYN_V3_shirt,M,2026-09-06
SYN_I01780,SYN_V4_shirt,M,2026-09-07
SYN_I01781,SYN_V1_kurti,M,2026-09-08
SYN_I01782,SYN_V2_kurti,M,2026-09-09
SYN_I01783,SYN_V3_shirt,M,2026-09-10
SYN_I01784,SYN_V4_shirt,M,2026-09-11
SYN_I01785,SYN_V1_kurti,M,2026-09-12
SYN_I01786,SYN_V2_kurti,M,2026-09-13
SYN_I01787,SYN_V3_shirt,M,2026-09-14
SYN_I01788,SYN_V4_shirt,M,2026-09-15
SYN_I01789,SYN_V1_kurti,M,2026-09-16
SYN_I01790,SYN_V2_kurti,M,2026-09-17
SYN_I01791,SYN_V3_shirt,M,2026-09-18
SYN_I01792,SYN_V4_shirt,M,2026-09-19
SYN_I01793,SYN_V1_kurti,M,2026-08-23
SYN_I01794,SYN_V2_kurti,M,2026-08-24
SYN_I01795,SYN_V3_shirt,M,2026-08-25
SYN_I01796,SYN_V4_shirt,M,2026-08-26
SYN_I01797,SYN_V1_kurti,M,2026-08-27
SYN_I01798,SYN_V2_kurti,M,2026-08-28
SYN_I01799,SYN_V3_shirt,M,2026-08-29
SYN_I01800,SYN_V4_shirt,M,2026-08-30
SYN_I01801,SYN_V1_kurti,M,2026-08-31
SYN_I01802,SYN_V2_kurti,M,2026-09-01
SYN_I01803,SYN_V3_shirt,M,2026-09-02
SYN_I01804,SYN_V4_shirt,M,2026-09-03
SYN_I01805,SYN_V1_kurti,M,2026-09-04
SYN_I01806,SYN_V2_kurti,M,2026-09-05
SYN_I01807,SYN_V3_shirt,M,2026-09-06
SYN_I01808,SYN_V4_shirt,M,2026-09-07
SYN_I01809,SYN_V1_kurti,M,2026-09-08
SYN_I01810,SYN_V2_kurti,M,2026-09-09
SYN_I01811,SYN_V3_shirt,M,2026-09-10
SYN_I01812,SYN_V4_shirt,M,2026-09-11
SYN_I01813,SYN_V1_kurti,M,2026-09-12
SYN_I01814,SYN_V2_kurti,M,2026-09-13
SYN_I01815,SYN_V3_shirt,M,2026-09-14
SYN_I01816,SYN_V4_shirt,M,2026-09-15
SYN_I01817,SYN_V1_kurti,M,2026-09-16
SYN_I01818,SYN_V2_kurti,M,2026-09-17
SYN_I01819,SYN_V3_shirt,M,2026-09-18
SYN_I01820,SYN_V4_shirt,M,2026-09-19
SYN_I01821,SYN_V1_kurti,M,2026-08-23
SYN_I01822,SYN_V2_kurti,M,2026-08-24
SYN_I01823,SYN_V3_shirt,M,2026-08-25
SYN_I01824,SYN_V4_shirt,M,2026-08-26
SYN_I01825,SYN_V1_kurti,M,2026-08-27
SYN_I01826,SYN_V2_kurti,M,2026-08-28
SYN_I01827,SYN_V3_shirt,M,2026-08-29
SYN_I01828,SYN_V4_shirt,M,2026-08-30
SYN_I01829,SYN_V1_kurti,M,2026-08-31
SYN_I01830,SYN_V2_kurti,M,2026-09-01
SYN_I01831,SYN_V3_shirt,M,2026-09-02
SYN_I01832,SYN_V4_shirt,M,2026-09-03
SYN_I01833,SYN_V1_kurti,M,2026-09-04
SYN_I01834,SYN_V2_kurti,M,2026-09-05
SYN_I01835,SYN_V3_shirt,M,2026-09-06
SYN_I01836,SYN_V4_shirt,M,2026-09-07
SYN_I01837,SYN_V1_kurti,M,2026-09-08
SYN_I01838,SYN_V2_kurti,M,2026-09-09
SYN_I01839,SYN_V3_shirt,M,2026-09-10
SYN_I01840,SYN_V4_shirt,M,2026-09-11
SYN_I01841,SYN_V1_kurti,M,2026-09-12
SYN_I01842,SYN_V2_kurti,M,2026-09-13
SYN_I01843,SYN_V3_shirt,M,2026-09-14
SYN_I01844,SYN_V4_shirt,M,2026-09-15
SYN_I01845,SYN_V1_kurti,M,2026-09-16
SYN_I01846,SYN_V2_kurti,M,2026-09-17
SYN_I01847,SYN_V3_shirt,M,2026-09-18
SYN_I01848,SYN_V4_shirt,M,2026-09-19
SYN_I01849,SYN_V1_kurti,M,2026-08-23
SYN_I01850,SYN_V2_kurti,M,2026-08-24
SYN_I01851,SYN_V3_shirt,M,2026-08-25
SYN_I01852,SYN_V4_shirt,M,2026-08-26
SYN_I01853,SYN_V1_kurti,M,2026-08-27
SYN_I01854,SYN_V2_kurti,M,2026-08-28
SYN_I01855,SYN_V3_shirt,M,2026-08-29
SYN_I01856,SYN_V4_shirt,M,2026-08-30
SYN_I01857,SYN_V1_kurti,M,2026-08-31
SYN_I01858,SYN_V2_kurti,M,2026-09-01
SYN_I01859,SYN_V3_shirt,M,2026-09-02
SYN_I01860,SYN_V4_shirt,M,2026-09-03
SYN_I01861,SYN_V1_kurti,M,2026-09-04
SYN_I01862,SYN_V2_kurti,M,2026-09-05
SYN_I01863,SYN_V3_shirt,M,2026-09-06
SYN_I01864,SYN_V4_shirt,M,2026-09-07
SYN_I01865,SYN_V1_kurti,M,2026-09-08
SYN_I01866,SYN_V2_kurti,M,2026-09-09
SYN_I01867,SYN_V3_shirt,M,2026-09-10
SYN_I01868,SYN_V4_shirt,M,2026-09-11
SYN_I01869,SYN_V1_kurti,M,2026-09-12
SYN_I01870,SYN_V2_kurti,M,2026-09-13
SYN_I01871,SYN_V3_shirt,M,2026-09-14
SYN_I01872,SYN_V4_shirt,M,2026-09-15
SYN_I01873,SYN_V1_kurti,M,2026-09-16
SYN_I01874,SYN_V2_kurti,M,2026-09-17
SYN_I01875,SYN_V3_shirt,M,2026-09-18
SYN_I01876,SYN_V4_shirt,M,2026-09-19
SYN_I01877,SYN_V1_kurti,M,2026-08-23
SYN_I01878,SYN_V2_kurti,M,2026-08-24
SYN_I01879,SYN_V3_shirt,M,2026-08-25
SYN_I01880,SYN_V4_shirt,M,2026-08-26
SYN_I01881,SYN_V1_kurti,M,2026-08-27
SYN_I01882,SYN_V2_kurti,M,2026-08-28
SYN_I01883,SYN_V3_shirt,M,2026-08-29
SYN_I01884,SYN_V4_shirt,M,2026-08-30
SYN_I01885,SYN_V1_kurti,M,2026-08-31
SYN_I01886,SYN_V2_kurti,M,2026-09-01
SYN_I01887,SYN_V3_shirt,M,2026-09-02
SYN_I01888,SYN_V4_shirt,M,2026-09-03
SYN_I01889,SYN_V1_kurti,M,2026-09-04
SYN_I01890,SYN_V2_kurti,M,2026-09-05
SYN_I01891,SYN_V3_shirt,M,2026-09-06
SYN_I01892,SYN_V4_shirt,M,2026-09-07
SYN_I01893,SYN_V1_kurti,M,2026-09-08
SYN_I01894,SYN_V2_kurti,M,2026-09-09
SYN_I01895,SYN_V3_shirt,M,2026-09-10
SYN_I01896,SYN_V4_shirt,M,2026-09-11
SYN_I01897,SYN_V1_kurti,M,2026-09-12
SYN_I01898,SYN_V2_kurti,M,2026-09-13
SYN_I01899,SYN_V3_shirt,M,2026-09-14
SYN_I01900,SYN_V4_shirt,M,2026-09-15
SYN_I01901,SYN_V1_kurti,M,2026-09-16
SYN_I01902,SYN_V2_kurti,M,2026-09-17
SYN_I01903,SYN_V3_shirt,M,2026-09-18
SYN_I01904,SYN_V4_shirt,M,2026-09-19
SYN_I01905,SYN_V1_kurti,M,2026-08-23
SYN_I01906,SYN_V2_kurti,M,2026-08-24
SYN_I01907,SYN_V3_shirt,M,2026-08-25
SYN_I01908,SYN_V4_shirt,M,2026-08-26
SYN_I01909,SYN_V1_kurti,M,2026-08-27
SYN_I01910,SYN_V2_kurti,M,2026-08-28
SYN_I01911,SYN_V3_shirt,M,2026-08-29
SYN_I01912,SYN_V4_shirt,M,2026-08-30
SYN_I01913,SYN_V1_kurti,M,2026-08-31
SYN_I01914,SYN_V2_kurti,M,2026-09-01
SYN_I01915,SYN_V3_shirt,M,2026-09-02
SYN_I01916,SYN_V4_shirt,M,2026-09-03
SYN_I01917,SYN_V1_kurti,M,2026-09-04
SYN_I01918,SYN_V2_kurti,M,2026-09-05
SYN_I01919,SYN_V3_shirt,M,2026-09-06
SYN_I01920,SYN_V4_shirt,M,2026-09-07
SYN_I01921,SYN_V1_kurti,M,2026-09-08
SYN_I01922,SYN_V2_kurti,M,2026-09-09
SYN_I01923,SYN_V3_shirt,M,2026-09-10
SYN_I01924,SYN_V4_shirt,M,2026-09-11
SYN_I01925,SYN_V1_kurti,M,2026-09-12
SYN_I01926,SYN_V2_kurti,M,2026-09-13
SYN_I01927,SYN_V3_shirt,M,2026-09-14
SYN_I01928,SYN_V4_shirt,M,2026-09-15
SYN_I01929,SYN_V1_kurti,M,2026-09-16
SYN_I01930,SYN_V2_kurti,M,2026-09-17
SYN_I01931,SYN_V3_shirt,M,2026-09-18
SYN_I01932,SYN_V4_shirt,M,2026-09-19
SYN_I01933,SYN_V1_kurti,M,2026-08-23
SYN_I01934,SYN_V2_kurti,M,2026-08-24
SYN_I01935,SYN_V3_shirt,M,2026-08-25
SYN_I01936,SYN_V4_shirt,M,2026-08-26
SYN_I01937,SYN_V1_kurti,M,2026-08-27
SYN_I01938,SYN_V2_kurti,M,2026-08-28
SYN_I01939,SYN_V3_shirt,M,2026-08-29
SYN_I01940,SYN_V4_shirt,M,2026-08-30
SYN_I01941,SYN_V1_kurti,M,2026-08-31
SYN_I01942,SYN_V2_kurti,M,2026-09-01
SYN_I01943,SYN_V3_shirt,M,2026-09-02
SYN_I01944,SYN_V4_shirt,M,2026-09-03
SYN_I01945,SYN_V1_kurti,M,2026-09-04
SYN_I01946,SYN_V2_kurti,M,2026-09-05
SYN_I01947,SYN_V3_shirt,M,2026-09-06
SYN_I01948,SYN_V4_shirt,M,2026-09-07
SYN_I01949,SYN_V1_kurti,M,2026-09-08
SYN_I01950,SYN_V2_kurti,M,2026-09-09
SYN_I01951,SYN_V3_shirt,M,2026-09-10
SYN_I01952,SYN_V4_shirt,M,2026-09-11
SYN_I01953,SYN_V1_kurti,M,2026-09-12
SYN_I01954,SYN_V2_kurti,M,2026-09-13
SYN_I01955,SYN_V3_shirt,M,2026-09-14
SYN_I01956,SYN_V4_shirt,M,2026-09-15
SYN_I01957,SYN_V1_kurti,M,2026-09-16
SYN_I01958,SYN_V2_kurti,M,2026-09-17
SYN_I01959,SYN_V3_shirt,M,2026-09-18
SYN_I01960,SYN_V4_shirt,M,2026-09-19
SYN_I01961,SYN_V1_kurti,M,2026-08-23
SYN_I01962,SYN_V2_kurti,M,2026-08-24
SYN_I01963,SYN_V3_shirt,M,2026-08-25
SYN_I01964,SYN_V4_shirt,M,2026-08-26
SYN_I01965,SYN_V1_kurti,M,2026-08-27
SYN_I01966,SYN_V2_kurti,M,2026-08-28
SYN_I01967,SYN_V3_shirt,M,2026-08-29
SYN_I01968,SYN_V4_shirt,M,2026-08-30
SYN_I01969,SYN_V1_kurti,M,2026-08-31
SYN_I01970,SYN_V2_kurti,M,2026-09-01
SYN_I01971,SYN_V3_shirt,M,2026-09-02
SYN_I01972,SYN_V4_shirt,M,2026-09-03
SYN_I01973,SYN_V1_kurti,M,2026-09-04
SYN_I01974,SYN_V2_kurti,M,2026-09-05
SYN_I01975,SYN_V3_shirt,M,2026-09-06
SYN_I01976,SYN_V4_shirt,M,2026-09-07
SYN_I01977,SYN_V1_kurti,M,2026-09-08
SYN_I01978,SYN_V2_kurti,M,2026-09-09
SYN_I01979,SYN_V3_shirt,M,2026-09-10
SYN_I01980,SYN_V4_shirt,M,2026-09-11
SYN_I01981,SYN_V1_kurti,M,2026-09-12
SYN_I01982,SYN_V2_kurti,M,2026-09-13
SYN_I01983,SYN_V3_shirt,M,2026-09-14
SYN_I01984,SYN_V4_shirt,M,2026-09-15
SYN_I01985,SYN_V1_kurti,M,2026-09-16
SYN_I01986,SYN_V2_kurti,M,2026-09-17
SYN_I01987,SYN_V3_shirt,M,2026-09-18
SYN_I01988,SYN_V4_shirt,M,2026-09-19
SYN_I01989,SYN_V1_kurti,M,2026-08-23
SYN_I01990,SYN_V2_kurti,M,2026-08-24
SYN_I01991,SYN_V3_shirt,M,2026-08-25
SYN_I01992,SYN_V4_shirt,M,2026-08-26
SYN_I01993,SYN_V1_kurti,M,2026-08-27
SYN_I01994,SYN_V2_kurti,M,2026-08-28
SYN_I01995,SYN_V3_shirt,M,2026-08-29
SYN_I01996,SYN_V4_shirt,M,2026-08-30
SYN_I01997,SYN_V1_kurti,M,2026-08-31
SYN_I01998,SYN_V2_kurti,M,2026-09-01
SYN_I01999,SYN_V3_shirt,M,2026-09-02
SYN_I02000,SYN_V4_shirt,M,2026-09-03
SYN_I02001,SYN_V1_shirt,S,2026-09-04
SYN_I02002,SYN_V2_dress,XL,2026-09-05
SYN_I02003,SYN_V3_dress,M,2026-09-06
SYN_I02004,SYN_V4_shirt,XL,2026-09-07
SYN_I02005,SYN_V1_shirt,XL,2026-09-08
SYN_I02006,SYN_V2_dress,M,2026-09-09
SYN_I02007,SYN_V3_shirt,S,2026-09-10
SYN_I02008,SYN_V4_shirt,M,2026-09-11
SYN_I02009,SYN_V1_dress,XL,2026-09-12
SYN_I02010,SYN_V2_dress,M,2026-09-13
SYN_I02011,SYN_V3_shirt,M,2026-09-14
SYN_I02012,SYN_V4_kurti,M,2026-09-15
SYN_I02013,SYN_V1_trousers,XL,2026-09-16
SYN_I02014,SYN_V2_shirt,L,2026-09-17
SYN_I02015,SYN_V3_kurti,M,2026-09-18
SYN_I02016,SYN_V4_dress,XL,2026-09-19
SYN_I02017,SYN_V1_dress,L,2026-08-23
SYN_I02018,SYN_V2_dress,L,2026-08-24
SYN_I02019,SYN_V3_kurti,S,2026-08-25
SYN_I02020,SYN_V4_dress,M,2026-08-26
SYN_I02021,SYN_V1_shirt,L,2026-08-27
SYN_I02022,SYN_V2_trousers,S,2026-08-28
SYN_I02023,SYN_V3_shirt,M,2026-08-29
SYN_I02024,SYN_V4_dress,L,2026-08-30
SYN_I02025,SYN_V1_trousers,L,2026-08-31
SYN_I02026,SYN_V2_kurti,M,2026-09-01
SYN_I02027,SYN_V3_kurti,L,2026-09-02
SYN_I02028,SYN_V4_dress,L,2026-09-03
SYN_I02029,SYN_V1_trousers,XL,2026-09-04
SYN_I02030,SYN_V2_trousers,L,2026-09-05
SYN_I02031,SYN_V3_trousers,M,2026-09-06
SYN_I02032,SYN_V4_dress,XL,2026-09-07
SYN_I02033,SYN_V1_kurti,S,2026-09-08
SYN_I02034,SYN_V2_trousers,L,2026-09-09
SYN_I02035,SYN_V3_trousers,L,2026-09-10
SYN_I02036,SYN_V4_kurti,M,2026-09-11
SYN_I02037,SYN_V1_shirt,L,2026-09-12
SYN_I02038,SYN_V2_dress,L,2026-09-13
SYN_I02039,SYN_V3_dress,XL,2026-09-14
SYN_I02040,SYN_V4_dress,M,2026-09-15
SYN_I02041,SYN_V1_shirt,L,2026-09-16
SYN_I02042,SYN_V2_trousers,XL,2026-09-17
SYN_I02043,SYN_V3_trousers,M,2026-09-18
SYN_I02044,SYN_V4_shirt,S,2026-09-19
SYN_I02045,SYN_V1_trousers,M,2026-08-23
SYN_I02046,SYN_V2_kurti,M,2026-08-24
SYN_I02047,SYN_V3_kurti,M,2026-08-25
SYN_I02048,SYN_V4_dress,S,2026-08-26
SYN_I02049,SYN_V1_shirt,S,2026-08-27
SYN_I02050,SYN_V2_dress,M,2026-08-28
SYN_I02051,SYN_V3_kurti,L,2026-08-29
SYN_I02052,SYN_V4_trousers,XL,2026-08-30
SYN_I02053,SYN_V1_shirt,M,2026-08-31
SYN_I02054,SYN_V2_dress,L,2026-09-01
SYN_I02055,SYN_V3_kurti,L,2026-09-02
SYN_I02056,SYN_V4_kurti,L,2026-09-03
SYN_I02057,SYN_V1_kurti,M,2026-09-04
SYN_I02058,SYN_V2_shirt,S,2026-09-05
SYN_I02059,SYN_V3_trousers,S,2026-09-06
SYN_I02060,SYN_V4_kurti,XL,2026-09-07
SYN_I02061,SYN_V1_dress,L,2026-09-08
SYN_I02062,SYN_V2_dress,L,2026-09-09
SYN_I02063,SYN_V3_shirt,L,2026-09-10
SYN_I02064,SYN_V4_trousers,XL,2026-09-11
SYN_I02065,SYN_V1_trousers,XL,2026-09-12
SYN_I02066,SYN_V2_dress,XL,2026-09-13
SYN_I02067,SYN_V3_kurti,XL,2026-09-14
SYN_I02068,SYN_V4_kurti,XL,2026-09-15
SYN_I02069,SYN_V1_kurti,M,2026-09-16
SYN_I02070,SYN_V2_dress,M,2026-09-17
SYN_I02071,SYN_V3_shirt,M,2026-09-18
SYN_I02072,SYN_V4_shirt,L,2026-09-19
SYN_I02073,SYN_V1_trousers,S,2026-08-23
SYN_I02074,SYN_V2_dress,S,2026-08-24
SYN_I02075,SYN_V3_trousers,XL,2026-08-25
SYN_I02076,SYN_V4_dress,XL,2026-08-26
SYN_I02077,SYN_V1_shirt,S,2026-08-27
SYN_I02078,SYN_V2_shirt,S,2026-08-28
SYN_I02079,SYN_V3_kurti,L,2026-08-29
SYN_I02080,SYN_V4_dress,S,2026-08-30
SYN_I02081,SYN_V1_dress,L,2026-08-31
SYN_I02082,SYN_V2_trousers,S,2026-09-01
SYN_I02083,SYN_V3_dress,M,2026-09-02
SYN_I02084,SYN_V4_trousers,L,2026-09-03
SYN_I02085,SYN_V1_trousers,L,2026-09-04
SYN_I02086,SYN_V2_shirt,M,2026-09-05
SYN_I02087,SYN_V3_kurti,S,2026-09-06
SYN_I02088,SYN_V4_trousers,XL,2026-09-07
SYN_I02089,SYN_V1_shirt,L,2026-09-08
SYN_I02090,SYN_V2_trousers,M,2026-09-09
SYN_I02091,SYN_V3_kurti,XL,2026-09-10
SYN_I02092,SYN_V4_dress,S,2026-09-11
SYN_I02093,SYN_V1_dress,XL,2026-09-12
SYN_I02094,SYN_V2_dress,S,2026-09-13
SYN_I02095,SYN_V3_dress,M,2026-09-14
SYN_I02096,SYN_V4_shirt,S,2026-09-15
SYN_I02097,SYN_V1_trousers,M,2026-09-16
SYN_I02098,SYN_V2_shirt,S,2026-09-17
SYN_I02099,SYN_V3_kurti,M,2026-09-18
SYN_I02100,SYN_V4_kurti,XL,2026-09-19
SYN_I02101,SYN_V1_kurti,M,2026-08-23
SYN_I02102,SYN_V2_dress,XL,2026-08-24
SYN_I02103,SYN_V3_dress,L,2026-08-25
SYN_I02104,SYN_V4_shirt,M,2026-08-26
SYN_I02105,SYN_V1_dress,L,2026-08-27
SYN_I02106,SYN_V2_shirt,M,2026-08-28
SYN_I02107,SYN_V3_dress,L,2026-08-29
SYN_I02108,SYN_V4_dress,XL,2026-08-30
SYN_I02109,SYN_V1_shirt,XL,2026-08-31
SYN_I02110,SYN_V2_kurti,L,2026-09-01
SYN_I02111,SYN_V3_dress,S,2026-09-02
SYN_I02112,SYN_V4_kurti,XL,2026-09-03
SYN_I02113,SYN_V1_shirt,XL,2026-09-04
SYN_I02114,SYN_V2_trousers,S,2026-09-05
SYN_I02115,SYN_V3_kurti,XL,2026-09-06
SYN_I02116,SYN_V4_trousers,L,2026-09-07
SYN_I02117,SYN_V1_kurti,L,2026-09-08
SYN_I02118,SYN_V2_dress,L,2026-09-09
SYN_I02119,SYN_V3_kurti,L,2026-09-10
SYN_I02120,SYN_V4_dress,S,2026-09-11
SYN_I02121,SYN_V1_dress,M,2026-09-12
SYN_I02122,SYN_V2_shirt,XL,2026-09-13
SYN_I02123,SYN_V3_trousers,L,2026-09-14
SYN_I02124,SYN_V4_trousers,M,2026-09-15
SYN_I02125,SYN_V1_dress,S,2026-09-16
SYN_I02126,SYN_V2_kurti,M,2026-09-17
SYN_I02127,SYN_V3_shirt,S,2026-09-18
SYN_I02128,SYN_V4_trousers,L,2026-09-19
SYN_I02129,SYN_V1_kurti,S,2026-08-23
SYN_I02130,SYN_V2_dress,M,2026-08-24
SYN_I02131,SYN_V3_dress,L,2026-08-25
SYN_I02132,SYN_V4_shirt,XL,2026-08-26
SYN_I02133,SYN_V1_trousers,M,2026-08-27
SYN_I02134,SYN_V2_trousers,M,2026-08-28
SYN_I02135,SYN_V3_trousers,L,2026-08-29
SYN_I02136,SYN_V4_kurti,L,2026-08-30
SYN_I02137,SYN_V1_shirt,M,2026-08-31
SYN_I02138,SYN_V2_shirt,L,2026-09-01
SYN_I02139,SYN_V3_dress,M,2026-09-02
SYN_I02140,SYN_V4_kurti,L,2026-09-03
SYN_I02141,SYN_V1_shirt,M,2026-09-04
SYN_I02142,SYN_V2_trousers,S,2026-09-05
SYN_I02143,SYN_V3_shirt,L,2026-09-06
SYN_I02144,SYN_V4_trousers,XL,2026-09-07
SYN_I02145,SYN_V1_trousers,L,2026-09-08
SYN_I02146,SYN_V2_kurti,S,2026-09-09
SYN_I02147,SYN_V3_dress,L,2026-09-10
SYN_I02148,SYN_V4_kurti,XL,2026-09-11
SYN_I02149,SYN_V1_kurti,S,2026-09-12
SYN_I02150,SYN_V2_trousers,XL,2026-09-13
SYN_I02151,SYN_V3_trousers,XL,2026-09-14
SYN_I02152,SYN_V4_trousers,XL,2026-09-15
SYN_I02153,SYN_V1_dress,XL,2026-09-16
SYN_I02154,SYN_V2_shirt,L,2026-09-17
SYN_I02155,SYN_V3_kurti,M,2026-09-18
SYN_I02156,SYN_V4_kurti,S,2026-09-19
SYN_I02157,SYN_V1_kurti,M,2026-08-23
SYN_I02158,SYN_V2_dress,XL,2026-08-24
SYN_I02159,SYN_V3_shirt,M,2026-08-25
SYN_I02160,SYN_V4_dress,XL,2026-08-26
SYN_I02161,SYN_V1_shirt,XL,2026-08-27
SYN_I02162,SYN_V2_trousers,L,2026-08-28
SYN_I02163,SYN_V3_shirt,L,2026-08-29
SYN_I02164,SYN_V4_trousers,S,2026-08-30
SYN_I02165,SYN_V1_trousers,L,2026-08-31
SYN_I02166,SYN_V2_dress,M,2026-09-01
SYN_I02167,SYN_V3_kurti,M,2026-09-02
SYN_I02168,SYN_V4_shirt,XL,2026-09-03
SYN_I02169,SYN_V1_trousers,XL,2026-09-04
SYN_I02170,SYN_V2_shirt,M,2026-09-05
SYN_I02171,SYN_V3_dress,L,2026-09-06
SYN_I02172,SYN_V4_trousers,S,2026-09-07
SYN_I02173,SYN_V1_trousers,XL,2026-09-08
SYN_I02174,SYN_V2_dress,M,2026-09-09
SYN_I02175,SYN_V3_trousers,S,2026-09-10
SYN_I02176,SYN_V4_shirt,S,2026-09-11
SYN_I02177,SYN_V1_kurti,M,2026-09-12
SYN_I02178,SYN_V2_shirt,S,2026-09-13
SYN_I02179,SYN_V3_trousers,M,2026-09-14
SYN_I02180,SYN_V4_trousers,L,2026-09-15
SYN_I02181,SYN_V1_dress,L,2026-09-16
SYN_I02182,SYN_V2_dress,L,2026-09-17
SYN_I02183,SYN_V3_dress,M,2026-09-18
SYN_I02184,SYN_V4_shirt,L,2026-09-19
SYN_I02185,SYN_V1_dress,S,2026-08-23
SYN_I02186,SYN_V2_trousers,M,2026-08-24
SYN_I02187,SYN_V3_trousers,S,2026-08-25
SYN_I02188,SYN_V4_trousers,XL,2026-08-26
SYN_I02189,SYN_V1_shirt,XL,2026-08-27
SYN_I02190,SYN_V2_dress,L,2026-08-28
SYN_I02191,SYN_V3_shirt,L,2026-08-29
SYN_I02192,SYN_V4_trousers,S,2026-08-30
SYN_I02193,SYN_V1_shirt,L,2026-08-31
SYN_I02194,SYN_V2_dress,L,2026-09-01
SYN_I02195,SYN_V3_kurti,L,2026-09-02
SYN_I02196,SYN_V4_dress,XL,2026-09-03
SYN_I02197,SYN_V1_kurti,M,2026-09-04
SYN_I02198,SYN_V2_dress,XL,2026-09-05
SYN_I02199,SYN_V3_trousers,L,2026-09-06
SYN_I02200,SYN_V4_kurti,S,2026-09-07
SYN_I02201,SYN_V1_trousers,S,2026-09-08
SYN_I02202,SYN_V2_trousers,M,2026-09-09
SYN_I02203,SYN_V3_trousers,M,2026-09-10
SYN_I02204,SYN_V4_trousers,S,2026-09-11
SYN_I02205,SYN_V1_shirt,XL,2026-09-12
SYN_I02206,SYN_V2_dress,S,2026-09-13
SYN_I02207,SYN_V3_trousers,S,2026-09-14
SYN_I02208,SYN_V4_dress,S,2026-09-15
SYN_I02209,SYN_V1_kurti,XL,2026-09-16
SYN_I02210,SYN_V2_kurti,M,2026-09-17
SYN_I02211,SYN_V3_kurti,S,2026-09-18
SYN_I02212,SYN_V4_shirt,XL,2026-09-19
SYN_I02213,SYN_V1_trousers,XL,2026-08-23
SYN_I02214,SYN_V2_dress,XL,2026-08-24
SYN_I02215,SYN_V3_kurti,M,2026-08-25
SYN_I02216,SYN_V4_trousers,L,2026-08-26
SYN_I02217,SYN_V1_shirt,S,2026-08-27
SYN_I02218,SYN_V2_trousers,M,2026-08-28
SYN_I02219,SYN_V3_shirt,L,2026-08-29
SYN_I02220,SYN_V4_trousers,L,2026-08-30
SYN_I02221,SYN_V1_dress,M,2026-08-31
SYN_I02222,SYN_V2_kurti,S,2026-09-01
SYN_I02223,SYN_V3_kurti,M,2026-09-02
SYN_I02224,SYN_V4_trousers,S,2026-09-03
SYN_I02225,SYN_V1_kurti,M,2026-09-04
SYN_I02226,SYN_V2_shirt,M,2026-09-05
SYN_I02227,SYN_V3_trousers,XL,2026-09-06
SYN_I02228,SYN_V4_trousers,L,2026-09-07
SYN_I02229,SYN_V1_shirt,S,2026-09-08
SYN_I02230,SYN_V2_trousers,M,2026-09-09
SYN_I02231,SYN_V3_trousers,L,2026-09-10
SYN_I02232,SYN_V4_trousers,M,2026-09-11
SYN_I02233,SYN_V1_trousers,XL,2026-09-12
SYN_I02234,SYN_V2_dress,M,2026-09-13
SYN_I02235,SYN_V3_dress,S,2026-09-14
SYN_I02236,SYN_V4_trousers,XL,2026-09-15
SYN_I02237,SYN_V1_kurti,XL,2026-09-16
SYN_I02238,SYN_V2_trousers,M,2026-09-17
SYN_I02239,SYN_V3_kurti,XL,2026-09-18
SYN_I02240,SYN_V4_trousers,L,2026-09-19
SYN_I02241,SYN_V1_kurti,M,2026-08-23
SYN_I02242,SYN_V2_shirt,L,2026-08-24
SYN_I02243,SYN_V3_kurti,M,2026-08-25
SYN_I02244,SYN_V4_kurti,M,2026-08-26
SYN_I02245,SYN_V1_trousers,L,2026-08-27
SYN_I02246,SYN_V2_trousers,XL,2026-08-28
SYN_I02247,SYN_V3_trousers,S,2026-08-29
SYN_I02248,SYN_V4_dress,M,2026-08-30
SYN_I02249,SYN_V1_kurti,XL,2026-08-31
SYN_I02250,SYN_V2_dress,XL,2026-09-01
SYN_I02251,SYN_V3_trousers,XL,2026-09-02
SYN_I02252,SYN_V4_trousers,S,2026-09-03
SYN_I02253,SYN_V1_trousers,S,2026-09-04
SYN_I02254,SYN_V2_dress,XL,2026-09-05
SYN_I02255,SYN_V3_kurti,L,2026-09-06
SYN_I02256,SYN_V4_kurti,S,2026-09-07
SYN_I02257,SYN_V1_trousers,M,2026-09-08
SYN_I02258,SYN_V2_shirt,L,2026-09-09
SYN_I02259,SYN_V3_kurti,XL,2026-09-10
SYN_I02260,SYN_V4_trousers,XL,2026-09-11
SYN_I02261,SYN_V1_shirt,L,2026-09-12
SYN_I02262,SYN_V2_trousers,XL,2026-09-13
SYN_I02263,SYN_V3_trousers,S,2026-09-14
SYN_I02264,SYN_V4_kurti,M,2026-09-15
SYN_I02265,SYN_V1_trousers,L,2026-09-16
SYN_I02266,SYN_V2_dress,S,2026-09-17
SYN_I02267,SYN_V3_shirt,XL,2026-09-18
SYN_I02268,SYN_V4_kurti,L,2026-09-19
SYN_I02269,SYN_V1_shirt,M,2026-08-23
SYN_I02270,SYN_V2_shirt,XL,2026-08-24
SYN_I02271,SYN_V3_shirt,S,2026-08-25
SYN_I02272,SYN_V4_shirt,XL,2026-08-26
SYN_I02273,SYN_V1_kurti,M,2026-08-27
SYN_I02274,SYN_V2_trousers,M,2026-08-28
SYN_I02275,SYN_V3_trousers,M,2026-08-29
SYN_I02276,SYN_V4_kurti,XL,2026-08-30
SYN_I02277,SYN_V1_shirt,L,2026-08-31
SYN_I02278,SYN_V2_dress,M,2026-09-01
SYN_I02279,SYN_V3_kurti,L,2026-09-02
SYN_I02280,SYN_V4_dress,L,2026-09-03
SYN_I02281,SYN_V1_dress,S,2026-09-04
SYN_I02282,SYN_V2_kurti,XL,2026-09-05
SYN_I02283,SYN_V3_shirt,M,2026-09-06
SYN_I02284,SYN_V4_trousers,M,2026-09-07
SYN_I02285,SYN_V1_dress,L,2026-09-08
SYN_I02286,SYN_V2_kurti,M,2026-09-09
SYN_I02287,SYN_V3_dress,L,2026-09-10
SYN_I02288,SYN_V4_dress,S,2026-09-11
SYN_I02289,SYN_V1_dress,S,2026-09-12
SYN_I02290,SYN_V2_dress,S,2026-09-13
SYN_I02291,SYN_V3_kurti,M,2026-09-14
SYN_I02292,SYN_V4_dress,L,2026-09-15
SYN_I02293,SYN_V1_shirt,M,2026-09-16
SYN_I02294,SYN_V2_shirt,M,2026-09-17
SYN_I02295,SYN_V3_kurti,M,2026-09-18
SYN_I02296,SYN_V4_kurti,L,2026-09-19
SYN_I02297,SYN_V1_shirt,L,2026-08-23
SYN_I02298,SYN_V2_dress,M,2026-08-24
SYN_I02299,SYN_V3_dress,XL,2026-08-25
SYN_I02300,SYN_V4_shirt,S,2026-08-26
SYN_I02301,SYN_V1_kurti,L,2026-08-27
SYN_I02302,SYN_V2_dress,XL,2026-08-28
SYN_I02303,SYN_V3_dress,XL,2026-08-29
SYN_I02304,SYN_V4_dress,S,2026-08-30
SYN_I02305,SYN_V1_dress,XL,2026-08-31
SYN_I02306,SYN_V2_dress,L,2026-09-01
SYN_I02307,SYN_V3_shirt,XL,2026-09-02
SYN_I02308,SYN_V4_trousers,XL,2026-09-03
SYN_I02309,SYN_V1_dress,S,2026-09-04
SYN_I02310,SYN_V2_shirt,S,2026-09-05
SYN_I02311,SYN_V3_dress,M,2026-09-06
SYN_I02312,SYN_V4_dress,M,2026-09-07
SYN_I02313,SYN_V1_trousers,XL,2026-09-08
SYN_I02314,SYN_V2_shirt,L,2026-09-09
SYN_I02315,SYN_V3_shirt,M,2026-09-10
SYN_I02316,SYN_V4_dress,M,2026-09-11
SYN_I02317,SYN_V1_trousers,S,2026-09-12
SYN_I02318,SYN_V2_kurti,M,2026-09-13
SYN_I02319,SYN_V3_kurti,S,2026-09-14
SYN_I02320,SYN_V4_shirt,S,2026-09-15
SYN_I02321,SYN_V1_trousers,XL,2026-09-16
SYN_I02322,SYN_V2_shirt,L,2026-09-17
SYN_I02323,SYN_V3_trousers,XL,2026-09-18
SYN_I02324,SYN_V4_dress,L,2026-09-19
SYN_I02325,SYN_V1_dress,M,2026-08-23
SYN_I02326,SYN_V2_trousers,S,2026-08-24
SYN_I02327,SYN_V3_kurti,S,2026-08-25
SYN_I02328,SYN_V4_trousers,S,2026-08-26
SYN_I02329,SYN_V1_trousers,L,2026-08-27
SYN_I02330,SYN_V2_shirt,XL,2026-08-28
SYN_I02331,SYN_V3_shirt,XL,2026-08-29
SYN_I02332,SYN_V4_kurti,S,2026-08-30
SYN_I02333,SYN_V1_dress,S,2026-08-31
SYN_I02334,SYN_V2_dress,L,2026-09-01
SYN_I02335,SYN_V3_shirt,L,2026-09-02
SYN_I02336,SYN_V4_dress,XL,2026-09-03
SYN_I02337,SYN_V1_kurti,S,2026-09-04
SYN_I02338,SYN_V2_trousers,L,2026-09-05
SYN_I02339,SYN_V3_trousers,M,2026-09-06
SYN_I02340,SYN_V4_dress,L,2026-09-07
SYN_I02341,SYN_V1_trousers,S,2026-09-08
SYN_I02342,SYN_V2_shirt,L,2026-09-09
SYN_I02343,SYN_V3_shirt,L,2026-09-10
SYN_I02344,SYN_V4_dress,S,2026-09-11
SYN_I02345,SYN_V1_kurti,L,2026-09-12
SYN_I02346,SYN_V2_shirt,XL,2026-09-13
SYN_I02347,SYN_V3_trousers,S,2026-09-14
SYN_I02348,SYN_V4_shirt,L,2026-09-15
SYN_I02349,SYN_V1_shirt,L,2026-09-16
SYN_I02350,SYN_V2_shirt,XL,2026-09-17
SYN_I02351,SYN_V3_shirt,L,2026-09-18
SYN_I02352,SYN_V4_shirt,L,2026-09-19
SYN_I02353,SYN_V1_trousers,XL,2026-08-23
SYN_I02354,SYN_V2_dress,L,2026-08-24
SYN_I02355,SYN_V3_trousers,M,2026-08-25
SYN_I02356,SYN_V4_kurti,M,2026-08-26
SYN_I02357,SYN_V1_kurti,S,2026-08-27
SYN_I02358,SYN_V2_kurti,S,2026-08-28
SYN_I02359,SYN_V3_shirt,XL,2026-08-29
SYN_I02360,SYN_V4_dress,XL,2026-08-30
SYN_I02361,SYN_V1_dress,M,2026-08-31
SYN_I02362,SYN_V2_kurti,XL,2026-09-01
SYN_I02363,SYN_V3_kurti,S,2026-09-02
SYN_I02364,SYN_V4_kurti,S,2026-09-03
SYN_I02365,SYN_V1_dress,XL,2026-09-04
SYN_I02366,SYN_V2_shirt,S,2026-09-05
SYN_I02367,SYN_V3_kurti,S,2026-09-06
SYN_I02368,SYN_V4_shirt,L,2026-09-07
SYN_I02369,SYN_V1_shirt,M,2026-09-08
SYN_I02370,SYN_V2_kurti,XL,2026-09-09
SYN_I02371,SYN_V3_trousers,S,2026-09-10
SYN_I02372,SYN_V4_dress,L,2026-09-11
SYN_I02373,SYN_V1_kurti,XL,2026-09-12
SYN_I02374,SYN_V2_dress,M,2026-09-13
SYN_I02375,SYN_V3_kurti,S,2026-09-14
SYN_I02376,SYN_V4_shirt,XL,2026-09-15
SYN_I02377,SYN_V1_kurti,XL,2026-09-16
SYN_I02378,SYN_V2_shirt,M,2026-09-17
SYN_I02379,SYN_V3_dress,L,2026-09-18
SYN_I02380,SYN_V4_trousers,L,2026-09-19
SYN_I02381,SYN_V1_dress,S,2026-08-23
SYN_I02382,SYN_V2_trousers,M,2026-08-24
SYN_I02383,SYN_V3_kurti,M,2026-08-25
SYN_I02384,SYN_V4_kurti,S,2026-08-26
SYN_I02385,SYN_V1_dress,S,2026-08-27
SYN_I02386,SYN_V2_shirt,L,2026-08-28
SYN_I02387,SYN_V3_kurti,XL,2026-08-29
SYN_I02388,SYN_V4_dress,XL,2026-08-30
SYN_I02389,SYN_V1_trousers,XL,2026-08-31
SYN_I02390,SYN_V2_trousers,M,2026-09-01
SYN_I02391,SYN_V3_kurti,XL,2026-09-02
SYN_I02392,SYN_V4_shirt,S,2026-09-03
SYN_I02393,SYN_V1_trousers,L,2026-09-04
SYN_I02394,SYN_V2_trousers,L,2026-09-05
SYN_I02395,SYN_V3_dress,S,2026-09-06
SYN_I02396,SYN_V4_trousers,M,2026-09-07
SYN_I02397,SYN_V1_trousers,XL,2026-09-08
SYN_I02398,SYN_V2_kurti,S,2026-09-09
SYN_I02399,SYN_V3_dress,M,2026-09-10
SYN_I02400,SYN_V4_kurti,XL,2026-09-11
SYN_I02401,SYN_V1_trousers,M,2026-09-12
SYN_I02402,SYN_V2_trousers,XL,2026-09-13
SYN_I02403,SYN_V3_shirt,XL,2026-09-14
SYN_I02404,SYN_V4_trousers,XL,2026-09-15
SYN_I02405,SYN_V1_shirt,S,2026-09-16
SYN_I02406,SYN_V2_trousers,XL,2026-09-17
SYN_I02407,SYN_V3_kurti,S,2026-09-18
SYN_I02408,SYN_V4_shirt,L,2026-09-19
SYN_I02409,SYN_V1_kurti,L,2026-08-23
SYN_I02410,SYN_V2_trousers,XL,2026-08-24
SYN_I02411,SYN_V3_shirt,M,2026-08-25
SYN_I02412,SYN_V4_shirt,L,2026-08-26
SYN_I02413,SYN_V1_dress,M,2026-08-27
SYN_I02414,SYN_V2_trousers,S,2026-08-28
SYN_I02415,SYN_V3_kurti,S,2026-08-29
SYN_I02416,SYN_V4_kurti,M,2026-08-30
SYN_I02417,SYN_V1_dress,L,2026-08-31
SYN_I02418,SYN_V2_kurti,M,2026-09-01
SYN_I02419,SYN_V3_kurti,S,2026-09-02
SYN_I02420,SYN_V4_dress,L,2026-09-03
SYN_I02421,SYN_V1_shirt,M,2026-09-04
SYN_I02422,SYN_V2_dress,L,2026-09-05
SYN_I02423,SYN_V3_kurti,XL,2026-09-06
SYN_I02424,SYN_V4_kurti,S,2026-09-07
SYN_I02425,SYN_V1_shirt,S,2026-09-08
SYN_I02426,SYN_V2_shirt,S,2026-09-09
SYN_I02427,SYN_V3_dress,L,2026-09-10
SYN_I02428,SYN_V4_kurti,XL,2026-09-11
SYN_I02429,SYN_V1_dress,M,2026-09-12
SYN_I02430,SYN_V2_trousers,XL,2026-09-13
SYN_I02431,SYN_V3_trousers,XL,2026-09-14
SYN_I02432,SYN_V4_kurti,M,2026-09-15
SYN_I02433,SYN_V1_shirt,M,2026-09-16
SYN_I02434,SYN_V2_dress,S,2026-09-17
SYN_I02435,SYN_V3_dress,M,2026-09-18
SYN_I02436,SYN_V4_kurti,XL,2026-09-19
SYN_I02437,SYN_V1_kurti,M,2026-08-23
SYN_I02438,SYN_V2_shirt,L,2026-08-24
SYN_I02439,SYN_V3_shirt,M,2026-08-25
SYN_I02440,SYN_V4_trousers,L,2026-08-26
SYN_I02441,SYN_V1_dress,XL,2026-08-27
SYN_I02442,SYN_V2_trousers,M,2026-08-28
SYN_I02443,SYN_V3_kurti,XL,2026-08-29
SYN_I02444,SYN_V4_dress,L,2026-08-30
SYN_I02445,SYN_V1_shirt,L,2026-08-31
SYN_I02446,SYN_V2_shirt,XL,2026-09-01
SYN_I02447,SYN_V3_trousers,XL,2026-09-02
SYN_I02448,SYN_V4_dress,S,2026-09-03
SYN_I02449,SYN_V1_kurti,XL,2026-09-04
SYN_I02450,SYN_V2_kurti,L,2026-09-05
SYN_I02451,SYN_V3_trousers,XL,2026-09-06
SYN_I02452,SYN_V4_shirt,XL,2026-09-07
SYN_I02453,SYN_V1_trousers,S,2026-09-08
SYN_I02454,SYN_V2_trousers,M,2026-09-09
SYN_I02455,SYN_V3_dress,M,2026-09-10
SYN_I02456,SYN_V4_dress,S,2026-09-11
SYN_I02457,SYN_V1_dress,M,2026-09-12
SYN_I02458,SYN_V2_shirt,XL,2026-09-13
SYN_I02459,SYN_V3_trousers,XL,2026-09-14
SYN_I02460,SYN_V4_shirt,XL,2026-09-15
SYN_I02461,SYN_V1_trousers,M,2026-09-16
SYN_I02462,SYN_V2_shirt,XL,2026-09-17
SYN_I02463,SYN_V3_dress,M,2026-09-18
SYN_I02464,SYN_V4_dress,L,2026-09-19
SYN_I02465,SYN_V1_trousers,S,2026-08-23
SYN_I02466,SYN_V2_dress,S,2026-08-24
SYN_I02467,SYN_V3_kurti,XL,2026-08-25
SYN_I02468,SYN_V4_kurti,XL,2026-08-26
SYN_I02469,SYN_V1_trousers,XL,2026-08-27
SYN_I02470,SYN_V2_shirt,L,2026-08-28
SYN_I02471,SYN_V3_dress,M,2026-08-29
SYN_I02472,SYN_V4_trousers,M,2026-08-30
SYN_I02473,SYN_V1_kurti,S,2026-08-31
SYN_I02474,SYN_V2_kurti,XL,2026-09-01
SYN_I02475,SYN_V3_dress,XL,2026-09-02
SYN_I02476,SYN_V4_trousers,M,2026-09-03
SYN_I02477,SYN_V1_dress,XL,2026-09-04
SYN_I02478,SYN_V2_shirt,L,2026-09-05
SYN_I02479,SYN_V3_dress,M,2026-09-06
SYN_I02480,SYN_V4_trousers,M,2026-09-07
SYN_I02481,SYN_V1_dress,L,2026-09-08
SYN_I02482,SYN_V2_dress,XL,2026-09-09
SYN_I02483,SYN_V3_shirt,L,2026-09-10
SYN_I02484,SYN_V4_shirt,S,2026-09-11
SYN_I02485,SYN_V1_shirt,XL,2026-09-12
SYN_I02486,SYN_V2_dress,XL,2026-09-13
SYN_I02487,SYN_V3_dress,XL,2026-09-14
SYN_I02488,SYN_V4_shirt,XL,2026-09-15
SYN_I02489,SYN_V1_shirt,L,2026-09-16
SYN_I02490,SYN_V2_kurti,XL,2026-09-17
SYN_I02491,SYN_V3_trousers,M,2026-09-18
SYN_I02492,SYN_V4_dress,L,2026-09-19
SYN_I02493,SYN_V1_shirt,M,2026-08-23
SYN_I02494,SYN_V2_trousers,XL,2026-08-24
SYN_I02495,SYN_V3_trousers,XL,2026-08-25
SYN_I02496,SYN_V4_dress,S,2026-08-26
SYN_I02497,SYN_V1_dress,M,2026-08-27
SYN_I02498,SYN_V2_shirt,M,2026-08-28
SYN_I02499,SYN_V3_dress,L,2026-08-29
SYN_I02500,SYN_V4_dress,S,2026-08-30
SYN_I02501,SYN_V1_kurti,M,2026-07-26
SYN_I02502,SYN_V2_kurti,M,2026-07-27
SYN_I02503,SYN_V3_shirt,M,2026-07-28
SYN_I02504,SYN_V4_shirt,M,2026-07-29
SYN_I02505,SYN_V1_kurti,M,2026-07-30
SYN_I02506,SYN_V2_kurti,M,2026-07-31
SYN_I02507,SYN_V3_shirt,M,2026-08-01
SYN_I02508,SYN_V4_shirt,M,2026-08-02
SYN_I02509,SYN_V1_kurti,M,2026-08-03
SYN_I02510,SYN_V2_kurti,M,2026-08-04
SYN_I02511,SYN_V3_shirt,M,2026-08-05
SYN_I02512,SYN_V4_shirt,M,2026-08-06
SYN_I02513,SYN_V1_kurti,M,2026-08-07
SYN_I02514,SYN_V2_kurti,M,2026-08-08
SYN_I02515,SYN_V3_shirt,M,2026-08-09
SYN_I02516,SYN_V4_shirt,M,2026-08-10
SYN_I02517,SYN_V1_kurti,M,2026-08-11
SYN_I02518,SYN_V2_kurti,M,2026-08-12
SYN_I02519,SYN_V3_shirt,M,2026-08-13
SYN_I02520,SYN_V4_shirt,M,2026-08-14
SYN_I02521,SYN_V1_kurti,M,2026-08-15
SYN_I02522,SYN_V2_kurti,M,2026-08-16
SYN_I02523,SYN_V3_shirt,M,2026-08-17
SYN_I02524,SYN_V4_shirt,M,2026-08-18
SYN_I02525,SYN_V1_kurti,M,2026-08-19
SYN_I02526,SYN_V2_kurti,M,2026-08-20
SYN_I02527,SYN_V3_shirt,M,2026-08-21
SYN_I02528,SYN_V4_shirt,M,2026-08-22
SYN_I02529,SYN_V1_kurti,M,2026-07-26
SYN_I02530,SYN_V2_kurti,M,2026-07-27
SYN_I02531,SYN_V3_shirt,M,2026-07-28
SYN_I02532,SYN_V4_shirt,M,2026-07-29
SYN_I02533,SYN_V1_kurti,M,2026-07-30
SYN_I02534,SYN_V2_kurti,M,2026-07-31
SYN_I02535,SYN_V3_shirt,M,2026-08-01
SYN_I02536,SYN_V4_shirt,M,2026-08-02
SYN_I02537,SYN_V1_kurti,M,2026-08-03
SYN_I02538,SYN_V2_kurti,M,2026-08-04
SYN_I02539,SYN_V3_shirt,M,2026-08-05
SYN_I02540,SYN_V4_shirt,M,2026-08-06
SYN_I02541,SYN_V1_kurti,M,2026-08-07
SYN_I02542,SYN_V2_kurti,M,2026-08-08
SYN_I02543,SYN_V3_shirt,M,2026-08-09
SYN_I02544,SYN_V4_shirt,M,2026-08-10
SYN_I02545,SYN_V1_kurti,M,2026-08-11
SYN_I02546,SYN_V2_kurti,M,2026-08-12
SYN_I02547,SYN_V3_shirt,M,2026-08-13
SYN_I02548,SYN_V4_shirt,M,2026-08-14
SYN_I02549,SYN_V1_kurti,M,2026-08-15
SYN_I02550,SYN_V2_kurti,M,2026-08-16
SYN_I02551,SYN_V3_shirt,M,2026-08-17
SYN_I02552,SYN_V4_shirt,M,2026-08-18
SYN_I02553,SYN_V1_kurti,M,2026-08-19
SYN_I02554,SYN_V2_kurti,M,2026-08-20
SYN_I02555,SYN_V3_shirt,M,2026-08-21
SYN_I02556,SYN_V4_shirt,M,2026-08-22
SYN_I02557,SYN_V1_kurti,M,2026-07-26
SYN_I02558,SYN_V2_kurti,M,2026-07-27
SYN_I02559,SYN_V3_shirt,M,2026-07-28
SYN_I02560,SYN_V4_shirt,M,2026-07-29
SYN_I02561,SYN_V1_kurti,M,2026-07-30
SYN_I02562,SYN_V2_kurti,M,2026-07-31
SYN_I02563,SYN_V3_shirt,M,2026-08-01
SYN_I02564,SYN_V4_shirt,M,2026-08-02
SYN_I02565,SYN_V1_kurti,M,2026-08-03
SYN_I02566,SYN_V2_kurti,M,2026-08-04
SYN_I02567,SYN_V3_shirt,M,2026-08-05
SYN_I02568,SYN_V4_shirt,M,2026-08-06
SYN_I02569,SYN_V1_kurti,M,2026-08-07
SYN_I02570,SYN_V2_kurti,M,2026-08-08
SYN_I02571,SYN_V3_shirt,M,2026-08-09
SYN_I02572,SYN_V4_shirt,M,2026-08-10
SYN_I02573,SYN_V1_kurti,M,2026-08-11
SYN_I02574,SYN_V2_kurti,M,2026-08-12
SYN_I02575,SYN_V3_shirt,M,2026-08-13
SYN_I02576,SYN_V4_shirt,M,2026-08-14
SYN_I02577,SYN_V1_kurti,M,2026-08-15
SYN_I02578,SYN_V2_kurti,M,2026-08-16
SYN_I02579,SYN_V3_shirt,M,2026-08-17
SYN_I02580,SYN_V4_shirt,M,2026-08-18
SYN_I02581,SYN_V1_kurti,M,2026-08-19
SYN_I02582,SYN_V2_kurti,M,2026-08-20
SYN_I02583,SYN_V3_shirt,M,2026-08-21
SYN_I02584,SYN_V4_shirt,M,2026-08-22
SYN_I02585,SYN_V1_kurti,M,2026-07-26
SYN_I02586,SYN_V2_kurti,M,2026-07-27
SYN_I02587,SYN_V3_shirt,M,2026-07-28
SYN_I02588,SYN_V4_shirt,M,2026-07-29
SYN_I02589,SYN_V1_kurti,M,2026-07-30
SYN_I02590,SYN_V2_kurti,M,2026-07-31
SYN_I02591,SYN_V3_shirt,M,2026-08-01
SYN_I02592,SYN_V4_shirt,M,2026-08-02
SYN_I02593,SYN_V1_kurti,M,2026-08-03
SYN_I02594,SYN_V2_kurti,M,2026-08-04
SYN_I02595,SYN_V3_shirt,M,2026-08-05
SYN_I02596,SYN_V4_shirt,M,2026-08-06
SYN_I02597,SYN_V1_kurti,M,2026-08-07
SYN_I02598,SYN_V2_kurti,M,2026-08-08
SYN_I02599,SYN_V3_shirt,M,2026-08-09
SYN_I02600,SYN_V4_shirt,M,2026-08-10
SYN_I02601,SYN_V1_kurti,M,2026-08-11
SYN_I02602,SYN_V2_kurti,M,2026-08-12
SYN_I02603,SYN_V3_shirt,M,2026-08-13
SYN_I02604,SYN_V4_shirt,M,2026-08-14
SYN_I02605,SYN_V1_kurti,M,2026-08-15
SYN_I02606,SYN_V2_kurti,M,2026-08-16
SYN_I02607,SYN_V3_shirt,M,2026-08-17
SYN_I02608,SYN_V4_shirt,M,2026-08-18
SYN_I02609,SYN_V1_kurti,M,2026-08-19
SYN_I02610,SYN_V2_kurti,M,2026-08-20
SYN_I02611,SYN_V3_shirt,M,2026-08-21
SYN_I02612,SYN_V4_shirt,M,2026-08-22
SYN_I02613,SYN_V1_kurti,M,2026-07-26
SYN_I02614,SYN_V2_kurti,M,2026-07-27
SYN_I02615,SYN_V3_shirt,M,2026-07-28
SYN_I02616,SYN_V4_shirt,M,2026-07-29
SYN_I02617,SYN_V1_kurti,M,2026-07-30
SYN_I02618,SYN_V2_kurti,M,2026-07-31
SYN_I02619,SYN_V3_shirt,M,2026-08-01
SYN_I02620,SYN_V4_shirt,M,2026-08-02
SYN_I02621,SYN_V1_kurti,M,2026-08-03
SYN_I02622,SYN_V2_kurti,M,2026-08-04
SYN_I02623,SYN_V3_shirt,M,2026-08-05
SYN_I02624,SYN_V4_shirt,M,2026-08-06
SYN_I02625,SYN_V1_kurti,M,2026-08-07
SYN_I02626,SYN_V2_kurti,M,2026-08-08
SYN_I02627,SYN_V3_shirt,M,2026-08-09
SYN_I02628,SYN_V4_shirt,M,2026-08-10
SYN_I02629,SYN_V1_kurti,M,2026-08-11
SYN_I02630,SYN_V2_kurti,M,2026-08-12
SYN_I02631,SYN_V3_shirt,M,2026-08-13
SYN_I02632,SYN_V4_shirt,M,2026-08-14
SYN_I02633,SYN_V1_kurti,M,2026-08-15
SYN_I02634,SYN_V2_kurti,M,2026-08-16
SYN_I02635,SYN_V3_shirt,M,2026-08-17
SYN_I02636,SYN_V4_shirt,M,2026-08-18
SYN_I02637,SYN_V1_kurti,M,2026-08-19
SYN_I02638,SYN_V2_kurti,M,2026-08-20
SYN_I02639,SYN_V3_shirt,M,2026-08-21
SYN_I02640,SYN_V4_shirt,M,2026-08-22
SYN_I02641,SYN_V1_kurti,M,2026-07-26
SYN_I02642,SYN_V2_kurti,M,2026-07-27
SYN_I02643,SYN_V3_shirt,M,2026-07-28
SYN_I02644,SYN_V4_shirt,M,2026-07-29
SYN_I02645,SYN_V1_kurti,M,2026-07-30
SYN_I02646,SYN_V2_kurti,M,2026-07-31
SYN_I02647,SYN_V3_shirt,M,2026-08-01
SYN_I02648,SYN_V4_shirt,M,2026-08-02
SYN_I02649,SYN_V1_kurti,M,2026-08-03
SYN_I02650,SYN_V2_kurti,M,2026-08-04
SYN_I02651,SYN_V3_shirt,M,2026-08-05
SYN_I02652,SYN_V4_shirt,M,2026-08-06
SYN_I02653,SYN_V1_kurti,M,2026-08-07
SYN_I02654,SYN_V2_kurti,M,2026-08-08
SYN_I02655,SYN_V3_shirt,M,2026-08-09
SYN_I02656,SYN_V4_shirt,M,2026-08-10
SYN_I02657,SYN_V1_kurti,M,2026-08-11
SYN_I02658,SYN_V2_kurti,M,2026-08-12
SYN_I02659,SYN_V3_shirt,M,2026-08-13
SYN_I02660,SYN_V4_shirt,M,2026-08-14
SYN_I02661,SYN_V1_kurti,M,2026-08-15
SYN_I02662,SYN_V2_kurti,M,2026-08-16
SYN_I02663,SYN_V3_shirt,M,2026-08-17
SYN_I02664,SYN_V4_shirt,M,2026-08-18
SYN_I02665,SYN_V1_kurti,M,2026-08-19
SYN_I02666,SYN_V2_kurti,M,2026-08-20
SYN_I02667,SYN_V3_shirt,M,2026-08-21
SYN_I02668,SYN_V4_shirt,M,2026-08-22
SYN_I02669,SYN_V1_kurti,M,2026-07-26
SYN_I02670,SYN_V2_kurti,M,2026-07-27
SYN_I02671,SYN_V3_shirt,M,2026-07-28
SYN_I02672,SYN_V4_shirt,M,2026-07-29
SYN_I02673,SYN_V1_kurti,M,2026-07-30
SYN_I02674,SYN_V2_kurti,M,2026-07-31
SYN_I02675,SYN_V3_shirt,M,2026-08-01
SYN_I02676,SYN_V4_shirt,M,2026-08-02
SYN_I02677,SYN_V1_kurti,M,2026-08-03
SYN_I02678,SYN_V2_kurti,M,2026-08-04
SYN_I02679,SYN_V3_shirt,M,2026-08-05
SYN_I02680,SYN_V4_shirt,M,2026-08-06
SYN_I02681,SYN_V1_kurti,M,2026-08-07
SYN_I02682,SYN_V2_kurti,M,2026-08-08
SYN_I02683,SYN_V3_shirt,M,2026-08-09
SYN_I02684,SYN_V4_shirt,M,2026-08-10
SYN_I02685,SYN_V1_kurti,M,2026-08-11
SYN_I02686,SYN_V2_kurti,M,2026-08-12
SYN_I02687,SYN_V3_shirt,M,2026-08-13
SYN_I02688,SYN_V4_shirt,M,2026-08-14
SYN_I02689,SYN_V1_kurti,M,2026-08-15
SYN_I02690,SYN_V2_kurti,M,2026-08-16
SYN_I02691,SYN_V3_shirt,M,2026-08-17
SYN_I02692,SYN_V4_shirt,M,2026-08-18
SYN_I02693,SYN_V1_kurti,M,2026-08-19
SYN_I02694,SYN_V2_kurti,M,2026-08-20
SYN_I02695,SYN_V3_shirt,M,2026-08-21
SYN_I02696,SYN_V4_shirt,M,2026-08-22
SYN_I02697,SYN_V1_kurti,M,2026-07-26
SYN_I02698,SYN_V2_kurti,M,2026-07-27
SYN_I02699,SYN_V3_shirt,M,2026-07-28
SYN_I02700,SYN_V4_shirt,M,2026-07-29
SYN_I02701,SYN_V1_kurti,M,2026-07-30
SYN_I02702,SYN_V2_kurti,M,2026-07-31
SYN_I02703,SYN_V3_shirt,M,2026-08-01
SYN_I02704,SYN_V4_shirt,M,2026-08-02
SYN_I02705,SYN_V1_kurti,M,2026-08-03
SYN_I02706,SYN_V2_kurti,M,2026-08-04
SYN_I02707,SYN_V3_shirt,M,2026-08-05
SYN_I02708,SYN_V4_shirt,M,2026-08-06
SYN_I02709,SYN_V1_kurti,M,2026-08-07
SYN_I02710,SYN_V2_kurti,M,2026-08-08
SYN_I02711,SYN_V3_shirt,M,2026-08-09
SYN_I02712,SYN_V4_shirt,M,2026-08-10
SYN_I02713,SYN_V1_kurti,M,2026-08-11
SYN_I02714,SYN_V2_kurti,M,2026-08-12
SYN_I02715,SYN_V3_shirt,M,2026-08-13
SYN_I02716,SYN_V4_shirt,M,2026-08-14
SYN_I02717,SYN_V1_kurti,M,2026-08-15
SYN_I02718,SYN_V2_kurti,M,2026-08-16
SYN_I02719,SYN_V3_shirt,M,2026-08-17
SYN_I02720,SYN_V4_shirt,M,2026-08-18
SYN_I02721,SYN_V1_kurti,M,2026-08-19
SYN_I02722,SYN_V2_kurti,M,2026-08-20
SYN_I02723,SYN_V3_shirt,M,2026-08-21
SYN_I02724,SYN_V4_shirt,M,2026-08-22
SYN_I02725,SYN_V1_kurti,M,2026-07-26
SYN_I02726,SYN_V2_kurti,M,2026-07-27
SYN_I02727,SYN_V3_shirt,M,2026-07-28
SYN_I02728,SYN_V4_shirt,M,2026-07-29
SYN_I02729,SYN_V1_kurti,M,2026-07-30
SYN_I02730,SYN_V2_kurti,M,2026-07-31
SYN_I02731,SYN_V3_shirt,M,2026-08-01
SYN_I02732,SYN_V4_shirt,M,2026-08-02
SYN_I02733,SYN_V1_kurti,M,2026-08-03
SYN_I02734,SYN_V2_kurti,M,2026-08-04
SYN_I02735,SYN_V3_shirt,M,2026-08-05
SYN_I02736,SYN_V4_shirt,M,2026-08-06
SYN_I02737,SYN_V1_kurti,M,2026-08-07
SYN_I02738,SYN_V2_kurti,M,2026-08-08
SYN_I02739,SYN_V3_shirt,M,2026-08-09
SYN_I02740,SYN_V4_shirt,M,2026-08-10
SYN_I02741,SYN_V1_kurti,M,2026-08-11
SYN_I02742,SYN_V2_kurti,M,2026-08-12
SYN_I02743,SYN_V3_shirt,M,2026-08-13
SYN_I02744,SYN_V4_shirt,M,2026-08-14
SYN_I02745,SYN_V1_kurti,M,2026-08-15
SYN_I02746,SYN_V2_kurti,M,2026-08-16
SYN_I02747,SYN_V3_shirt,M,2026-08-17
SYN_I02748,SYN_V4_shirt,M,2026-08-18
SYN_I02749,SYN_V1_kurti,M,2026-08-19
SYN_I02750,SYN_V2_kurti,M,2026-08-20
SYN_I02751,SYN_V3_shirt,M,2026-08-21
SYN_I02752,SYN_V4_shirt,M,2026-08-22
SYN_I02753,SYN_V1_kurti,M,2026-07-26
SYN_I02754,SYN_V2_kurti,M,2026-07-27
SYN_I02755,SYN_V3_shirt,M,2026-07-28
SYN_I02756,SYN_V4_shirt,M,2026-07-29
SYN_I02757,SYN_V1_kurti,M,2026-07-30
SYN_I02758,SYN_V2_kurti,M,2026-07-31
SYN_I02759,SYN_V3_shirt,M,2026-08-01
SYN_I02760,SYN_V4_shirt,M,2026-08-02
SYN_I02761,SYN_V1_kurti,M,2026-08-03
SYN_I02762,SYN_V2_kurti,M,2026-08-04
SYN_I02763,SYN_V3_shirt,M,2026-08-05
SYN_I02764,SYN_V4_shirt,M,2026-08-06
SYN_I02765,SYN_V1_kurti,M,2026-08-07
SYN_I02766,SYN_V2_kurti,M,2026-08-08
SYN_I02767,SYN_V3_shirt,M,2026-08-09
SYN_I02768,SYN_V4_shirt,M,2026-08-10
SYN_I02769,SYN_V1_kurti,M,2026-08-11
SYN_I02770,SYN_V2_kurti,M,2026-08-12
SYN_I02771,SYN_V3_shirt,M,2026-08-13
SYN_I02772,SYN_V4_shirt,M,2026-08-14
SYN_I02773,SYN_V1_kurti,M,2026-08-15
SYN_I02774,SYN_V2_kurti,M,2026-08-16
SYN_I02775,SYN_V3_shirt,M,2026-08-17
SYN_I02776,SYN_V4_shirt,M,2026-08-18
SYN_I02777,SYN_V1_kurti,M,2026-08-19
SYN_I02778,SYN_V2_kurti,M,2026-08-20
SYN_I02779,SYN_V3_shirt,M,2026-08-21
SYN_I02780,SYN_V4_shirt,M,2026-08-22
SYN_I02781,SYN_V1_kurti,M,2026-07-26
SYN_I02782,SYN_V2_kurti,M,2026-07-27
SYN_I02783,SYN_V3_shirt,M,2026-07-28
SYN_I02784,SYN_V4_shirt,M,2026-07-29
SYN_I02785,SYN_V1_kurti,M,2026-07-30
SYN_I02786,SYN_V2_kurti,M,2026-07-31
SYN_I02787,SYN_V3_shirt,M,2026-08-01
SYN_I02788,SYN_V4_shirt,M,2026-08-02
SYN_I02789,SYN_V1_kurti,M,2026-08-03
SYN_I02790,SYN_V2_kurti,M,2026-08-04
SYN_I02791,SYN_V3_shirt,M,2026-08-05
SYN_I02792,SYN_V4_shirt,M,2026-08-06
SYN_I02793,SYN_V1_kurti,M,2026-08-07
SYN_I02794,SYN_V2_kurti,M,2026-08-08
SYN_I02795,SYN_V3_shirt,M,2026-08-09
SYN_I02796,SYN_V4_shirt,M,2026-08-10
SYN_I02797,SYN_V1_kurti,M,2026-08-11
SYN_I02798,SYN_V2_kurti,M,2026-08-12
SYN_I02799,SYN_V3_shirt,M,2026-08-13
SYN_I02800,SYN_V4_shirt,M,2026-08-14
SYN_I02801,SYN_V1_kurti,M,2026-08-15
SYN_I02802,SYN_V2_kurti,M,2026-08-16
SYN_I02803,SYN_V3_shirt,M,2026-08-17
SYN_I02804,SYN_V4_shirt,M,2026-08-18
SYN_I02805,SYN_V1_kurti,M,2026-08-19
SYN_I02806,SYN_V2_kurti,M,2026-08-20
SYN_I02807,SYN_V3_shirt,M,2026-08-21
SYN_I02808,SYN_V4_shirt,M,2026-08-22
SYN_I02809,SYN_V1_kurti,M,2026-07-26
SYN_I02810,SYN_V2_kurti,M,2026-07-27
SYN_I02811,SYN_V3_shirt,M,2026-07-28
SYN_I02812,SYN_V4_shirt,M,2026-07-29
SYN_I02813,SYN_V1_kurti,M,2026-07-30
SYN_I02814,SYN_V2_kurti,M,2026-07-31
SYN_I02815,SYN_V3_shirt,M,2026-08-01
SYN_I02816,SYN_V4_shirt,M,2026-08-02
SYN_I02817,SYN_V1_kurti,M,2026-08-03
SYN_I02818,SYN_V2_kurti,M,2026-08-04
SYN_I02819,SYN_V3_shirt,M,2026-08-05
SYN_I02820,SYN_V4_shirt,M,2026-08-06
SYN_I02821,SYN_V1_kurti,M,2026-08-07
SYN_I02822,SYN_V2_kurti,M,2026-08-08
SYN_I02823,SYN_V3_shirt,M,2026-08-09
SYN_I02824,SYN_V4_shirt,M,2026-08-10
SYN_I02825,SYN_V1_kurti,M,2026-08-11
SYN_I02826,SYN_V2_kurti,M,2026-08-12
SYN_I02827,SYN_V3_shirt,M,2026-08-13
SYN_I02828,SYN_V4_shirt,M,2026-08-14
SYN_I02829,SYN_V1_kurti,M,2026-08-15
SYN_I02830,SYN_V2_kurti,M,2026-08-16
SYN_I02831,SYN_V3_shirt,M,2026-08-17
SYN_I02832,SYN_V4_shirt,M,2026-08-18
SYN_I02833,SYN_V1_kurti,M,2026-08-19
SYN_I02834,SYN_V2_kurti,M,2026-08-20
SYN_I02835,SYN_V3_shirt,M,2026-08-21
SYN_I02836,SYN_V4_shirt,M,2026-08-22
SYN_I02837,SYN_V1_kurti,M,2026-07-26
SYN_I02838,SYN_V2_kurti,M,2026-07-27
SYN_I02839,SYN_V3_shirt,M,2026-07-28
SYN_I02840,SYN_V4_shirt,M,2026-07-29
SYN_I02841,SYN_V1_kurti,M,2026-07-30
SYN_I02842,SYN_V2_kurti,M,2026-07-31
SYN_I02843,SYN_V3_shirt,M,2026-08-01
SYN_I02844,SYN_V4_shirt,M,2026-08-02
SYN_I02845,SYN_V1_kurti,M,2026-08-03
SYN_I02846,SYN_V2_kurti,M,2026-08-04
SYN_I02847,SYN_V3_shirt,M,2026-08-05
SYN_I02848,SYN_V4_shirt,M,2026-08-06
SYN_I02849,SYN_V1_kurti,M,2026-08-07
SYN_I02850,SYN_V2_kurti,M,2026-08-08
SYN_I02851,SYN_V3_shirt,M,2026-08-09
SYN_I02852,SYN_V4_shirt,M,2026-08-10
SYN_I02853,SYN_V1_kurti,M,2026-08-11
SYN_I02854,SYN_V2_kurti,M,2026-08-12
SYN_I02855,SYN_V3_shirt,M,2026-08-13
SYN_I02856,SYN_V4_shirt,M,2026-08-14
SYN_I02857,SYN_V1_kurti,M,2026-08-15
SYN_I02858,SYN_V2_kurti,M,2026-08-16
SYN_I02859,SYN_V3_shirt,M,2026-08-17
SYN_I02860,SYN_V4_shirt,M,2026-08-18
SYN_I02861,SYN_V1_kurti,M,2026-08-19
SYN_I02862,SYN_V2_kurti,M,2026-08-20
SYN_I02863,SYN_V3_shirt,M,2026-08-21
SYN_I02864,SYN_V4_shirt,M,2026-08-22
SYN_I02865,SYN_V1_kurti,M,2026-07-26
SYN_I02866,SYN_V2_kurti,M,2026-07-27
SYN_I02867,SYN_V3_shirt,M,2026-07-28
SYN_I02868,SYN_V4_shirt,M,2026-07-29
SYN_I02869,SYN_V1_kurti,M,2026-07-30
SYN_I02870,SYN_V2_kurti,M,2026-07-31
SYN_I02871,SYN_V3_shirt,M,2026-08-01
SYN_I02872,SYN_V4_shirt,M,2026-08-02
SYN_I02873,SYN_V1_kurti,M,2026-08-03
SYN_I02874,SYN_V2_kurti,M,2026-08-04
SYN_I02875,SYN_V3_shirt,M,2026-08-05
SYN_I02876,SYN_V4_shirt,M,2026-08-06
SYN_I02877,SYN_V1_kurti,M,2026-08-07
SYN_I02878,SYN_V2_kurti,M,2026-08-08
SYN_I02879,SYN_V3_shirt,M,2026-08-09
SYN_I02880,SYN_V4_shirt,M,2026-08-10
SYN_I02881,SYN_V1_kurti,M,2026-08-11
SYN_I02882,SYN_V2_kurti,M,2026-08-12
SYN_I02883,SYN_V3_shirt,M,2026-08-13
SYN_I02884,SYN_V4_shirt,M,2026-08-14
SYN_I02885,SYN_V1_kurti,M,2026-08-15
SYN_I02886,SYN_V2_kurti,M,2026-08-16
SYN_I02887,SYN_V3_shirt,M,2026-08-17
SYN_I02888,SYN_V4_shirt,M,2026-08-18
SYN_I02889,SYN_V1_kurti,M,2026-08-19
SYN_I02890,SYN_V2_kurti,M,2026-08-20
SYN_I02891,SYN_V3_shirt,M,2026-08-21
SYN_I02892,SYN_V4_shirt,M,2026-08-22
SYN_I02893,SYN_V1_kurti,M,2026-07-26
SYN_I02894,SYN_V2_kurti,M,2026-07-27
SYN_I02895,SYN_V3_shirt,M,2026-07-28
SYN_I02896,SYN_V4_shirt,M,2026-07-29
SYN_I02897,SYN_V1_kurti,M,2026-07-30
SYN_I02898,SYN_V2_kurti,M,2026-07-31
SYN_I02899,SYN_V3_shirt,M,2026-08-01
SYN_I02900,SYN_V4_shirt,M,2026-08-02
SYN_I02901,SYN_V1_kurti,M,2026-08-03
SYN_I02902,SYN_V2_kurti,M,2026-08-04
SYN_I02903,SYN_V3_shirt,M,2026-08-05
SYN_I02904,SYN_V4_shirt,M,2026-08-06
SYN_I02905,SYN_V1_kurti,M,2026-08-07
SYN_I02906,SYN_V2_kurti,M,2026-08-08
SYN_I02907,SYN_V3_shirt,M,2026-08-09
SYN_I02908,SYN_V4_shirt,M,2026-08-10
SYN_I02909,SYN_V1_kurti,M,2026-08-11
SYN_I02910,SYN_V2_kurti,M,2026-08-12
SYN_I02911,SYN_V3_shirt,M,2026-08-13
SYN_I02912,SYN_V4_shirt,M,2026-08-14
SYN_I02913,SYN_V1_kurti,M,2026-08-15
SYN_I02914,SYN_V2_kurti,M,2026-08-16
SYN_I02915,SYN_V3_shirt,M,2026-08-17
SYN_I02916,SYN_V4_shirt,M,2026-08-18
SYN_I02917,SYN_V1_kurti,M,2026-08-19
SYN_I02918,SYN_V2_kurti,M,2026-08-20
SYN_I02919,SYN_V3_shirt,M,2026-08-21
SYN_I02920,SYN_V4_shirt,M,2026-08-22
SYN_I02921,SYN_V1_kurti,M,2026-07-26
SYN_I02922,SYN_V2_kurti,M,2026-07-27
SYN_I02923,SYN_V3_shirt,M,2026-07-28
SYN_I02924,SYN_V4_shirt,M,2026-07-29
SYN_I02925,SYN_V1_kurti,M,2026-07-30
SYN_I02926,SYN_V2_kurti,M,2026-07-31
SYN_I02927,SYN_V3_shirt,M,2026-08-01
SYN_I02928,SYN_V4_shirt,M,2026-08-02
SYN_I02929,SYN_V1_kurti,M,2026-08-03
SYN_I02930,SYN_V2_kurti,M,2026-08-04
SYN_I02931,SYN_V3_shirt,M,2026-08-05
SYN_I02932,SYN_V4_shirt,M,2026-08-06
SYN_I02933,SYN_V1_kurti,M,2026-08-07
SYN_I02934,SYN_V2_kurti,M,2026-08-08
SYN_I02935,SYN_V3_shirt,M,2026-08-09
SYN_I02936,SYN_V4_shirt,M,2026-08-10
SYN_I02937,SYN_V1_kurti,M,2026-08-11
SYN_I02938,SYN_V2_kurti,M,2026-08-12
SYN_I02939,SYN_V3_shirt,M,2026-08-13
SYN_I02940,SYN_V4_shirt,M,2026-08-14
SYN_I02941,SYN_V1_kurti,M,2026-08-15
SYN_I02942,SYN_V2_kurti,M,2026-08-16
SYN_I02943,SYN_V3_shirt,M,2026-08-17
SYN_I02944,SYN_V4_shirt,M,2026-08-18
SYN_I02945,SYN_V1_kurti,M,2026-08-19
SYN_I02946,SYN_V2_kurti,M,2026-08-20
SYN_I02947,SYN_V3_shirt,M,2026-08-21
SYN_I02948,SYN_V4_shirt,M,2026-08-22
SYN_I02949,SYN_V1_kurti,M,2026-07-26
SYN_I02950,SYN_V2_kurti,M,2026-07-27
SYN_I02951,SYN_V3_shirt,M,2026-07-28
SYN_I02952,SYN_V4_shirt,M,2026-07-29
SYN_I02953,SYN_V1_kurti,M,2026-07-30
SYN_I02954,SYN_V2_kurti,M,2026-07-31
SYN_I02955,SYN_V3_shirt,M,2026-08-01
SYN_I02956,SYN_V4_shirt,M,2026-08-02
SYN_I02957,SYN_V1_kurti,M,2026-08-03
SYN_I02958,SYN_V2_kurti,M,2026-08-04
SYN_I02959,SYN_V3_shirt,M,2026-08-05
SYN_I02960,SYN_V4_shirt,M,2026-08-06
SYN_I02961,SYN_V1_kurti,M,2026-08-07
SYN_I02962,SYN_V2_kurti,M,2026-08-08
SYN_I02963,SYN_V3_shirt,M,2026-08-09
SYN_I02964,SYN_V4_shirt,M,2026-08-10
SYN_I02965,SYN_V1_kurti,M,2026-08-11
SYN_I02966,SYN_V2_kurti,M,2026-08-12
SYN_I02967,SYN_V3_shirt,M,2026-08-13
SYN_I02968,SYN_V4_shirt,M,2026-08-14
SYN_I02969,SYN_V1_kurti,M,2026-08-15
SYN_I02970,SYN_V2_kurti,M,2026-08-16
SYN_I02971,SYN_V3_shirt,M,2026-08-17
SYN_I02972,SYN_V4_shirt,M,2026-08-18
SYN_I02973,SYN_V1_kurti,M,2026-08-19
SYN_I02974,SYN_V2_kurti,M,2026-08-20
SYN_I02975,SYN_V3_shirt,M,2026-08-21
SYN_I02976,SYN_V4_shirt,M,2026-08-22
SYN_I02977,SYN_V1_kurti,M,2026-07-26
SYN_I02978,SYN_V2_kurti,M,2026-07-27
SYN_I02979,SYN_V3_shirt,M,2026-07-28
SYN_I02980,SYN_V4_shirt,M,2026-07-29
SYN_I02981,SYN_V1_kurti,M,2026-07-30
SYN_I02982,SYN_V2_kurti,M,2026-07-31
SYN_I02983,SYN_V3_shirt,M,2026-08-01
SYN_I02984,SYN_V4_shirt,M,2026-08-02
SYN_I02985,SYN_V1_kurti,M,2026-08-03
SYN_I02986,SYN_V2_kurti,M,2026-08-04
SYN_I02987,SYN_V3_shirt,M,2026-08-05
SYN_I02988,SYN_V4_shirt,M,2026-08-06
SYN_I02989,SYN_V1_kurti,M,2026-08-07
SYN_I02990,SYN_V2_kurti,M,2026-08-08
SYN_I02991,SYN_V3_shirt,M,2026-08-09
SYN_I02992,SYN_V4_shirt,M,2026-08-10
SYN_I02993,SYN_V1_kurti,M,2026-08-11
SYN_I02994,SYN_V2_kurti,M,2026-08-12
SYN_I02995,SYN_V3_shirt,M,2026-08-13
SYN_I02996,SYN_V4_shirt,M,2026-08-14
SYN_I02997,SYN_V1_kurti,M,2026-08-15
SYN_I02998,SYN_V2_kurti,M,2026-08-16
SYN_I02999,SYN_V3_shirt,M,2026-08-17
SYN_I03000,SYN_V4_shirt,M,2026-08-18
SYN_I03001,SYN_V1_kurti,M,2026-08-19
SYN_I03002,SYN_V2_kurti,M,2026-08-20
SYN_I03003,SYN_V3_shirt,M,2026-08-21
SYN_I03004,SYN_V4_shirt,M,2026-08-22
SYN_I03005,SYN_V1_kurti,M,2026-07-26
SYN_I03006,SYN_V2_kurti,M,2026-07-27
SYN_I03007,SYN_V3_shirt,M,2026-07-28
SYN_I03008,SYN_V4_shirt,M,2026-07-29
SYN_I03009,SYN_V1_kurti,M,2026-07-30
SYN_I03010,SYN_V2_kurti,M,2026-07-31
SYN_I03011,SYN_V3_shirt,M,2026-08-01
SYN_I03012,SYN_V4_shirt,M,2026-08-02
SYN_I03013,SYN_V1_kurti,M,2026-08-03
SYN_I03014,SYN_V2_kurti,M,2026-08-04
SYN_I03015,SYN_V3_shirt,M,2026-08-05
SYN_I03016,SYN_V4_shirt,M,2026-08-06
SYN_I03017,SYN_V1_kurti,M,2026-08-07
SYN_I03018,SYN_V2_kurti,M,2026-08-08
SYN_I03019,SYN_V3_shirt,M,2026-08-09
SYN_I03020,SYN_V4_shirt,M,2026-08-10
SYN_I03021,SYN_V1_kurti,M,2026-08-11
SYN_I03022,SYN_V2_kurti,M,2026-08-12
SYN_I03023,SYN_V3_shirt,M,2026-08-13
SYN_I03024,SYN_V4_shirt,M,2026-08-14
SYN_I03025,SYN_V1_kurti,M,2026-08-15
SYN_I03026,SYN_V2_kurti,M,2026-08-16
SYN_I03027,SYN_V3_shirt,M,2026-08-17
SYN_I03028,SYN_V4_shirt,M,2026-08-18
SYN_I03029,SYN_V1_kurti,M,2026-08-19
SYN_I03030,SYN_V2_kurti,M,2026-08-20
SYN_I03031,SYN_V3_shirt,M,2026-08-21
SYN_I03032,SYN_V4_shirt,M,2026-08-22
SYN_I03033,SYN_V1_kurti,M,2026-07-26
SYN_I03034,SYN_V2_kurti,M,2026-07-27
SYN_I03035,SYN_V3_shirt,M,2026-07-28
SYN_I03036,SYN_V4_shirt,M,2026-07-29
SYN_I03037,SYN_V1_kurti,M,2026-07-30
SYN_I03038,SYN_V2_kurti,M,2026-07-31
SYN_I03039,SYN_V3_shirt,M,2026-08-01
SYN_I03040,SYN_V4_shirt,M,2026-08-02
SYN_I03041,SYN_V1_kurti,M,2026-08-03
SYN_I03042,SYN_V2_kurti,M,2026-08-04
SYN_I03043,SYN_V3_shirt,M,2026-08-05
SYN_I03044,SYN_V4_shirt,M,2026-08-06
SYN_I03045,SYN_V1_kurti,M,2026-08-07
SYN_I03046,SYN_V2_kurti,M,2026-08-08
SYN_I03047,SYN_V3_shirt,M,2026-08-09
SYN_I03048,SYN_V4_shirt,M,2026-08-10
SYN_I03049,SYN_V1_kurti,M,2026-08-11
SYN_I03050,SYN_V2_kurti,M,2026-08-12
SYN_I03051,SYN_V3_shirt,M,2026-08-13
SYN_I03052,SYN_V4_shirt,M,2026-08-14
SYN_I03053,SYN_V1_kurti,M,2026-08-15
SYN_I03054,SYN_V2_kurti,M,2026-08-16
SYN_I03055,SYN_V3_shirt,M,2026-08-17
SYN_I03056,SYN_V4_shirt,M,2026-08-18
SYN_I03057,SYN_V1_kurti,M,2026-08-19
SYN_I03058,SYN_V2_kurti,M,2026-08-20
SYN_I03059,SYN_V3_shirt,M,2026-08-21
SYN_I03060,SYN_V4_shirt,M,2026-08-22
SYN_I03061,SYN_V1_kurti,M,2026-07-26
SYN_I03062,SYN_V2_kurti,M,2026-07-27
SYN_I03063,SYN_V3_shirt,M,2026-07-28
SYN_I03064,SYN_V4_shirt,M,2026-07-29
SYN_I03065,SYN_V1_kurti,M,2026-07-30
SYN_I03066,SYN_V2_kurti,M,2026-07-31
SYN_I03067,SYN_V3_shirt,M,2026-08-01
SYN_I03068,SYN_V4_shirt,M,2026-08-02
SYN_I03069,SYN_V1_kurti,M,2026-08-03
SYN_I03070,SYN_V2_kurti,M,2026-08-04
SYN_I03071,SYN_V3_shirt,M,2026-08-05
SYN_I03072,SYN_V4_shirt,M,2026-08-06
SYN_I03073,SYN_V1_kurti,M,2026-08-07
SYN_I03074,SYN_V2_kurti,M,2026-08-08
SYN_I03075,SYN_V3_shirt,M,2026-08-09
SYN_I03076,SYN_V4_shirt,M,2026-08-10
SYN_I03077,SYN_V1_kurti,M,2026-08-11
SYN_I03078,SYN_V2_kurti,M,2026-08-12
SYN_I03079,SYN_V3_shirt,M,2026-08-13
SYN_I03080,SYN_V4_shirt,M,2026-08-14
SYN_I03081,SYN_V1_kurti,M,2026-08-15
SYN_I03082,SYN_V2_kurti,M,2026-08-16
SYN_I03083,SYN_V3_shirt,M,2026-08-17
SYN_I03084,SYN_V4_shirt,M,2026-08-18
SYN_I03085,SYN_V1_kurti,M,2026-08-19
SYN_I03086,SYN_V2_kurti,M,2026-08-20
SYN_I03087,SYN_V3_shirt,M,2026-08-21
SYN_I03088,SYN_V4_shirt,M,2026-08-22
SYN_I03089,SYN_V1_kurti,M,2026-07-26
SYN_I03090,SYN_V2_kurti,M,2026-07-27
SYN_I03091,SYN_V3_shirt,M,2026-07-28
SYN_I03092,SYN_V4_shirt,M,2026-07-29
SYN_I03093,SYN_V1_kurti,M,2026-07-30
SYN_I03094,SYN_V2_kurti,M,2026-07-31
SYN_I03095,SYN_V3_shirt,M,2026-08-01
SYN_I03096,SYN_V4_shirt,M,2026-08-02
SYN_I03097,SYN_V1_kurti,M,2026-08-03
SYN_I03098,SYN_V2_kurti,M,2026-08-04
SYN_I03099,SYN_V3_shirt,M,2026-08-05
SYN_I03100,SYN_V4_shirt,M,2026-08-06
SYN_I03101,SYN_V1_kurti,M,2026-08-07
SYN_I03102,SYN_V2_kurti,M,2026-08-08
SYN_I03103,SYN_V3_shirt,M,2026-08-09
SYN_I03104,SYN_V4_shirt,M,2026-08-10
SYN_I03105,SYN_V1_kurti,M,2026-08-11
SYN_I03106,SYN_V2_kurti,M,2026-08-12
SYN_I03107,SYN_V3_shirt,M,2026-08-13
SYN_I03108,SYN_V4_shirt,M,2026-08-14
SYN_I03109,SYN_V1_kurti,M,2026-08-15
SYN_I03110,SYN_V2_kurti,M,2026-08-16
SYN_I03111,SYN_V3_shirt,M,2026-08-17
SYN_I03112,SYN_V4_shirt,M,2026-08-18
SYN_I03113,SYN_V1_kurti,M,2026-08-19
SYN_I03114,SYN_V2_kurti,M,2026-08-20
SYN_I03115,SYN_V3_shirt,M,2026-08-21
SYN_I03116,SYN_V4_shirt,M,2026-08-22
SYN_I03117,SYN_V1_kurti,M,2026-07-26
SYN_I03118,SYN_V2_kurti,M,2026-07-27
SYN_I03119,SYN_V3_shirt,M,2026-07-28
SYN_I03120,SYN_V4_shirt,M,2026-07-29
SYN_I03121,SYN_V1_kurti,M,2026-07-30
SYN_I03122,SYN_V2_kurti,M,2026-07-31
SYN_I03123,SYN_V3_shirt,M,2026-08-01
SYN_I03124,SYN_V4_shirt,M,2026-08-02
SYN_I03125,SYN_V1_kurti,M,2026-08-03
SYN_I03126,SYN_V2_kurti,M,2026-08-04
SYN_I03127,SYN_V3_shirt,M,2026-08-05
SYN_I03128,SYN_V4_shirt,M,2026-08-06
SYN_I03129,SYN_V1_kurti,M,2026-08-07
SYN_I03130,SYN_V2_kurti,M,2026-08-08
SYN_I03131,SYN_V3_shirt,M,2026-08-09
SYN_I03132,SYN_V4_shirt,M,2026-08-10
SYN_I03133,SYN_V1_kurti,M,2026-08-11
SYN_I03134,SYN_V2_kurti,M,2026-08-12
SYN_I03135,SYN_V3_shirt,M,2026-08-13
SYN_I03136,SYN_V4_shirt,M,2026-08-14
SYN_I03137,SYN_V1_kurti,M,2026-08-15
SYN_I03138,SYN_V2_kurti,M,2026-08-16
SYN_I03139,SYN_V3_shirt,M,2026-08-17
SYN_I03140,SYN_V4_shirt,M,2026-08-18
SYN_I03141,SYN_V1_kurti,M,2026-08-19
SYN_I03142,SYN_V2_kurti,M,2026-08-20
SYN_I03143,SYN_V3_shirt,M,2026-08-21
SYN_I03144,SYN_V4_shirt,M,2026-08-22
SYN_I03145,SYN_V1_kurti,M,2026-07-26
SYN_I03146,SYN_V2_kurti,M,2026-07-27
SYN_I03147,SYN_V3_shirt,M,2026-07-28
SYN_I03148,SYN_V4_shirt,M,2026-07-29
SYN_I03149,SYN_V1_kurti,M,2026-07-30
SYN_I03150,SYN_V2_kurti,M,2026-07-31
SYN_I03151,SYN_V3_shirt,M,2026-08-01
SYN_I03152,SYN_V4_shirt,M,2026-08-02
SYN_I03153,SYN_V1_kurti,M,2026-08-03
SYN_I03154,SYN_V2_kurti,M,2026-08-04
SYN_I03155,SYN_V3_shirt,M,2026-08-05
SYN_I03156,SYN_V4_shirt,M,2026-08-06
SYN_I03157,SYN_V1_kurti,M,2026-08-07
SYN_I03158,SYN_V2_kurti,M,2026-08-08
SYN_I03159,SYN_V3_shirt,M,2026-08-09
SYN_I03160,SYN_V4_shirt,M,2026-08-10
SYN_I03161,SYN_V1_kurti,M,2026-08-11
SYN_I03162,SYN_V2_kurti,M,2026-08-12
SYN_I03163,SYN_V3_shirt,M,2026-08-13
SYN_I03164,SYN_V4_shirt,M,2026-08-14
SYN_I03165,SYN_V1_kurti,M,2026-08-15
SYN_I03166,SYN_V2_kurti,M,2026-08-16
SYN_I03167,SYN_V3_shirt,M,2026-08-17
SYN_I03168,SYN_V4_shirt,M,2026-08-18
SYN_I03169,SYN_V1_kurti,M,2026-08-19
SYN_I03170,SYN_V2_kurti,M,2026-08-20
SYN_I03171,SYN_V3_shirt,M,2026-08-21
SYN_I03172,SYN_V4_shirt,M,2026-08-22
SYN_I03173,SYN_V1_kurti,M,2026-07-26
SYN_I03174,SYN_V2_kurti,M,2026-07-27
SYN_I03175,SYN_V3_shirt,M,2026-07-28
SYN_I03176,SYN_V4_shirt,M,2026-07-29
SYN_I03177,SYN_V1_kurti,M,2026-07-30
SYN_I03178,SYN_V2_kurti,M,2026-07-31
SYN_I03179,SYN_V3_shirt,M,2026-08-01
SYN_I03180,SYN_V4_shirt,M,2026-08-02
SYN_I03181,SYN_V1_kurti,M,2026-08-03
SYN_I03182,SYN_V2_kurti,M,2026-08-04
SYN_I03183,SYN_V3_shirt,M,2026-08-05
SYN_I03184,SYN_V4_shirt,M,2026-08-06
SYN_I03185,SYN_V1_kurti,M,2026-08-07
SYN_I03186,SYN_V2_kurti,M,2026-08-08
SYN_I03187,SYN_V3_shirt,M,2026-08-09
SYN_I03188,SYN_V4_shirt,M,2026-08-10
SYN_I03189,SYN_V1_kurti,M,2026-08-11
SYN_I03190,SYN_V2_kurti,M,2026-08-12
SYN_I03191,SYN_V3_shirt,M,2026-08-13
SYN_I03192,SYN_V4_shirt,M,2026-08-14
SYN_I03193,SYN_V1_kurti,M,2026-08-15
SYN_I03194,SYN_V2_kurti,M,2026-08-16
SYN_I03195,SYN_V3_shirt,M,2026-08-17
SYN_I03196,SYN_V4_shirt,M,2026-08-18
SYN_I03197,SYN_V1_kurti,M,2026-08-19
SYN_I03198,SYN_V2_kurti,M,2026-08-20
SYN_I03199,SYN_V3_shirt,M,2026-08-21
SYN_I03200,SYN_V4_shirt,M,2026-08-22
SYN_I03201,SYN_V1_kurti,M,2026-07-26
SYN_I03202,SYN_V2_kurti,M,2026-07-27
SYN_I03203,SYN_V3_shirt,M,2026-07-28
SYN_I03204,SYN_V4_shirt,M,2026-07-29
SYN_I03205,SYN_V1_kurti,M,2026-07-30
SYN_I03206,SYN_V2_kurti,M,2026-07-31
SYN_I03207,SYN_V3_shirt,M,2026-08-01
SYN_I03208,SYN_V4_shirt,M,2026-08-02
SYN_I03209,SYN_V1_kurti,M,2026-08-03
SYN_I03210,SYN_V2_kurti,M,2026-08-04
SYN_I03211,SYN_V3_shirt,M,2026-08-05
SYN_I03212,SYN_V4_shirt,M,2026-08-06
SYN_I03213,SYN_V1_kurti,M,2026-08-07
SYN_I03214,SYN_V2_kurti,M,2026-08-08
SYN_I03215,SYN_V3_shirt,M,2026-08-09
SYN_I03216,SYN_V4_shirt,M,2026-08-10
SYN_I03217,SYN_V1_kurti,M,2026-08-11
SYN_I03218,SYN_V2_kurti,M,2026-08-12
SYN_I03219,SYN_V3_shirt,M,2026-08-13
SYN_I03220,SYN_V4_shirt,M,2026-08-14
SYN_I03221,SYN_V1_kurti,M,2026-08-15
SYN_I03222,SYN_V2_kurti,M,2026-08-16
SYN_I03223,SYN_V3_shirt,M,2026-08-17
SYN_I03224,SYN_V4_shirt,M,2026-08-18
SYN_I03225,SYN_V1_kurti,M,2026-08-19
SYN_I03226,SYN_V2_kurti,M,2026-08-20
SYN_I03227,SYN_V3_shirt,M,2026-08-21
SYN_I03228,SYN_V4_shirt,M,2026-08-22
SYN_I03229,SYN_V1_kurti,M,2026-07-26
SYN_I03230,SYN_V2_kurti,M,2026-07-27
SYN_I03231,SYN_V3_shirt,M,2026-07-28
SYN_I03232,SYN_V4_shirt,M,2026-07-29
SYN_I03233,SYN_V1_kurti,M,2026-07-30
SYN_I03234,SYN_V2_kurti,M,2026-07-31
SYN_I03235,SYN_V3_shirt,M,2026-08-01
SYN_I03236,SYN_V4_shirt,M,2026-08-02
SYN_I03237,SYN_V1_kurti,M,2026-08-03
SYN_I03238,SYN_V2_kurti,M,2026-08-04
SYN_I03239,SYN_V3_shirt,M,2026-08-05
SYN_I03240,SYN_V4_shirt,M,2026-08-06
SYN_I03241,SYN_V1_kurti,M,2026-08-07
SYN_I03242,SYN_V2_kurti,M,2026-08-08
SYN_I03243,SYN_V3_shirt,M,2026-08-09
SYN_I03244,SYN_V4_shirt,M,2026-08-10
SYN_I03245,SYN_V1_kurti,M,2026-08-11
SYN_I03246,SYN_V2_kurti,M,2026-08-12
SYN_I03247,SYN_V3_shirt,M,2026-08-13
SYN_I03248,SYN_V4_shirt,M,2026-08-14
SYN_I03249,SYN_V1_kurti,M,2026-08-15
SYN_I03250,SYN_V2_kurti,M,2026-08-16
SYN_I03251,SYN_V3_shirt,M,2026-08-17
SYN_I03252,SYN_V4_shirt,M,2026-08-18
SYN_I03253,SYN_V1_kurti,M,2026-08-19
SYN_I03254,SYN_V2_kurti,M,2026-08-20
SYN_I03255,SYN_V3_shirt,M,2026-08-21
SYN_I03256,SYN_V4_shirt,M,2026-08-22
SYN_I03257,SYN_V1_kurti,M,2026-07-26
SYN_I03258,SYN_V2_kurti,M,2026-07-27
SYN_I03259,SYN_V3_shirt,M,2026-07-28
SYN_I03260,SYN_V4_shirt,M,2026-07-29
SYN_I03261,SYN_V1_kurti,M,2026-07-30
SYN_I03262,SYN_V2_kurti,M,2026-07-31
SYN_I03263,SYN_V3_shirt,M,2026-08-01
SYN_I03264,SYN_V4_shirt,M,2026-08-02
SYN_I03265,SYN_V1_kurti,M,2026-08-03
SYN_I03266,SYN_V2_kurti,M,2026-08-04
SYN_I03267,SYN_V3_shirt,M,2026-08-05
SYN_I03268,SYN_V4_shirt,M,2026-08-06
SYN_I03269,SYN_V1_kurti,M,2026-08-07
SYN_I03270,SYN_V2_kurti,M,2026-08-08
SYN_I03271,SYN_V3_shirt,M,2026-08-09
SYN_I03272,SYN_V4_shirt,M,2026-08-10
SYN_I03273,SYN_V1_kurti,M,2026-08-11
SYN_I03274,SYN_V2_kurti,M,2026-08-12
SYN_I03275,SYN_V3_shirt,M,2026-08-13
SYN_I03276,SYN_V4_shirt,M,2026-08-14
SYN_I03277,SYN_V1_kurti,M,2026-08-15
SYN_I03278,SYN_V2_kurti,M,2026-08-16
SYN_I03279,SYN_V3_shirt,M,2026-08-17
SYN_I03280,SYN_V4_shirt,M,2026-08-18
SYN_I03281,SYN_V1_kurti,M,2026-08-19
SYN_I03282,SYN_V2_kurti,M,2026-08-20
SYN_I03283,SYN_V3_shirt,M,2026-08-21
SYN_I03284,SYN_V4_shirt,M,2026-08-22
SYN_I03285,SYN_V1_kurti,M,2026-07-26
SYN_I03286,SYN_V2_kurti,M,2026-07-27
SYN_I03287,SYN_V3_shirt,M,2026-07-28
SYN_I03288,SYN_V4_shirt,M,2026-07-29
SYN_I03289,SYN_V1_kurti,M,2026-07-30
SYN_I03290,SYN_V2_kurti,M,2026-07-31
SYN_I03291,SYN_V3_shirt,M,2026-08-01
SYN_I03292,SYN_V4_shirt,M,2026-08-02
SYN_I03293,SYN_V1_kurti,M,2026-08-03
SYN_I03294,SYN_V2_kurti,M,2026-08-04
SYN_I03295,SYN_V3_shirt,M,2026-08-05
SYN_I03296,SYN_V4_shirt,M,2026-08-06
SYN_I03297,SYN_V1_kurti,M,2026-08-07
SYN_I03298,SYN_V2_kurti,M,2026-08-08
SYN_I03299,SYN_V3_shirt,M,2026-08-09
SYN_I03300,SYN_V4_shirt,M,2026-08-10
SYN_I03301,SYN_V1_kurti,M,2026-08-11
SYN_I03302,SYN_V2_kurti,M,2026-08-12
SYN_I03303,SYN_V3_shirt,M,2026-08-13
SYN_I03304,SYN_V4_shirt,M,2026-08-14
SYN_I03305,SYN_V1_kurti,M,2026-08-15
SYN_I03306,SYN_V2_kurti,M,2026-08-16
SYN_I03307,SYN_V3_shirt,M,2026-08-17
SYN_I03308,SYN_V4_shirt,M,2026-08-18
SYN_I03309,SYN_V1_kurti,M,2026-08-19
SYN_I03310,SYN_V2_kurti,M,2026-08-20
SYN_I03311,SYN_V3_shirt,M,2026-08-21
SYN_I03312,SYN_V4_shirt,M,2026-08-22
SYN_I03313,SYN_V1_kurti,M,2026-07-26
SYN_I03314,SYN_V2_kurti,M,2026-07-27
SYN_I03315,SYN_V3_shirt,M,2026-07-28
SYN_I03316,SYN_V4_shirt,M,2026-07-29
SYN_I03317,SYN_V1_kurti,M,2026-07-30
SYN_I03318,SYN_V2_kurti,M,2026-07-31
SYN_I03319,SYN_V3_shirt,M,2026-08-01
SYN_I03320,SYN_V4_shirt,M,2026-08-02
SYN_I03321,SYN_V1_kurti,M,2026-08-03
SYN_I03322,SYN_V2_kurti,M,2026-08-04
SYN_I03323,SYN_V3_shirt,M,2026-08-05
SYN_I03324,SYN_V4_shirt,M,2026-08-06
SYN_I03325,SYN_V1_kurti,M,2026-08-07
SYN_I03326,SYN_V2_kurti,M,2026-08-08
SYN_I03327,SYN_V3_shirt,M,2026-08-09
SYN_I03328,SYN_V4_shirt,M,2026-08-10
SYN_I03329,SYN_V1_kurti,M,2026-08-11
SYN_I03330,SYN_V2_kurti,M,2026-08-12
SYN_I03331,SYN_V3_shirt,M,2026-08-13
SYN_I03332,SYN_V4_shirt,M,2026-08-14
SYN_I03333,SYN_V1_kurti,M,2026-08-15
SYN_I03334,SYN_V2_kurti,M,2026-08-16
SYN_I03335,SYN_V3_shirt,M,2026-08-17
SYN_I03336,SYN_V4_shirt,M,2026-08-18
SYN_I03337,SYN_V1_kurti,M,2026-08-19
SYN_I03338,SYN_V2_kurti,M,2026-08-20
SYN_I03339,SYN_V3_shirt,M,2026-08-21
SYN_I03340,SYN_V4_shirt,M,2026-08-22
SYN_I03341,SYN_V1_kurti,M,2026-07-26
SYN_I03342,SYN_V2_kurti,M,2026-07-27
SYN_I03343,SYN_V3_shirt,M,2026-07-28
SYN_I03344,SYN_V4_shirt,M,2026-07-29
SYN_I03345,SYN_V1_kurti,M,2026-07-30
SYN_I03346,SYN_V2_kurti,M,2026-07-31
SYN_I03347,SYN_V3_shirt,M,2026-08-01
SYN_I03348,SYN_V4_shirt,M,2026-08-02
SYN_I03349,SYN_V1_kurti,M,2026-08-03
SYN_I03350,SYN_V2_kurti,M,2026-08-04
SYN_I03351,SYN_V3_shirt,M,2026-08-05
SYN_I03352,SYN_V4_shirt,M,2026-08-06
SYN_I03353,SYN_V1_kurti,M,2026-08-07
SYN_I03354,SYN_V2_kurti,M,2026-08-08
SYN_I03355,SYN_V3_shirt,M,2026-08-09
SYN_I03356,SYN_V4_shirt,M,2026-08-10
SYN_I03357,SYN_V1_kurti,M,2026-08-11
SYN_I03358,SYN_V2_kurti,M,2026-08-12
SYN_I03359,SYN_V3_shirt,M,2026-08-13
SYN_I03360,SYN_V4_shirt,M,2026-08-14
SYN_I03361,SYN_V1_kurti,M,2026-08-15
SYN_I03362,SYN_V2_kurti,M,2026-08-16
SYN_I03363,SYN_V3_shirt,M,2026-08-17
SYN_I03364,SYN_V4_shirt,M,2026-08-18
SYN_I03365,SYN_V1_kurti,M,2026-08-19
SYN_I03366,SYN_V2_kurti,M,2026-08-20
SYN_I03367,SYN_V3_shirt,M,2026-08-21
SYN_I03368,SYN_V4_shirt,M,2026-08-22
SYN_I03369,SYN_V1_kurti,M,2026-07-26
SYN_I03370,SYN_V2_kurti,M,2026-07-27
SYN_I03371,SYN_V3_shirt,M,2026-07-28
SYN_I03372,SYN_V4_shirt,M,2026-07-29
SYN_I03373,SYN_V1_kurti,M,2026-07-30
SYN_I03374,SYN_V2_kurti,M,2026-07-31
SYN_I03375,SYN_V3_shirt,M,2026-08-01
SYN_I03376,SYN_V4_shirt,M,2026-08-02
SYN_I03377,SYN_V1_kurti,M,2026-08-03
SYN_I03378,SYN_V2_kurti,M,2026-08-04
SYN_I03379,SYN_V3_shirt,M,2026-08-05
SYN_I03380,SYN_V4_shirt,M,2026-08-06
SYN_I03381,SYN_V1_kurti,M,2026-08-07
SYN_I03382,SYN_V2_kurti,M,2026-08-08
SYN_I03383,SYN_V3_shirt,M,2026-08-09
SYN_I03384,SYN_V4_shirt,M,2026-08-10
SYN_I03385,SYN_V1_kurti,M,2026-08-11
SYN_I03386,SYN_V2_kurti,M,2026-08-12
SYN_I03387,SYN_V3_shirt,M,2026-08-13
SYN_I03388,SYN_V4_shirt,M,2026-08-14
SYN_I03389,SYN_V1_kurti,M,2026-08-15
SYN_I03390,SYN_V2_kurti,M,2026-08-16
SYN_I03391,SYN_V3_shirt,M,2026-08-17
SYN_I03392,SYN_V4_shirt,M,2026-08-18
SYN_I03393,SYN_V1_kurti,M,2026-08-19
SYN_I03394,SYN_V2_kurti,M,2026-08-20
SYN_I03395,SYN_V3_shirt,M,2026-08-21
SYN_I03396,SYN_V4_shirt,M,2026-08-22
SYN_I03397,SYN_V1_kurti,M,2026-07-26
SYN_I03398,SYN_V2_kurti,M,2026-07-27
SYN_I03399,SYN_V3_shirt,M,2026-07-28
SYN_I03400,SYN_V4_shirt,M,2026-07-29
SYN_I03401,SYN_V1_kurti,M,2026-07-30
SYN_I03402,SYN_V2_kurti,M,2026-07-31
SYN_I03403,SYN_V3_shirt,M,2026-08-01
SYN_I03404,SYN_V4_shirt,M,2026-08-02
SYN_I03405,SYN_V1_kurti,M,2026-08-03
SYN_I03406,SYN_V2_kurti,M,2026-08-04
SYN_I03407,SYN_V3_shirt,M,2026-08-05
SYN_I03408,SYN_V4_shirt,M,2026-08-06
SYN_I03409,SYN_V1_kurti,M,2026-08-07
SYN_I03410,SYN_V2_kurti,M,2026-08-08
SYN_I03411,SYN_V3_shirt,M,2026-08-09
SYN_I03412,SYN_V4_shirt,M,2026-08-10
SYN_I03413,SYN_V1_kurti,M,2026-08-11
SYN_I03414,SYN_V2_kurti,M,2026-08-12
SYN_I03415,SYN_V3_shirt,M,2026-08-13
SYN_I03416,SYN_V4_shirt,M,2026-08-14
SYN_I03417,SYN_V1_kurti,M,2026-08-15
SYN_I03418,SYN_V2_kurti,M,2026-08-16
SYN_I03419,SYN_V3_shirt,M,2026-08-17
SYN_I03420,SYN_V4_shirt,M,2026-08-18
SYN_I03421,SYN_V1_kurti,M,2026-08-19
SYN_I03422,SYN_V2_kurti,M,2026-08-20
SYN_I03423,SYN_V3_shirt,M,2026-08-21
SYN_I03424,SYN_V4_shirt,M,2026-08-22
SYN_I03425,SYN_V1_kurti,M,2026-07-26
SYN_I03426,SYN_V2_kurti,M,2026-07-27
SYN_I03427,SYN_V3_shirt,M,2026-07-28
SYN_I03428,SYN_V4_shirt,M,2026-07-29
SYN_I03429,SYN_V1_kurti,M,2026-07-30
SYN_I03430,SYN_V2_kurti,M,2026-07-31
SYN_I03431,SYN_V3_shirt,M,2026-08-01
SYN_I03432,SYN_V4_shirt,M,2026-08-02
SYN_I03433,SYN_V1_kurti,M,2026-08-03
SYN_I03434,SYN_V2_kurti,M,2026-08-04
SYN_I03435,SYN_V3_shirt,M,2026-08-05
SYN_I03436,SYN_V4_shirt,M,2026-08-06
SYN_I03437,SYN_V1_kurti,M,2026-08-07
SYN_I03438,SYN_V2_kurti,M,2026-08-08
SYN_I03439,SYN_V3_shirt,M,2026-08-09
SYN_I03440,SYN_V4_shirt,M,2026-08-10
SYN_I03441,SYN_V1_kurti,M,2026-08-11
SYN_I03442,SYN_V2_kurti,M,2026-08-12
SYN_I03443,SYN_V3_shirt,M,2026-08-13
SYN_I03444,SYN_V4_shirt,M,2026-08-14
SYN_I03445,SYN_V1_kurti,M,2026-08-15
SYN_I03446,SYN_V2_kurti,M,2026-08-16
SYN_I03447,SYN_V3_shirt,M,2026-08-17
SYN_I03448,SYN_V4_shirt,M,2026-08-18
SYN_I03449,SYN_V1_kurti,M,2026-08-19
SYN_I03450,SYN_V2_kurti,M,2026-08-20
SYN_I03451,SYN_V3_shirt,M,2026-08-21
SYN_I03452,SYN_V4_shirt,M,2026-08-22
SYN_I03453,SYN_V1_kurti,M,2026-07-26
SYN_I03454,SYN_V2_kurti,M,2026-07-27
SYN_I03455,SYN_V3_shirt,M,2026-07-28
SYN_I03456,SYN_V4_shirt,M,2026-07-29
SYN_I03457,SYN_V1_kurti,M,2026-07-30
SYN_I03458,SYN_V2_kurti,M,2026-07-31
SYN_I03459,SYN_V3_shirt,M,2026-08-01
SYN_I03460,SYN_V4_shirt,M,2026-08-02
SYN_I03461,SYN_V1_kurti,M,2026-08-03
SYN_I03462,SYN_V2_kurti,M,2026-08-04
SYN_I03463,SYN_V3_shirt,M,2026-08-05
SYN_I03464,SYN_V4_shirt,M,2026-08-06
SYN_I03465,SYN_V1_kurti,M,2026-08-07
SYN_I03466,SYN_V2_kurti,M,2026-08-08
SYN_I03467,SYN_V3_shirt,M,2026-08-09
SYN_I03468,SYN_V4_shirt,M,2026-08-10
SYN_I03469,SYN_V1_kurti,M,2026-08-11
SYN_I03470,SYN_V2_kurti,M,2026-08-12
SYN_I03471,SYN_V3_shirt,M,2026-08-13
SYN_I03472,SYN_V4_shirt,M,2026-08-14
SYN_I03473,SYN_V1_kurti,M,2026-08-15
SYN_I03474,SYN_V2_kurti,M,2026-08-16
SYN_I03475,SYN_V3_shirt,M,2026-08-17
SYN_I03476,SYN_V4_shirt,M,2026-08-18
SYN_I03477,SYN_V1_kurti,M,2026-08-19
SYN_I03478,SYN_V2_kurti,M,2026-08-20
SYN_I03479,SYN_V3_shirt,M,2026-08-21
SYN_I03480,SYN_V4_shirt,M,2026-08-22
SYN_I03481,SYN_V1_kurti,M,2026-07-26
SYN_I03482,SYN_V2_kurti,M,2026-07-27
SYN_I03483,SYN_V3_shirt,M,2026-07-28
SYN_I03484,SYN_V4_shirt,M,2026-07-29
SYN_I03485,SYN_V1_kurti,M,2026-07-30
SYN_I03486,SYN_V2_kurti,M,2026-07-31
SYN_I03487,SYN_V3_shirt,M,2026-08-01
SYN_I03488,SYN_V4_shirt,M,2026-08-02
SYN_I03489,SYN_V1_kurti,M,2026-08-03
SYN_I03490,SYN_V2_kurti,M,2026-08-04
SYN_I03491,SYN_V3_shirt,M,2026-08-05
SYN_I03492,SYN_V4_shirt,M,2026-08-06
SYN_I03493,SYN_V1_kurti,M,2026-08-07
SYN_I03494,SYN_V2_kurti,M,2026-08-08
SYN_I03495,SYN_V3_shirt,M,2026-08-09
SYN_I03496,SYN_V4_shirt,M,2026-08-10
SYN_I03497,SYN_V1_kurti,M,2026-08-11
SYN_I03498,SYN_V2_kurti,M,2026-08-12
SYN_I03499,SYN_V3_shirt,M,2026-08-13
SYN_I03500,SYN_V4_shirt,M,2026-08-14
SYN_I03501,SYN_V1_kurti,M,2026-08-15
SYN_I03502,SYN_V2_kurti,M,2026-08-16
SYN_I03503,SYN_V3_shirt,M,2026-08-17
SYN_I03504,SYN_V4_shirt,M,2026-08-18
SYN_I03505,SYN_V1_kurti,M,2026-08-19
SYN_I03506,SYN_V2_kurti,M,2026-08-20
SYN_I03507,SYN_V3_shirt,M,2026-08-21
SYN_I03508,SYN_V4_shirt,M,2026-08-22
SYN_I03509,SYN_V1_kurti,M,2026-07-26
SYN_I03510,SYN_V2_kurti,M,2026-07-27
SYN_I03511,SYN_V3_shirt,M,2026-07-28
SYN_I03512,SYN_V4_shirt,M,2026-07-29
SYN_I03513,SYN_V1_kurti,M,2026-07-30
SYN_I03514,SYN_V2_kurti,M,2026-07-31
SYN_I03515,SYN_V3_shirt,M,2026-08-01
SYN_I03516,SYN_V4_shirt,M,2026-08-02
SYN_I03517,SYN_V1_kurti,M,2026-08-03
SYN_I03518,SYN_V2_kurti,M,2026-08-04
SYN_I03519,SYN_V3_shirt,M,2026-08-05
SYN_I03520,SYN_V4_shirt,M,2026-08-06
SYN_I03521,SYN_V1_kurti,M,2026-08-07
SYN_I03522,SYN_V2_kurti,M,2026-08-08
SYN_I03523,SYN_V3_shirt,M,2026-08-09
SYN_I03524,SYN_V4_shirt,M,2026-08-10
SYN_I03525,SYN_V1_kurti,M,2026-08-11
SYN_I03526,SYN_V2_kurti,M,2026-08-12
SYN_I03527,SYN_V3_shirt,M,2026-08-13
SYN_I03528,SYN_V4_shirt,M,2026-08-14
SYN_I03529,SYN_V1_kurti,M,2026-08-15
SYN_I03530,SYN_V2_kurti,M,2026-08-16
SYN_I03531,SYN_V3_shirt,M,2026-08-17
SYN_I03532,SYN_V4_shirt,M,2026-08-18
SYN_I03533,SYN_V1_kurti,M,2026-08-19
SYN_I03534,SYN_V2_kurti,M,2026-08-20
SYN_I03535,SYN_V3_shirt,M,2026-08-21
SYN_I03536,SYN_V4_shirt,M,2026-08-22
SYN_I03537,SYN_V1_kurti,M,2026-07-26
SYN_I03538,SYN_V2_kurti,M,2026-07-27
SYN_I03539,SYN_V3_shirt,M,2026-07-28
SYN_I03540,SYN_V4_shirt,M,2026-07-29
SYN_I03541,SYN_V1_kurti,M,2026-07-30
SYN_I03542,SYN_V2_kurti,M,2026-07-31
SYN_I03543,SYN_V3_shirt,M,2026-08-01
SYN_I03544,SYN_V4_shirt,M,2026-08-02
SYN_I03545,SYN_V1_kurti,M,2026-08-03
SYN_I03546,SYN_V2_kurti,M,2026-08-04
SYN_I03547,SYN_V3_shirt,M,2026-08-05
SYN_I03548,SYN_V4_shirt,M,2026-08-06
SYN_I03549,SYN_V1_kurti,M,2026-08-07
SYN_I03550,SYN_V2_kurti,M,2026-08-08
SYN_I03551,SYN_V3_shirt,M,2026-08-09
SYN_I03552,SYN_V4_shirt,M,2026-08-10
SYN_I03553,SYN_V1_kurti,M,2026-08-11
SYN_I03554,SYN_V2_kurti,M,2026-08-12
SYN_I03555,SYN_V3_shirt,M,2026-08-13
SYN_I03556,SYN_V4_shirt,M,2026-08-14
SYN_I03557,SYN_V1_kurti,M,2026-08-15
SYN_I03558,SYN_V2_kurti,M,2026-08-16
SYN_I03559,SYN_V3_shirt,M,2026-08-17
SYN_I03560,SYN_V4_shirt,M,2026-08-18
SYN_I03561,SYN_V1_kurti,M,2026-08-19
SYN_I03562,SYN_V2_kurti,M,2026-08-20
SYN_I03563,SYN_V3_shirt,M,2026-08-21
SYN_I03564,SYN_V4_shirt,M,2026-08-22
SYN_I03565,SYN_V1_kurti,M,2026-07-26
SYN_I03566,SYN_V2_kurti,M,2026-07-27
SYN_I03567,SYN_V3_shirt,M,2026-07-28
SYN_I03568,SYN_V4_shirt,M,2026-07-29
SYN_I03569,SYN_V1_kurti,M,2026-07-30
SYN_I03570,SYN_V2_kurti,M,2026-07-31
SYN_I03571,SYN_V3_shirt,M,2026-08-01
SYN_I03572,SYN_V4_shirt,M,2026-08-02
SYN_I03573,SYN_V1_kurti,M,2026-08-03
SYN_I03574,SYN_V2_kurti,M,2026-08-04
SYN_I03575,SYN_V3_shirt,M,2026-08-05
SYN_I03576,SYN_V4_shirt,M,2026-08-06
SYN_I03577,SYN_V1_kurti,M,2026-08-07
SYN_I03578,SYN_V2_kurti,M,2026-08-08
SYN_I03579,SYN_V3_shirt,M,2026-08-09
SYN_I03580,SYN_V4_shirt,M,2026-08-10
SYN_I03581,SYN_V1_kurti,M,2026-08-11
SYN_I03582,SYN_V2_kurti,M,2026-08-12
SYN_I03583,SYN_V3_shirt,M,2026-08-13
SYN_I03584,SYN_V4_shirt,M,2026-08-14
SYN_I03585,SYN_V1_kurti,M,2026-08-15
SYN_I03586,SYN_V2_kurti,M,2026-08-16
SYN_I03587,SYN_V3_shirt,M,2026-08-17
SYN_I03588,SYN_V4_shirt,M,2026-08-18
SYN_I03589,SYN_V1_kurti,M,2026-08-19
SYN_I03590,SYN_V2_kurti,M,2026-08-20
SYN_I03591,SYN_V3_shirt,M,2026-08-21
SYN_I03592,SYN_V4_shirt,M,2026-08-22
SYN_I03593,SYN_V1_kurti,M,2026-07-26
SYN_I03594,SYN_V2_kurti,M,2026-07-27
SYN_I03595,SYN_V3_shirt,M,2026-07-28
SYN_I03596,SYN_V4_shirt,M,2026-07-29
SYN_I03597,SYN_V1_kurti,M,2026-07-30
SYN_I03598,SYN_V2_kurti,M,2026-07-31
SYN_I03599,SYN_V3_shirt,M,2026-08-01
SYN_I03600,SYN_V4_shirt,M,2026-08-02
SYN_I03601,SYN_V1_kurti,M,2026-08-03
SYN_I03602,SYN_V2_kurti,M,2026-08-04
SYN_I03603,SYN_V3_shirt,M,2026-08-05
SYN_I03604,SYN_V4_shirt,M,2026-08-06
SYN_I03605,SYN_V1_kurti,M,2026-08-07
SYN_I03606,SYN_V2_kurti,M,2026-08-08
SYN_I03607,SYN_V3_shirt,M,2026-08-09
SYN_I03608,SYN_V4_shirt,M,2026-08-10
SYN_I03609,SYN_V1_kurti,M,2026-08-11
SYN_I03610,SYN_V2_kurti,M,2026-08-12
SYN_I03611,SYN_V3_shirt,M,2026-08-13
SYN_I03612,SYN_V4_shirt,M,2026-08-14
SYN_I03613,SYN_V1_kurti,M,2026-08-15
SYN_I03614,SYN_V2_kurti,M,2026-08-16
SYN_I03615,SYN_V3_shirt,M,2026-08-17
SYN_I03616,SYN_V4_shirt,M,2026-08-18
SYN_I03617,SYN_V1_kurti,M,2026-08-19
SYN_I03618,SYN_V2_kurti,M,2026-08-20
SYN_I03619,SYN_V3_shirt,M,2026-08-21
SYN_I03620,SYN_V4_shirt,M,2026-08-22
SYN_I03621,SYN_V1_kurti,M,2026-07-26
SYN_I03622,SYN_V2_kurti,M,2026-07-27
SYN_I03623,SYN_V3_shirt,M,2026-07-28
SYN_I03624,SYN_V4_shirt,M,2026-07-29
SYN_I03625,SYN_V1_kurti,M,2026-07-30
SYN_I03626,SYN_V2_kurti,M,2026-07-31
SYN_I03627,SYN_V3_shirt,M,2026-08-01
SYN_I03628,SYN_V4_shirt,M,2026-08-02
SYN_I03629,SYN_V1_kurti,M,2026-08-03
SYN_I03630,SYN_V2_kurti,M,2026-08-04
SYN_I03631,SYN_V3_shirt,M,2026-08-05
SYN_I03632,SYN_V4_shirt,M,2026-08-06
SYN_I03633,SYN_V1_kurti,M,2026-08-07
SYN_I03634,SYN_V2_kurti,M,2026-08-08
SYN_I03635,SYN_V3_shirt,M,2026-08-09
SYN_I03636,SYN_V4_shirt,M,2026-08-10
SYN_I03637,SYN_V1_kurti,M,2026-08-11
SYN_I03638,SYN_V2_kurti,M,2026-08-12
SYN_I03639,SYN_V3_shirt,M,2026-08-13
SYN_I03640,SYN_V4_shirt,M,2026-08-14
SYN_I03641,SYN_V1_kurti,M,2026-08-15
SYN_I03642,SYN_V2_kurti,M,2026-08-16
SYN_I03643,SYN_V3_shirt,M,2026-08-17
SYN_I03644,SYN_V4_shirt,M,2026-08-18
SYN_I03645,SYN_V1_kurti,M,2026-08-19
SYN_I03646,SYN_V2_kurti,M,2026-08-20
SYN_I03647,SYN_V3_shirt,M,2026-08-21
SYN_I03648,SYN_V4_shirt,M,2026-08-22
SYN_I03649,SYN_V1_kurti,M,2026-07-26
SYN_I03650,SYN_V2_kurti,M,2026-07-27
SYN_I03651,SYN_V3_shirt,M,2026-07-28
SYN_I03652,SYN_V4_shirt,M,2026-07-29
SYN_I03653,SYN_V1_kurti,M,2026-07-30
SYN_I03654,SYN_V2_kurti,M,2026-07-31
SYN_I03655,SYN_V3_shirt,M,2026-08-01
SYN_I03656,SYN_V4_shirt,M,2026-08-02
SYN_I03657,SYN_V1_kurti,M,2026-08-03
SYN_I03658,SYN_V2_kurti,M,2026-08-04
SYN_I03659,SYN_V3_shirt,M,2026-08-05
SYN_I03660,SYN_V4_shirt,M,2026-08-06
SYN_I03661,SYN_V1_kurti,M,2026-08-07
SYN_I03662,SYN_V2_kurti,M,2026-08-08
SYN_I03663,SYN_V3_shirt,M,2026-08-09
SYN_I03664,SYN_V4_shirt,M,2026-08-10
SYN_I03665,SYN_V1_kurti,M,2026-08-11
SYN_I03666,SYN_V2_kurti,M,2026-08-12
SYN_I03667,SYN_V3_shirt,M,2026-08-13
SYN_I03668,SYN_V4_shirt,M,2026-08-14
SYN_I03669,SYN_V1_kurti,M,2026-08-15
SYN_I03670,SYN_V2_kurti,M,2026-08-16
SYN_I03671,SYN_V3_shirt,M,2026-08-17
SYN_I03672,SYN_V4_shirt,M,2026-08-18
SYN_I03673,SYN_V1_kurti,M,2026-08-19
SYN_I03674,SYN_V2_kurti,M,2026-08-20
SYN_I03675,SYN_V3_shirt,M,2026-08-21
SYN_I03676,SYN_V4_shirt,M,2026-08-22
SYN_I03677,SYN_V1_kurti,M,2026-07-26
SYN_I03678,SYN_V2_kurti,M,2026-07-27
SYN_I03679,SYN_V3_shirt,M,2026-07-28
SYN_I03680,SYN_V4_shirt,M,2026-07-29
SYN_I03681,SYN_V1_kurti,M,2026-07-30
SYN_I03682,SYN_V2_kurti,M,2026-07-31
SYN_I03683,SYN_V3_shirt,M,2026-08-01
SYN_I03684,SYN_V4_shirt,M,2026-08-02
SYN_I03685,SYN_V1_kurti,M,2026-08-03
SYN_I03686,SYN_V2_kurti,M,2026-08-04
SYN_I03687,SYN_V3_shirt,M,2026-08-05
SYN_I03688,SYN_V4_shirt,M,2026-08-06
SYN_I03689,SYN_V1_kurti,M,2026-08-07
SYN_I03690,SYN_V2_kurti,M,2026-08-08
SYN_I03691,SYN_V3_shirt,M,2026-08-09
SYN_I03692,SYN_V4_shirt,M,2026-08-10
SYN_I03693,SYN_V1_kurti,M,2026-08-11
SYN_I03694,SYN_V2_kurti,M,2026-08-12
SYN_I03695,SYN_V3_shirt,M,2026-08-13
SYN_I03696,SYN_V4_shirt,M,2026-08-14
SYN_I03697,SYN_V1_kurti,M,2026-08-15
SYN_I03698,SYN_V2_kurti,M,2026-08-16
SYN_I03699,SYN_V3_shirt,M,2026-08-17
SYN_I03700,SYN_V4_shirt,M,2026-08-18
SYN_I03701,SYN_V1_dress,L,2026-08-19
SYN_I03702,SYN_V2_kurti,XL,2026-08-20
SYN_I03703,SYN_V3_dress,XL,2026-08-21
SYN_I03704,SYN_V4_shirt,L,2026-08-22
SYN_I03705,SYN_V1_trousers,M,2026-07-26
SYN_I03706,SYN_V2_shirt,S,2026-07-27
SYN_I03707,SYN_V3_kurti,S,2026-07-28
SYN_I03708,SYN_V4_shirt,M,2026-07-29
SYN_I03709,SYN_V1_kurti,M,2026-07-30
SYN_I03710,SYN_V2_kurti,S,2026-07-31
SYN_I03711,SYN_V3_shirt,S,2026-08-01
SYN_I03712,SYN_V4_kurti,L,2026-08-02
SYN_I03713,SYN_V1_kurti,XL,2026-08-03
SYN_I03714,SYN_V2_dress,S,2026-08-04
SYN_I03715,SYN_V3_shirt,S,2026-08-05
SYN_I03716,SYN_V4_trousers,XL,2026-08-06
SYN_I03717,SYN_V1_trousers,S,2026-08-07
SYN_I03718,SYN_V2_kurti,L,2026-08-08
SYN_I03719,SYN_V3_shirt,XL,2026-08-09
SYN_I03720,SYN_V4_shirt,L,2026-08-10
SYN_I03721,SYN_V1_trousers,M,2026-08-11
SYN_I03722,SYN_V2_kurti,M,2026-08-12
SYN_I03723,SYN_V3_shirt,M,2026-08-13
SYN_I03724,SYN_V4_trousers,S,2026-08-14
SYN_I03725,SYN_V1_trousers,M,2026-08-15
SYN_I03726,SYN_V2_kurti,XL,2026-08-16
SYN_I03727,SYN_V3_trousers,M,2026-08-17
SYN_I03728,SYN_V4_shirt,M,2026-08-18
SYN_I03729,SYN_V1_shirt,M,2026-08-19
SYN_I03730,SYN_V2_dress,L,2026-08-20
SYN_I03731,SYN_V3_trousers,S,2026-08-21
SYN_I03732,SYN_V4_shirt,XL,2026-08-22
SYN_I03733,SYN_V1_trousers,S,2026-07-26
SYN_I03734,SYN_V2_shirt,L,2026-07-27
SYN_I03735,SYN_V3_trousers,S,2026-07-28
SYN_I03736,SYN_V4_dress,M,2026-07-29
SYN_I03737,SYN_V1_dress,S,2026-07-30
SYN_I03738,SYN_V2_kurti,M,2026-07-31
SYN_I03739,SYN_V3_trousers,S,2026-08-01
SYN_I03740,SYN_V4_shirt,XL,2026-08-02
SYN_I03741,SYN_V1_kurti,L,2026-08-03
SYN_I03742,SYN_V2_kurti,L,2026-08-04
SYN_I03743,SYN_V3_shirt,M,2026-08-05
SYN_I03744,SYN_V4_dress,XL,2026-08-06
SYN_I03745,SYN_V1_trousers,S,2026-08-07
SYN_I03746,SYN_V2_kurti,L,2026-08-08
SYN_I03747,SYN_V3_trousers,L,2026-08-09
SYN_I03748,SYN_V4_trousers,L,2026-08-10
SYN_I03749,SYN_V1_shirt,L,2026-08-11
SYN_I03750,SYN_V2_dress,L,2026-08-12
SYN_I03751,SYN_V3_dress,XL,2026-08-13
SYN_I03752,SYN_V4_shirt,M,2026-08-14
SYN_I03753,SYN_V1_trousers,L,2026-08-15
SYN_I03754,SYN_V2_kurti,S,2026-08-16
SYN_I03755,SYN_V3_kurti,L,2026-08-17
SYN_I03756,SYN_V4_shirt,XL,2026-08-18
SYN_I03757,SYN_V1_dress,M,2026-08-19
SYN_I03758,SYN_V2_kurti,L,2026-08-20
SYN_I03759,SYN_V3_trousers,S,2026-08-21
SYN_I03760,SYN_V4_kurti,S,2026-08-22
SYN_I03761,SYN_V1_trousers,L,2026-07-26
SYN_I03762,SYN_V2_shirt,S,2026-07-27
SYN_I03763,SYN_V3_trousers,XL,2026-07-28
SYN_I03764,SYN_V4_trousers,XL,2026-07-29
SYN_I03765,SYN_V1_shirt,XL,2026-07-30
SYN_I03766,SYN_V2_trousers,L,2026-07-31
SYN_I03767,SYN_V3_dress,S,2026-08-01
SYN_I03768,SYN_V4_trousers,XL,2026-08-02
SYN_I03769,SYN_V1_dress,XL,2026-08-03
SYN_I03770,SYN_V2_kurti,L,2026-08-04
SYN_I03771,SYN_V3_shirt,L,2026-08-05
SYN_I03772,SYN_V4_kurti,L,2026-08-06
SYN_I03773,SYN_V1_shirt,M,2026-08-07
SYN_I03774,SYN_V2_trousers,XL,2026-08-08
SYN_I03775,SYN_V3_kurti,L,2026-08-09
SYN_I03776,SYN_V4_dress,L,2026-08-10
SYN_I03777,SYN_V1_shirt,XL,2026-08-11
SYN_I03778,SYN_V2_shirt,M,2026-08-12
SYN_I03779,SYN_V3_kurti,M,2026-08-13
SYN_I03780,SYN_V4_shirt,XL,2026-08-14
SYN_I03781,SYN_V1_shirt,S,2026-08-15
SYN_I03782,SYN_V2_trousers,M,2026-08-16
SYN_I03783,SYN_V3_trousers,S,2026-08-17
SYN_I03784,SYN_V4_kurti,L,2026-08-18
SYN_I03785,SYN_V1_kurti,L,2026-08-19
SYN_I03786,SYN_V2_shirt,L,2026-08-20
SYN_I03787,SYN_V3_shirt,XL,2026-08-21
SYN_I03788,SYN_V4_dress,S,2026-08-22
SYN_I03789,SYN_V1_shirt,L,2026-07-26
SYN_I03790,SYN_V2_trousers,S,2026-07-27
SYN_I03791,SYN_V3_trousers,L,2026-07-28
SYN_I03792,SYN_V4_kurti,XL,2026-07-29
SYN_I03793,SYN_V1_dress,M,2026-07-30
SYN_I03794,SYN_V2_dress,S,2026-07-31
SYN_I03795,SYN_V3_kurti,L,2026-08-01
SYN_I03796,SYN_V4_trousers,XL,2026-08-02
SYN_I03797,SYN_V1_trousers,S,2026-08-03
SYN_I03798,SYN_V2_dress,M,2026-08-04
SYN_I03799,SYN_V3_kurti,S,2026-08-05
SYN_I03800,SYN_V4_kurti,L,2026-08-06
SYN_I03801,SYN_V1_kurti,S,2026-08-07
SYN_I03802,SYN_V2_kurti,M,2026-08-08
SYN_I03803,SYN_V3_dress,S,2026-08-09
SYN_I03804,SYN_V4_dress,XL,2026-08-10
SYN_I03805,SYN_V1_dress,M,2026-08-11
SYN_I03806,SYN_V2_dress,M,2026-08-12
SYN_I03807,SYN_V3_dress,L,2026-08-13
SYN_I03808,SYN_V4_kurti,L,2026-08-14
SYN_I03809,SYN_V1_shirt,M,2026-08-15
SYN_I03810,SYN_V2_trousers,S,2026-08-16
SYN_I03811,SYN_V3_shirt,S,2026-08-17
SYN_I03812,SYN_V4_dress,M,2026-08-18
SYN_I03813,SYN_V1_kurti,XL,2026-08-19
SYN_I03814,SYN_V2_kurti,S,2026-08-20
SYN_I03815,SYN_V3_trousers,S,2026-08-21
SYN_I03816,SYN_V4_kurti,S,2026-08-22
SYN_I03817,SYN_V1_dress,M,2026-07-26
SYN_I03818,SYN_V2_shirt,S,2026-07-27
SYN_I03819,SYN_V3_shirt,S,2026-07-28
SYN_I03820,SYN_V4_trousers,S,2026-07-29
SYN_I03821,SYN_V1_dress,XL,2026-07-30
SYN_I03822,SYN_V2_trousers,L,2026-07-31
SYN_I03823,SYN_V3_trousers,XL,2026-08-01
SYN_I03824,SYN_V4_dress,L,2026-08-02
SYN_I03825,SYN_V1_shirt,M,2026-08-03
SYN_I03826,SYN_V2_shirt,S,2026-08-04
SYN_I03827,SYN_V3_shirt,XL,2026-08-05
SYN_I03828,SYN_V4_shirt,S,2026-08-06
SYN_I03829,SYN_V1_kurti,L,2026-08-07
SYN_I03830,SYN_V2_dress,L,2026-08-08
SYN_I03831,SYN_V3_dress,M,2026-08-09
SYN_I03832,SYN_V4_dress,L,2026-08-10
SYN_I03833,SYN_V1_shirt,XL,2026-08-11
SYN_I03834,SYN_V2_shirt,S,2026-08-12
SYN_I03835,SYN_V3_dress,M,2026-08-13
SYN_I03836,SYN_V4_shirt,XL,2026-08-14
SYN_I03837,SYN_V1_trousers,M,2026-08-15
SYN_I03838,SYN_V2_shirt,M,2026-08-16
SYN_I03839,SYN_V3_dress,M,2026-08-17
SYN_I03840,SYN_V4_shirt,XL,2026-08-18
SYN_I03841,SYN_V1_kurti,M,2026-08-19
SYN_I03842,SYN_V2_trousers,XL,2026-08-20
SYN_I03843,SYN_V3_dress,M,2026-08-21
SYN_I03844,SYN_V4_shirt,S,2026-08-22
SYN_I03845,SYN_V1_kurti,S,2026-07-26
SYN_I03846,SYN_V2_trousers,S,2026-07-27
SYN_I03847,SYN_V3_trousers,L,2026-07-28
SYN_I03848,SYN_V4_kurti,L,2026-07-29
SYN_I03849,SYN_V1_trousers,M,2026-07-30
SYN_I03850,SYN_V2_shirt,S,2026-07-31
SYN_I03851,SYN_V3_kurti,L,2026-08-01
SYN_I03852,SYN_V4_kurti,L,2026-08-02
SYN_I03853,SYN_V1_trousers,L,2026-08-03
SYN_I03854,SYN_V2_trousers,M,2026-08-04
SYN_I03855,SYN_V3_shirt,M,2026-08-05
SYN_I03856,SYN_V4_trousers,XL,2026-08-06
SYN_I03857,SYN_V1_dress,M,2026-08-07
SYN_I03858,SYN_V2_trousers,L,2026-08-08
SYN_I03859,SYN_V3_trousers,L,2026-08-09
SYN_I03860,SYN_V4_dress,XL,2026-08-10
SYN_I03861,SYN_V1_dress,M,2026-08-11
SYN_I03862,SYN_V2_dress,S,2026-08-12
SYN_I03863,SYN_V3_shirt,M,2026-08-13
SYN_I03864,SYN_V4_trousers,XL,2026-08-14
SYN_I03865,SYN_V1_trousers,M,2026-08-15
SYN_I03866,SYN_V2_trousers,L,2026-08-16
SYN_I03867,SYN_V3_dress,XL,2026-08-17
SYN_I03868,SYN_V4_trousers,S,2026-08-18
SYN_I03869,SYN_V1_shirt,XL,2026-08-19
SYN_I03870,SYN_V2_trousers,L,2026-08-20
SYN_I03871,SYN_V3_shirt,M,2026-08-21
SYN_I03872,SYN_V4_dress,L,2026-08-22
SYN_I03873,SYN_V1_trousers,L,2026-07-26
SYN_I03874,SYN_V2_dress,L,2026-07-27
SYN_I03875,SYN_V3_kurti,S,2026-07-28
SYN_I03876,SYN_V4_trousers,M,2026-07-29
SYN_I03877,SYN_V1_dress,S,2026-07-30
SYN_I03878,SYN_V2_trousers,S,2026-07-31
SYN_I03879,SYN_V3_kurti,S,2026-08-01
SYN_I03880,SYN_V4_kurti,S,2026-08-02
SYN_I03881,SYN_V1_shirt,S,2026-08-03
SYN_I03882,SYN_V2_dress,XL,2026-08-04
SYN_I03883,SYN_V3_dress,M,2026-08-05
SYN_I03884,SYN_V4_kurti,L,2026-08-06
SYN_I03885,SYN_V1_dress,XL,2026-08-07
SYN_I03886,SYN_V2_shirt,XL,2026-08-08
SYN_I03887,SYN_V3_shirt,S,2026-08-09
SYN_I03888,SYN_V4_trousers,XL,2026-08-10
SYN_I03889,SYN_V1_kurti,S,2026-08-11
SYN_I03890,SYN_V2_dress,M,2026-08-12
SYN_I03891,SYN_V3_dress,S,2026-08-13
SYN_I03892,SYN_V4_dress,S,2026-08-14
SYN_I03893,SYN_V1_shirt,M,2026-08-15
SYN_I03894,SYN_V2_dress,M,2026-08-16
SYN_I03895,SYN_V3_trousers,XL,2026-08-17
SYN_I03896,SYN_V4_kurti,XL,2026-08-18
SYN_I03897,SYN_V1_dress,M,2026-08-19
SYN_I03898,SYN_V2_shirt,S,2026-08-20
SYN_I03899,SYN_V3_shirt,XL,2026-08-21
SYN_I03900,SYN_V4_kurti,XL,2026-08-22
SYN_I03901,SYN_V1_trousers,S,2026-07-26
SYN_I03902,SYN_V2_kurti,L,2026-07-27
SYN_I03903,SYN_V3_dress,XL,2026-07-28
SYN_I03904,SYN_V4_shirt,XL,2026-07-29
SYN_I03905,SYN_V1_kurti,XL,2026-07-30
SYN_I03906,SYN_V2_kurti,L,2026-07-31
SYN_I03907,SYN_V3_kurti,XL,2026-08-01
SYN_I03908,SYN_V4_kurti,XL,2026-08-02
SYN_I03909,SYN_V1_shirt,XL,2026-08-03
SYN_I03910,SYN_V2_dress,L,2026-08-04
SYN_I03911,SYN_V3_dress,XL,2026-08-05
SYN_I03912,SYN_V4_trousers,S,2026-08-06
SYN_I03913,SYN_V1_shirt,XL,2026-08-07
SYN_I03914,SYN_V2_shirt,M,2026-08-08
SYN_I03915,SYN_V3_shirt,S,2026-08-09
SYN_I03916,SYN_V4_kurti,M,2026-08-10
SYN_I03917,SYN_V1_shirt,S,2026-08-11
SYN_I03918,SYN_V2_kurti,S,2026-08-12
SYN_I03919,SYN_V3_dress,L,2026-08-13
SYN_I03920,SYN_V4_kurti,L,2026-08-14
SYN_I03921,SYN_V1_dress,L,2026-08-15
SYN_I03922,SYN_V2_trousers,L,2026-08-16
SYN_I03923,SYN_V3_shirt,L,2026-08-17
SYN_I03924,SYN_V4_kurti,M,2026-08-18
SYN_I03925,SYN_V1_dress,L,2026-08-19
SYN_I03926,SYN_V2_trousers,M,2026-08-20
SYN_I03927,SYN_V3_trousers,L,2026-08-21
SYN_I03928,SYN_V4_shirt,L,2026-08-22
SYN_I03929,SYN_V1_trousers,M,2026-07-26
SYN_I03930,SYN_V2_shirt,S,2026-07-27
SYN_I03931,SYN_V3_kurti,XL,2026-07-28
SYN_I03932,SYN_V4_shirt,M,2026-07-29
SYN_I03933,SYN_V1_kurti,S,2026-07-30
SYN_I03934,SYN_V2_kurti,M,2026-07-31
SYN_I03935,SYN_V3_trousers,XL,2026-08-01
SYN_I03936,SYN_V4_kurti,XL,2026-08-02
SYN_I03937,SYN_V1_dress,L,2026-08-03
SYN_I03938,SYN_V2_trousers,XL,2026-08-04
SYN_I03939,SYN_V3_kurti,M,2026-08-05
SYN_I03940,SYN_V4_trousers,S,2026-08-06
SYN_I03941,SYN_V1_shirt,L,2026-08-07
SYN_I03942,SYN_V2_dress,S,2026-08-08
SYN_I03943,SYN_V3_shirt,S,2026-08-09
SYN_I03944,SYN_V4_dress,M,2026-08-10
SYN_I03945,SYN_V1_trousers,L,2026-08-11
SYN_I03946,SYN_V2_trousers,M,2026-08-12
SYN_I03947,SYN_V3_trousers,L,2026-08-13
SYN_I03948,SYN_V4_shirt,M,2026-08-14
SYN_I03949,SYN_V1_kurti,M,2026-08-15
SYN_I03950,SYN_V2_trousers,M,2026-08-16
SYN_I03951,SYN_V3_shirt,XL,2026-08-17
SYN_I03952,SYN_V4_dress,XL,2026-08-18
SYN_I03953,SYN_V1_dress,S,2026-08-19
SYN_I03954,SYN_V2_kurti,M,2026-08-20
SYN_I03955,SYN_V3_dress,M,2026-08-21
SYN_I03956,SYN_V4_dress,M,2026-08-22
SYN_I03957,SYN_V1_shirt,M,2026-07-26
SYN_I03958,SYN_V2_trousers,M,2026-07-27
SYN_I03959,SYN_V3_kurti,S,2026-07-28
SYN_I03960,SYN_V4_kurti,S,2026-07-29
SYN_I03961,SYN_V1_shirt,XL,2026-07-30
SYN_I03962,SYN_V2_dress,XL,2026-07-31
SYN_I03963,SYN_V3_kurti,XL,2026-08-01
SYN_I03964,SYN_V4_trousers,XL,2026-08-02
SYN_I03965,SYN_V1_kurti,XL,2026-08-03
SYN_I03966,SYN_V2_shirt,L,2026-08-04
SYN_I03967,SYN_V3_dress,S,2026-08-05
SYN_I03968,SYN_V4_dress,XL,2026-08-06
SYN_I03969,SYN_V1_kurti,S,2026-08-07
SYN_I03970,SYN_V2_dress,M,2026-08-08
SYN_I03971,SYN_V3_shirt,L,2026-08-09
SYN_I03972,SYN_V4_shirt,L,2026-08-10
SYN_I03973,SYN_V1_kurti,L,2026-08-11
SYN_I03974,SYN_V2_trousers,XL,2026-08-12
SYN_I03975,SYN_V3_kurti,L,2026-08-13
SYN_I03976,SYN_V4_shirt,XL,2026-08-14
SYN_I03977,SYN_V1_dress,L,2026-08-15
SYN_I03978,SYN_V2_shirt,M,2026-08-16
SYN_I03979,SYN_V3_shirt,XL,2026-08-17
SYN_I03980,SYN_V4_kurti,L,2026-08-18
SYN_I03981,SYN_V1_kurti,L,2026-08-19
SYN_I03982,SYN_V2_trousers,XL,2026-08-20
SYN_I03983,SYN_V3_dress,S,2026-08-21
SYN_I03984,SYN_V4_shirt,S,2026-08-22
SYN_I03985,SYN_V1_dress,M,2026-07-26
SYN_I03986,SYN_V2_trousers,S,2026-07-27
SYN_I03987,SYN_V3_dress,M,2026-07-28
SYN_I03988,SYN_V4_dress,XL,2026-07-29
SYN_I03989,SYN_V1_trousers,L,2026-07-30
SYN_I03990,SYN_V2_trousers,XL,2026-07-31
SYN_I03991,SYN_V3_trousers,S,2026-08-01
SYN_I03992,SYN_V4_trousers,S,2026-08-02
SYN_I03993,SYN_V1_trousers,M,2026-08-03
SYN_I03994,SYN_V2_shirt,S,2026-08-04
SYN_I03995,SYN_V3_shirt,M,2026-08-05
SYN_I03996,SYN_V4_dress,S,2026-08-06
SYN_I03997,SYN_V1_trousers,L,2026-08-07
SYN_I03998,SYN_V2_dress,M,2026-08-08
SYN_I03999,SYN_V3_kurti,L,2026-08-09
SYN_I04000,SYN_V4_shirt,M,2026-08-10
SYN_I04001,SYN_V1_shirt,M,2026-08-11
SYN_I04002,SYN_V2_trousers,M,2026-08-12
SYN_I04003,SYN_V3_dress,S,2026-08-13
SYN_I04004,SYN_V4_trousers,S,2026-08-14
SYN_I04005,SYN_V1_dress,M,2026-08-15
SYN_I04006,SYN_V2_trousers,S,2026-08-16
SYN_I04007,SYN_V3_trousers,L,2026-08-17
SYN_I04008,SYN_V4_trousers,S,2026-08-18
SYN_I04009,SYN_V1_shirt,L,2026-08-19
SYN_I04010,SYN_V2_kurti,XL,2026-08-20
SYN_I04011,SYN_V3_shirt,M,2026-08-21
SYN_I04012,SYN_V4_trousers,XL,2026-08-22
SYN_I04013,SYN_V1_trousers,M,2026-07-26
SYN_I04014,SYN_V2_kurti,XL,2026-07-27
SYN_I04015,SYN_V3_dress,XL,2026-07-28
SYN_I04016,SYN_V4_shirt,M,2026-07-29
SYN_I04017,SYN_V1_kurti,M,2026-07-30
SYN_I04018,SYN_V2_trousers,S,2026-07-31
SYN_I04019,SYN_V3_dress,M,2026-08-01
SYN_I04020,SYN_V4_shirt,XL,2026-08-02
SYN_I04021,SYN_V1_dress,M,2026-08-03
SYN_I04022,SYN_V2_kurti,S,2026-08-04
SYN_I04023,SYN_V3_dress,S,2026-08-05
SYN_I04024,SYN_V4_shirt,M,2026-08-06
SYN_I04025,SYN_V1_trousers,M,2026-08-07
SYN_I04026,SYN_V2_shirt,L,2026-08-08
SYN_I04027,SYN_V3_trousers,M,2026-08-09
SYN_I04028,SYN_V4_dress,XL,2026-08-10
SYN_I04029,SYN_V1_trousers,S,2026-08-11
SYN_I04030,SYN_V2_trousers,S,2026-08-12
SYN_I04031,SYN_V3_kurti,L,2026-08-13
SYN_I04032,SYN_V4_dress,S,2026-08-14
SYN_I04033,SYN_V1_shirt,XL,2026-08-15
SYN_I04034,SYN_V2_shirt,L,2026-08-16
SYN_I04035,SYN_V3_trousers,L,2026-08-17
SYN_I04036,SYN_V4_dress,XL,2026-08-18
SYN_I04037,SYN_V1_shirt,S,2026-08-19
SYN_I04038,SYN_V2_trousers,XL,2026-08-20
SYN_I04039,SYN_V3_dress,S,2026-08-21
SYN_I04040,SYN_V4_dress,S,2026-08-22
SYN_I04041,SYN_V1_trousers,XL,2026-07-26
SYN_I04042,SYN_V2_dress,XL,2026-07-27
SYN_I04043,SYN_V3_kurti,M,2026-07-28
SYN_I04044,SYN_V4_dress,L,2026-07-29
SYN_I04045,SYN_V1_dress,L,2026-07-30
SYN_I04046,SYN_V2_trousers,S,2026-07-31
SYN_I04047,SYN_V3_dress,S,2026-08-01
SYN_I04048,SYN_V4_trousers,L,2026-08-02
SYN_I04049,SYN_V1_dress,L,2026-08-03
SYN_I04050,SYN_V2_dress,L,2026-08-04
SYN_I04051,SYN_V3_trousers,S,2026-08-05
SYN_I04052,SYN_V4_trousers,M,2026-08-06
SYN_I04053,SYN_V1_shirt,XL,2026-08-07
SYN_I04054,SYN_V2_trousers,S,2026-08-08
SYN_I04055,SYN_V3_trousers,XL,2026-08-09
SYN_I04056,SYN_V4_dress,S,2026-08-10
SYN_I04057,SYN_V1_kurti,S,2026-08-11
SYN_I04058,SYN_V2_kurti,XL,2026-08-12
SYN_I04059,SYN_V3_shirt,M,2026-08-13
SYN_I04060,SYN_V4_dress,S,2026-08-14
SYN_I04061,SYN_V1_shirt,XL,2026-08-15
SYN_I04062,SYN_V2_kurti,S,2026-08-16
SYN_I04063,SYN_V3_kurti,S,2026-08-17
SYN_I04064,SYN_V4_dress,XL,2026-08-18
SYN_I04065,SYN_V1_dress,XL,2026-08-19
SYN_I04066,SYN_V2_shirt,XL,2026-08-20
SYN_I04067,SYN_V3_shirt,L,2026-08-21
SYN_I04068,SYN_V4_kurti,S,2026-08-22
SYN_I04069,SYN_V1_trousers,S,2026-07-26
SYN_I04070,SYN_V2_shirt,M,2026-07-27
SYN_I04071,SYN_V3_shirt,XL,2026-07-28
SYN_I04072,SYN_V4_kurti,XL,2026-07-29
SYN_I04073,SYN_V1_dress,XL,2026-07-30
SYN_I04074,SYN_V2_shirt,L,2026-07-31
SYN_I04075,SYN_V3_dress,L,2026-08-01
SYN_I04076,SYN_V4_kurti,L,2026-08-02
SYN_I04077,SYN_V1_trousers,M,2026-08-03
SYN_I04078,SYN_V2_kurti,XL,2026-08-04
SYN_I04079,SYN_V3_dress,XL,2026-08-05
SYN_I04080,SYN_V4_kurti,M,2026-08-06
SYN_I04081,SYN_V1_trousers,XL,2026-08-07
SYN_I04082,SYN_V2_shirt,S,2026-08-08
SYN_I04083,SYN_V3_dress,XL,2026-08-09
SYN_I04084,SYN_V4_shirt,L,2026-08-10
SYN_I04085,SYN_V1_dress,XL,2026-08-11
SYN_I04086,SYN_V2_dress,M,2026-08-12
SYN_I04087,SYN_V3_shirt,M,2026-08-13
SYN_I04088,SYN_V4_trousers,M,2026-08-14
SYN_I04089,SYN_V1_kurti,M,2026-08-15
SYN_I04090,SYN_V2_dress,S,2026-08-16
SYN_I04091,SYN_V3_kurti,L,2026-08-17
SYN_I04092,SYN_V4_shirt,M,2026-08-18
SYN_I04093,SYN_V1_dress,XL,2026-08-19
SYN_I04094,SYN_V2_kurti,S,2026-08-20
SYN_I04095,SYN_V3_shirt,M,2026-08-21
SYN_I04096,SYN_V4_kurti,S,2026-08-22
SYN_I04097,SYN_V1_shirt,XL,2026-07-26
SYN_I04098,SYN_V2_kurti,L,2026-07-27
SYN_I04099,SYN_V3_kurti,XL,2026-07-28
SYN_I04100,SYN_V4_trousers,L,2026-07-29
SYN_I04101,SYN_V1_dress,M,2026-07-30
SYN_I04102,SYN_V2_shirt,L,2026-07-31
SYN_I04103,SYN_V3_trousers,M,2026-08-01
SYN_I04104,SYN_V4_dress,L,2026-08-02
SYN_I04105,SYN_V1_shirt,S,2026-08-03
SYN_I04106,SYN_V2_shirt,XL,2026-08-04
SYN_I04107,SYN_V3_trousers,M,2026-08-05
SYN_I04108,SYN_V4_kurti,S,2026-08-06
SYN_I04109,SYN_V1_shirt,M,2026-08-07
SYN_I04110,SYN_V2_dress,XL,2026-08-08
SYN_I04111,SYN_V3_shirt,L,2026-08-09
SYN_I04112,SYN_V4_dress,XL,2026-08-10
SYN_I04113,SYN_V1_kurti,S,2026-08-11
SYN_I04114,SYN_V2_dress,S,2026-08-12
SYN_I04115,SYN_V3_shirt,M,2026-08-13
SYN_I04116,SYN_V4_dress,XL,2026-08-14
SYN_I04117,SYN_V1_trousers,S,2026-08-15
SYN_I04118,SYN_V2_shirt,L,2026-08-16
SYN_I04119,SYN_V3_dress,XL,2026-08-17
SYN_I04120,SYN_V4_shirt,S,2026-08-18
SYN_I04121,SYN_V1_kurti,XL,2026-08-19
SYN_I04122,SYN_V2_shirt,M,2026-08-20
SYN_I04123,SYN_V3_kurti,XL,2026-08-21
SYN_I04124,SYN_V4_trousers,L,2026-08-22
SYN_I04125,SYN_V1_shirt,XL,2026-07-26
SYN_I04126,SYN_V2_shirt,XL,2026-07-27
SYN_I04127,SYN_V3_shirt,L,2026-07-28
SYN_I04128,SYN_V4_trousers,M,2026-07-29
SYN_I04129,SYN_V1_shirt,M,2026-07-30
SYN_I04130,SYN_V2_shirt,M,2026-07-31
SYN_I04131,SYN_V3_shirt,M,2026-08-01
SYN_I04132,SYN_V4_shirt,M,2026-08-02
SYN_I04133,SYN_V1_kurti,S,2026-08-03
SYN_I04134,SYN_V2_kurti,XL,2026-08-04
SYN_I04135,SYN_V3_shirt,XL,2026-08-05
SYN_I04136,SYN_V4_kurti,M,2026-08-06
SYN_I04137,SYN_V1_dress,XL,2026-08-07
SYN_I04138,SYN_V2_trousers,L,2026-08-08
SYN_I04139,SYN_V3_kurti,M,2026-08-09
SYN_I04140,SYN_V4_dress,XL,2026-08-10
SYN_I04141,SYN_V1_shirt,M,2026-08-11
SYN_I04142,SYN_V2_trousers,XL,2026-08-12
SYN_I04143,SYN_V3_shirt,L,2026-08-13
SYN_I04144,SYN_V4_kurti,S,2026-08-14
SYN_I04145,SYN_V1_shirt,S,2026-08-15
SYN_I04146,SYN_V2_trousers,M,2026-08-16
SYN_I04147,SYN_V3_dress,L,2026-08-17
SYN_I04148,SYN_V4_shirt,S,2026-08-18
SYN_I04149,SYN_V1_dress,M,2026-08-19
SYN_I04150,SYN_V2_kurti,XL,2026-08-20
SYN_I04151,SYN_V3_shirt,S,2026-08-21
SYN_I04152,SYN_V4_kurti,XL,2026-08-22
SYN_I04153,SYN_V1_kurti,XL,2026-07-26
SYN_I04154,SYN_V2_dress,L,2026-07-27
SYN_I04155,SYN_V3_shirt,M,2026-07-28
SYN_I04156,SYN_V4_dress,S,2026-07-29
SYN_I04157,SYN_V1_kurti,S,2026-07-30
SYN_I04158,SYN_V2_shirt,M,2026-07-31
SYN_I04159,SYN_V3_dress,S,2026-08-01
SYN_I04160,SYN_V4_trousers,M,2026-08-02
SYN_I04161,SYN_V1_trousers,XL,2026-08-03
SYN_I04162,SYN_V2_kurti,M,2026-08-04
SYN_I04163,SYN_V3_trousers,XL,2026-08-05
SYN_I04164,SYN_V4_shirt,L,2026-08-06
SYN_I04165,SYN_V1_dress,M,2026-08-07
SYN_I04166,SYN_V2_shirt,S,2026-08-08
SYN_I04167,SYN_V3_kurti,L,2026-08-09
SYN_I04168,SYN_V4_dress,M,2026-08-10
SYN_I04169,SYN_V1_trousers,S,2026-08-11
SYN_I04170,SYN_V2_shirt,XL,2026-08-12
SYN_I04171,SYN_V3_dress,M,2026-08-13
SYN_I04172,SYN_V4_shirt,M,2026-08-14
SYN_I04173,SYN_V1_kurti,M,2026-08-15
SYN_I04174,SYN_V2_dress,XL,2026-08-16
SYN_I04175,SYN_V3_trousers,L,2026-08-17
SYN_I04176,SYN_V4_trousers,S,2026-08-18
SYN_I04177,SYN_V1_dress,XL,2026-08-19
SYN_I04178,SYN_V2_kurti,M,2026-08-20
SYN_I04179,SYN_V3_shirt,XL,2026-08-21
SYN_I04180,SYN_V4_dress,S,2026-08-22
SYN_I04181,SYN_V1_dress,M,2026-07-26
SYN_I04182,SYN_V2_shirt,M,2026-07-27
SYN_I04183,SYN_V3_kurti,S,2026-07-28
SYN_I04184,SYN_V4_shirt,XL,2026-07-29
SYN_I04185,SYN_V1_dress,M,2026-07-30
SYN_I04186,SYN_V2_kurti,M,2026-07-31
SYN_I04187,SYN_V3_trousers,XL,2026-08-01
SYN_I04188,SYN_V4_shirt,L,2026-08-02
SYN_I04189,SYN_V1_dress,S,2026-08-03
SYN_I04190,SYN_V2_kurti,XL,2026-08-04
SYN_I04191,SYN_V3_trousers,L,2026-08-05
SYN_I04192,SYN_V4_kurti,S,2026-08-06
SYN_I04193,SYN_V1_dress,M,2026-08-07
SYN_I04194,SYN_V2_trousers,S,2026-08-08
SYN_I04195,SYN_V3_shirt,S,2026-08-09
SYN_I04196,SYN_V4_shirt,S,2026-08-10
SYN_I04197,SYN_V1_kurti,XL,2026-08-11
SYN_I04198,SYN_V2_trousers,M,2026-08-12
SYN_I04199,SYN_V3_kurti,L,2026-08-13
SYN_I04200,SYN_V4_dress,XL,2026-08-14
SYN_I04201,SYN_V1_dress,S,2026-08-15
SYN_I04202,SYN_V2_dress,S,2026-08-16
SYN_I04203,SYN_V3_dress,L,2026-08-17
SYN_I04204,SYN_V4_kurti,XL,2026-08-18
SYN_I04205,SYN_V1_kurti,M,2026-08-19
SYN_I04206,SYN_V2_shirt,M,2026-08-20
SYN_I04207,SYN_V3_shirt,XL,2026-08-21
SYN_I04208,SYN_V4_kurti,S,2026-08-22
SYN_I04209,SYN_V1_shirt,XL,2026-07-26
SYN_I04210,SYN_V2_shirt,M,2026-07-27
SYN_I04211,SYN_V3_trousers,XL,2026-07-28
SYN_I04212,SYN_V4_kurti,L,2026-07-29
SYN_I04213,SYN_V1_kurti,S,2026-07-30
SYN_I04214,SYN_V2_shirt,M,2026-07-31
SYN_I04215,SYN_V3_kurti,S,2026-08-01
SYN_I04216,SYN_V4_kurti,M,2026-08-02
SYN_I04217,SYN_V1_kurti,L,2026-08-03
SYN_I04218,SYN_V2_shirt,XL,2026-08-04
SYN_I04219,SYN_V3_shirt,XL,2026-08-05
SYN_I04220,SYN_V4_dress,L,2026-08-06
SYN_I04221,SYN_V1_kurti,XL,2026-08-07
SYN_I04222,SYN_V2_shirt,M,2026-08-08
SYN_I04223,SYN_V3_trousers,XL,2026-08-09
SYN_I04224,SYN_V4_trousers,L,2026-08-10
SYN_I04225,SYN_V1_trousers,L,2026-08-11
SYN_I04226,SYN_V2_kurti,XL,2026-08-12
SYN_I04227,SYN_V3_shirt,S,2026-08-13
SYN_I04228,SYN_V4_trousers,M,2026-08-14
SYN_I04229,SYN_V1_kurti,M,2026-08-15
SYN_I04230,SYN_V2_dress,M,2026-08-16
SYN_I04231,SYN_V3_trousers,S,2026-08-17
SYN_I04232,SYN_V4_dress,M,2026-08-18
SYN_I04233,SYN_V1_dress,M,2026-08-19
SYN_I04234,SYN_V2_kurti,L,2026-08-20
SYN_I04235,SYN_V3_trousers,L,2026-08-21
SYN_I04236,SYN_V4_trousers,S,2026-08-22
SYN_I04237,SYN_V1_kurti,XL,2026-07-26
SYN_I04238,SYN_V2_shirt,XL,2026-07-27
SYN_I04239,SYN_V3_dress,M,2026-07-28
SYN_I04240,SYN_V4_shirt,S,2026-07-29
SYN_I04241,SYN_V1_trousers,L,2026-07-30
SYN_I04242,SYN_V2_kurti,S,2026-07-31
SYN_I04243,SYN_V3_kurti,L,2026-08-01
SYN_I04244,SYN_V4_kurti,XL,2026-08-02
SYN_I04245,SYN_V1_trousers,L,2026-08-03
SYN_I04246,SYN_V2_trousers,XL,2026-08-04
SYN_I04247,SYN_V3_dress,XL,2026-08-05
SYN_I04248,SYN_V4_dress,M,2026-08-06
SYN_I04249,SYN_V1_trousers,XL,2026-08-07
SYN_I04250,SYN_V2_kurti,M,2026-08-08
SYN_I04251,SYN_V3_kurti,L,2026-08-09
SYN_I04252,SYN_V4_trousers,L,2026-08-10
SYN_I04253,SYN_V1_trousers,S,2026-08-11
SYN_I04254,SYN_V2_dress,XL,2026-08-12
SYN_I04255,SYN_V3_kurti,S,2026-08-13
SYN_I04256,SYN_V4_shirt,L,2026-08-14
SYN_I04257,SYN_V1_dress,XL,2026-08-15
SYN_I04258,SYN_V2_dress,M,2026-08-16
SYN_I04259,SYN_V3_kurti,S,2026-08-17
SYN_I04260,SYN_V4_kurti,XL,2026-08-18
SYN_I04261,SYN_V1_shirt,S,2026-08-19
SYN_I04262,SYN_V2_dress,XL,2026-08-20
SYN_I04263,SYN_V3_trousers,M,2026-08-21
SYN_I04264,SYN_V4_shirt,M,2026-08-22
SYN_I04265,SYN_V1_dress,S,2026-07-26
SYN_I04266,SYN_V2_dress,M,2026-07-27
SYN_I04267,SYN_V3_kurti,M,2026-07-28
SYN_I04268,SYN_V4_shirt,L,2026-07-29
SYN_I04269,SYN_V1_dress,L,2026-07-30
SYN_I04270,SYN_V2_shirt,M,2026-07-31
SYN_I04271,SYN_V3_shirt,XL,2026-08-01
SYN_I04272,SYN_V4_kurti,L,2026-08-02
SYN_I04273,SYN_V1_kurti,XL,2026-08-03
SYN_I04274,SYN_V2_dress,M,2026-08-04
SYN_I04275,SYN_V3_dress,M,2026-08-05
SYN_I04276,SYN_V4_kurti,L,2026-08-06
SYN_I04277,SYN_V1_kurti,M,2026-08-07
SYN_I04278,SYN_V2_shirt,L,2026-08-08
SYN_I04279,SYN_V3_dress,S,2026-08-09
SYN_I04280,SYN_V4_shirt,S,2026-08-10
SYN_I04281,SYN_V1_dress,M,2026-08-11
SYN_I04282,SYN_V2_shirt,S,2026-08-12
SYN_I04283,SYN_V3_dress,L,2026-08-13
SYN_I04284,SYN_V4_shirt,L,2026-08-14
SYN_I04285,SYN_V1_shirt,M,2026-08-15
SYN_I04286,SYN_V2_trousers,S,2026-08-16
SYN_I04287,SYN_V3_dress,S,2026-08-17
SYN_I04288,SYN_V4_trousers,S,2026-08-18
SYN_I04289,SYN_V1_trousers,XL,2026-08-19
SYN_I04290,SYN_V2_kurti,M,2026-08-20
SYN_I04291,SYN_V3_dress,S,2026-08-21
SYN_I04292,SYN_V4_shirt,S,2026-08-22
SYN_I04293,SYN_V1_shirt,L,2026-07-26
SYN_I04294,SYN_V2_shirt,XL,2026-07-27
SYN_I04295,SYN_V3_shirt,L,2026-07-28
SYN_I04296,SYN_V4_dress,S,2026-07-29
SYN_I04297,SYN_V1_kurti,L,2026-07-30
SYN_I04298,SYN_V2_trousers,L,2026-07-31
SYN_I04299,SYN_V3_dress,M,2026-08-01
SYN_I04300,SYN_V4_shirt,S,2026-08-02
SYN_I04301,SYN_V1_dress,L,2026-08-03
SYN_I04302,SYN_V2_kurti,L,2026-08-04
SYN_I04303,SYN_V3_shirt,L,2026-08-05
SYN_I04304,SYN_V4_trousers,XL,2026-08-06
SYN_I04305,SYN_V1_kurti,L,2026-08-07
SYN_I04306,SYN_V2_kurti,XL,2026-08-08
SYN_I04307,SYN_V3_trousers,XL,2026-08-09
SYN_I04308,SYN_V4_kurti,M,2026-08-10
SYN_I04309,SYN_V1_kurti,M,2026-08-11
SYN_I04310,SYN_V2_kurti,XL,2026-08-12
SYN_I04311,SYN_V3_dress,L,2026-08-13
SYN_I04312,SYN_V4_kurti,S,2026-08-14
SYN_I04313,SYN_V1_shirt,S,2026-08-15
SYN_I04314,SYN_V2_kurti,M,2026-08-16
SYN_I04315,SYN_V3_trousers,L,2026-08-17
SYN_I04316,SYN_V4_kurti,M,2026-08-18
SYN_I04317,SYN_V1_shirt,XL,2026-08-19
SYN_I04318,SYN_V2_dress,M,2026-08-20
SYN_I04319,SYN_V3_kurti,M,2026-08-21
SYN_I04320,SYN_V4_trousers,XL,2026-08-22
SYN_I04321,SYN_V1_trousers,L,2026-07-26
SYN_I04322,SYN_V2_kurti,L,2026-07-27
SYN_I04323,SYN_V3_dress,XL,2026-07-28
SYN_I04324,SYN_V4_trousers,M,2026-07-29
SYN_I04325,SYN_V1_shirt,S,2026-07-30
SYN_I04326,SYN_V2_trousers,M,2026-07-31
SYN_I04327,SYN_V3_kurti,L,2026-08-01
SYN_I04328,SYN_V4_kurti,XL,2026-08-02
SYN_I04329,SYN_V1_dress,S,2026-08-03
SYN_I04330,SYN_V2_shirt,M,2026-08-04
SYN_I04331,SYN_V3_shirt,XL,2026-08-05
SYN_I04332,SYN_V4_dress,S,2026-08-06
SYN_I04333,SYN_V1_kurti,L,2026-08-07
SYN_I04334,SYN_V2_shirt,XL,2026-08-08
SYN_I04335,SYN_V3_dress,M,2026-08-09
SYN_I04336,SYN_V4_trousers,S,2026-08-10
SYN_I04337,SYN_V1_trousers,M,2026-08-11
SYN_I04338,SYN_V2_trousers,XL,2026-08-12
SYN_I04339,SYN_V3_trousers,L,2026-08-13
SYN_I04340,SYN_V4_trousers,XL,2026-08-14
SYN_I04341,SYN_V1_dress,XL,2026-08-15
SYN_I04342,SYN_V2_shirt,XL,2026-08-16
SYN_I04343,SYN_V3_dress,M,2026-08-17
SYN_I04344,SYN_V4_dress,L,2026-08-18
SYN_I04345,SYN_V1_dress,L,2026-08-19
SYN_I04346,SYN_V2_shirt,XL,2026-08-20
SYN_I04347,SYN_V3_trousers,L,2026-08-21
SYN_I04348,SYN_V4_dress,XL,2026-08-22
SYN_I04349,SYN_V1_shirt,S,2026-07-26
SYN_I04350,SYN_V2_kurti,XL,2026-07-27
SYN_I04351,SYN_V3_trousers,M,2026-07-28
SYN_I04352,SYN_V4_kurti,M,2026-07-29
SYN_I04353,SYN_V1_trousers,L,2026-07-30
SYN_I04354,SYN_V2_trousers,S,2026-07-31
SYN_I04355,SYN_V3_trousers,L,2026-08-01
SYN_I04356,SYN_V4_dress,L,2026-08-02
SYN_I04357,SYN_V1_trousers,L,2026-08-03
SYN_I04358,SYN_V2_trousers,S,2026-08-04
SYN_I04359,SYN_V3_trousers,S,2026-08-05
SYN_I04360,SYN_V4_kurti,L,2026-08-06
SYN_I04361,SYN_V1_kurti,XL,2026-08-07
SYN_I04362,SYN_V2_trousers,M,2026-08-08
SYN_I04363,SYN_V3_trousers,S,2026-08-09
SYN_I04364,SYN_V4_shirt,S,2026-08-10
SYN_I04365,SYN_V1_dress,M,2026-08-11
SYN_I04366,SYN_V2_dress,L,2026-08-12
SYN_I04367,SYN_V3_kurti,M,2026-08-13
SYN_I04368,SYN_V4_dress,M,2026-08-14
SYN_I04369,SYN_V1_shirt,S,2026-08-15
SYN_I04370,SYN_V2_dress,S,2026-08-16
SYN_I04371,SYN_V3_shirt,S,2026-08-17
SYN_I04372,SYN_V4_trousers,L,2026-08-18
SYN_I04373,SYN_V1_trousers,L,2026-08-19
SYN_I04374,SYN_V2_kurti,M,2026-08-20
SYN_I04375,SYN_V3_trousers,XL,2026-08-21
SYN_I04376,SYN_V4_dress,M,2026-08-22
SYN_I04377,SYN_V1_dress,S,2026-07-26
SYN_I04378,SYN_V2_dress,XL,2026-07-27
SYN_I04379,SYN_V3_trousers,XL,2026-07-28
SYN_I04380,SYN_V4_shirt,M,2026-07-29
SYN_I04381,SYN_V1_kurti,S,2026-07-30
SYN_I04382,SYN_V2_dress,M,2026-07-31
SYN_I04383,SYN_V3_dress,XL,2026-08-01
SYN_I04384,SYN_V4_kurti,M,2026-08-02
SYN_I04385,SYN_V1_trousers,S,2026-08-03
SYN_I04386,SYN_V2_kurti,S,2026-08-04
SYN_I04387,SYN_V3_trousers,L,2026-08-05
SYN_I04388,SYN_V4_trousers,L,2026-08-06
SYN_I04389,SYN_V1_kurti,S,2026-08-07
SYN_I04390,SYN_V2_dress,M,2026-08-08
SYN_I04391,SYN_V3_shirt,L,2026-08-09
SYN_I04392,SYN_V4_kurti,L,2026-08-10
SYN_I04393,SYN_V1_trousers,L,2026-08-11
SYN_I04394,SYN_V2_dress,XL,2026-08-12
SYN_I04395,SYN_V3_shirt,M,2026-08-13
SYN_I04396,SYN_V4_trousers,L,2026-08-14
SYN_I04397,SYN_V1_shirt,XL,2026-08-15
SYN_I04398,SYN_V2_kurti,S,2026-08-16
SYN_I04399,SYN_V3_shirt,XL,2026-08-17
SYN_I04400,SYN_V4_dress,XL,2026-08-18
SYN_I04401,SYN_V1_kurti,L,2026-08-19
SYN_I04402,SYN_V2_trousers,XL,2026-08-20
SYN_I04403,SYN_V3_dress,S,2026-08-21
SYN_I04404,SYN_V4_dress,M,2026-08-22
SYN_I04405,SYN_V1_dress,S,2026-07-26
SYN_I04406,SYN_V2_shirt,L,2026-07-27
SYN_I04407,SYN_V3_trousers,L,2026-07-28
SYN_I04408,SYN_V4_trousers,S,2026-07-29
SYN_I04409,SYN_V1_shirt,S,2026-07-30
SYN_I04410,SYN_V2_trousers,M,2026-07-31
SYN_I04411,SYN_V3_dress,L,2026-08-01
SYN_I04412,SYN_V4_dress,L,2026-08-02
SYN_I04413,SYN_V1_shirt,S,2026-08-03
SYN_I04414,SYN_V2_trousers,S,2026-08-04
SYN_I04415,SYN_V3_shirt,XL,2026-08-05
SYN_I04416,SYN_V4_trousers,XL,2026-08-06
SYN_I04417,SYN_V1_shirt,M,2026-08-07
SYN_I04418,SYN_V2_shirt,M,2026-08-08
SYN_I04419,SYN_V3_dress,M,2026-08-09
SYN_I04420,SYN_V4_kurti,S,2026-08-10
SYN_I04421,SYN_V1_trousers,L,2026-08-11
SYN_I04422,SYN_V2_kurti,M,2026-08-12
SYN_I04423,SYN_V3_trousers,M,2026-08-13
SYN_I04424,SYN_V4_dress,XL,2026-08-14
SYN_I04425,SYN_V1_shirt,L,2026-08-15
SYN_I04426,SYN_V2_dress,L,2026-08-16
SYN_I04427,SYN_V3_trousers,M,2026-08-17
SYN_I04428,SYN_V4_trousers,S,2026-08-18
SYN_I04429,SYN_V1_dress,L,2026-08-19
SYN_I04430,SYN_V2_kurti,L,2026-08-20
SYN_I04431,SYN_V3_trousers,L,2026-08-21
SYN_I04432,SYN_V4_dress,M,2026-08-22
SYN_I04433,SYN_V1_dress,L,2026-07-26
SYN_I04434,SYN_V2_kurti,XL,2026-07-27
SYN_I04435,SYN_V3_shirt,S,2026-07-28
SYN_I04436,SYN_V4_kurti,XL,2026-07-29
SYN_I04437,SYN_V1_kurti,M,2026-07-30
SYN_I04438,SYN_V2_dress,L,2026-07-31
SYN_I04439,SYN_V3_shirt,XL,2026-08-01
SYN_I04440,SYN_V4_dress,L,2026-08-02
SYN_I04441,SYN_V1_kurti,M,2026-08-03
SYN_I04442,SYN_V2_dress,L,2026-08-04
SYN_I04443,SYN_V3_shirt,L,2026-08-05
SYN_I04444,SYN_V4_trousers,XL,2026-08-06
SYN_I04445,SYN_V1_shirt,XL,2026-08-07
SYN_I04446,SYN_V2_kurti,L,2026-08-08
SYN_I04447,SYN_V3_shirt,S,2026-08-09
SYN_I04448,SYN_V4_shirt,S,2026-08-10
SYN_I04449,SYN_V1_kurti,L,2026-08-11
SYN_I04450,SYN_V2_kurti,XL,2026-08-12
SYN_I04451,SYN_V3_dress,M,2026-08-13
SYN_I04452,SYN_V4_kurti,XL,2026-08-14
SYN_I04453,SYN_V1_trousers,S,2026-08-15
SYN_I04454,SYN_V2_kurti,M,2026-08-16
SYN_I04455,SYN_V3_shirt,XL,2026-08-17
SYN_I04456,SYN_V4_trousers,M,2026-08-18
SYN_I04457,SYN_V1_trousers,M,2026-08-19
SYN_I04458,SYN_V2_shirt,L,2026-08-20
SYN_I04459,SYN_V3_trousers,S,2026-08-21
SYN_I04460,SYN_V4_trousers,M,2026-08-22
SYN_I04461,SYN_V1_dress,XL,2026-07-26
SYN_I04462,SYN_V2_kurti,S,2026-07-27
SYN_I04463,SYN_V3_trousers,L,2026-07-28
SYN_I04464,SYN_V4_shirt,L,2026-07-29
SYN_I04465,SYN_V1_shirt,XL,2026-07-30
SYN_I04466,SYN_V2_dress,M,2026-07-31
SYN_I04467,SYN_V3_shirt,XL,2026-08-01
SYN_I04468,SYN_V4_shirt,L,2026-08-02
SYN_I04469,SYN_V1_shirt,XL,2026-08-03
SYN_I04470,SYN_V2_dress,XL,2026-08-04
SYN_I04471,SYN_V3_shirt,S,2026-08-05
SYN_I04472,SYN_V4_trousers,XL,2026-08-06
SYN_I04473,SYN_V1_kurti,S,2026-08-07
SYN_I04474,SYN_V2_dress,S,2026-08-08
SYN_I04475,SYN_V3_dress,L,2026-08-09
SYN_I04476,SYN_V4_trousers,L,2026-08-10
SYN_I04477,SYN_V1_shirt,S,2026-08-11
SYN_I04478,SYN_V2_kurti,XL,2026-08-12
SYN_I04479,SYN_V3_dress,L,2026-08-13
SYN_I04480,SYN_V4_dress,L,2026-08-14
SYN_I04481,SYN_V1_kurti,M,2026-08-15
SYN_I04482,SYN_V2_dress,L,2026-08-16
SYN_I04483,SYN_V3_dress,M,2026-08-17
SYN_I04484,SYN_V4_dress,L,2026-08-18
SYN_I04485,SYN_V1_shirt,XL,2026-08-19
SYN_I04486,SYN_V2_dress,XL,2026-08-20
SYN_I04487,SYN_V3_trousers,S,2026-08-21
SYN_I04488,SYN_V4_shirt,M,2026-08-22
SYN_I04489,SYN_V1_dress,XL,2026-07-26
SYN_I04490,SYN_V2_shirt,M,2026-07-27
SYN_I04491,SYN_V3_trousers,L,2026-07-28
SYN_I04492,SYN_V4_trousers,M,2026-07-29
SYN_I04493,SYN_V1_shirt,L,2026-07-30
SYN_I04494,SYN_V2_trousers,L,2026-07-31
SYN_I04495,SYN_V3_shirt,XL,2026-08-01
SYN_I04496,SYN_V4_dress,L,2026-08-02
SYN_I04497,SYN_V1_shirt,S,2026-08-03
SYN_I04498,SYN_V2_kurti,L,2026-08-04
SYN_I04499,SYN_V3_shirt,XL,2026-08-05
SYN_I04500,SYN_V4_dress,L,2026-08-06
SYN_I04501,SYN_V1_shirt,S,2026-09-20
SYN_I04502,SYN_V2_kurti,L,2026-09-21
SYN_I04503,SYN_V3_dress,S,2026-09-22
SYN_I04504,SYN_V4_kurti,S,2026-09-23
SYN_I04505,SYN_V1_trousers,XL,2026-09-24
SYN_I04506,SYN_V2_dress,L,2026-09-25
SYN_I04507,SYN_V3_shirt,XL,2026-09-26
SYN_I04508,SYN_V4_dress,XL,2026-09-27
SYN_I04509,SYN_V1_trousers,L,2026-09-28
SYN_I04510,SYN_V2_kurti,XL,2026-09-29
SYN_I04511,SYN_V3_trousers,XL,2026-09-30
SYN_I04512,SYN_V4_dress,XL,2026-10-01
SYN_I04513,SYN_V1_trousers,L,2026-10-02
SYN_I04514,SYN_V2_dress,L,2026-10-03
SYN_I04515,SYN_V3_shirt,S,2026-09-20
SYN_I04516,SYN_V4_trousers,L,2026-09-21
SYN_I04517,SYN_V1_kurti,S,2026-09-22
SYN_I04518,SYN_V2_kurti,XL,2026-09-23
SYN_I04519,SYN_V3_trousers,M,2026-09-24
SYN_I04520,SYN_V4_trousers,XL,2026-09-25
SYN_I04521,SYN_V1_shirt,L,2026-09-26
SYN_I04522,SYN_V2_trousers,L,2026-09-27
SYN_I04523,SYN_V3_kurti,S,2026-09-28
SYN_I04524,SYN_V4_kurti,XL,2026-09-29
SYN_I04525,SYN_V1_shirt,S,2026-09-30
SYN_I04526,SYN_V2_shirt,L,2026-10-01
SYN_I04527,SYN_V3_shirt,M,2026-10-02
SYN_I04528,SYN_V4_kurti,L,2026-10-03
SYN_I04529,SYN_V1_trousers,M,2026-09-20
SYN_I04530,SYN_V2_kurti,S,2026-09-21
SYN_I04531,SYN_V3_shirt,XL,2026-09-22
SYN_I04532,SYN_V4_shirt,XL,2026-09-23
SYN_I04533,SYN_V1_dress,M,2026-09-24
SYN_I04534,SYN_V2_kurti,M,2026-09-25
SYN_I04535,SYN_V3_dress,S,2026-09-26
SYN_I04536,SYN_V4_kurti,XL,2026-09-27
SYN_I04537,SYN_V1_kurti,S,2026-09-28
SYN_I04538,SYN_V2_kurti,L,2026-09-29
SYN_I04539,SYN_V3_shirt,XL,2026-09-30
SYN_I04540,SYN_V4_kurti,L,2026-10-01
SYN_I04541,SYN_V1_trousers,L,2026-10-02
SYN_I04542,SYN_V2_dress,M,2026-10-03
SYN_I04543,SYN_V3_kurti,M,2026-09-20
SYN_I04544,SYN_V4_trousers,L,2026-09-21
SYN_I04545,SYN_V1_dress,L,2026-09-22
SYN_I04546,SYN_V2_dress,M,2026-09-23
SYN_I04547,SYN_V3_shirt,L,2026-09-24
SYN_I04548,SYN_V4_dress,S,2026-09-25
SYN_I04549,SYN_V1_dress,XL,2026-09-26
SYN_I04550,SYN_V2_kurti,XL,2026-09-27
SYN_I04551,SYN_V3_shirt,XL,2026-09-28
SYN_I04552,SYN_V4_kurti,L,2026-09-29
SYN_I04553,SYN_V1_trousers,S,2026-09-30
SYN_I04554,SYN_V2_kurti,S,2026-10-01
SYN_I04555,SYN_V3_dress,XL,2026-10-02
SYN_I04556,SYN_V4_trousers,M,2026-10-03
SYN_I04557,SYN_V1_shirt,L,2026-09-20
SYN_I04558,SYN_V2_shirt,XL,2026-09-21
SYN_I04559,SYN_V3_dress,XL,2026-09-22
SYN_I04560,SYN_V4_trousers,M,2026-09-23
SYN_I04561,SYN_V1_shirt,M,2026-09-24
SYN_I04562,SYN_V2_trousers,XL,2026-09-25
SYN_I04563,SYN_V3_dress,S,2026-09-26
SYN_I04564,SYN_V4_dress,M,2026-09-27
SYN_I04565,SYN_V1_shirt,S,2026-09-28
SYN_I04566,SYN_V2_kurti,S,2026-09-29
SYN_I04567,SYN_V3_kurti,XL,2026-09-30
SYN_I04568,SYN_V4_kurti,L,2026-10-01
SYN_I04569,SYN_V1_dress,S,2026-10-02
SYN_I04570,SYN_V2_dress,XL,2026-10-03
SYN_I04571,SYN_V3_dress,L,2026-09-20
SYN_I04572,SYN_V4_trousers,XL,2026-09-21
SYN_I04573,SYN_V1_dress,XL,2026-09-22
SYN_I04574,SYN_V2_trousers,L,2026-09-23
SYN_I04575,SYN_V3_trousers,S,2026-09-24
SYN_I04576,SYN_V4_dress,XL,2026-09-25
SYN_I04577,SYN_V1_shirt,L,2026-09-26
SYN_I04578,SYN_V2_trousers,S,2026-09-27
SYN_I04579,SYN_V3_kurti,XL,2026-09-28
SYN_I04580,SYN_V4_kurti,M,2026-09-29
SYN_I04581,SYN_V1_dress,S,2026-09-30
SYN_I04582,SYN_V2_shirt,M,2026-10-01
SYN_I04583,SYN_V3_kurti,XL,2026-10-02
SYN_I04584,SYN_V4_trousers,M,2026-10-03
SYN_I04585,SYN_V1_dress,L,2026-09-20
SYN_I04586,SYN_V2_dress,M,2026-09-21
SYN_I04587,SYN_V3_kurti,XL,2026-09-22
SYN_I04588,SYN_V4_kurti,M,2026-09-23
SYN_I04589,SYN_V1_kurti,S,2026-09-24
SYN_I04590,SYN_V2_kurti,L,2026-09-25
SYN_I04591,SYN_V3_dress,L,2026-09-26
SYN_I04592,SYN_V4_kurti,XL,2026-09-27
SYN_I04593,SYN_V1_trousers,S,2026-09-28
SYN_I04594,SYN_V2_kurti,L,2026-09-29
SYN_I04595,SYN_V3_trousers,S,2026-09-30
SYN_I04596,SYN_V4_kurti,M,2026-10-01
SYN_I04597,SYN_V1_dress,M,2026-10-02
SYN_I04598,SYN_V2_kurti,S,2026-10-03
SYN_I04599,SYN_V3_shirt,XL,2026-09-20
SYN_I04600,SYN_V4_kurti,L,2026-09-21
SYN_I04601,SYN_V1_trousers,L,2026-09-22
SYN_I04602,SYN_V2_kurti,XL,2026-09-23
SYN_I04603,SYN_V3_dress,M,2026-09-24
SYN_I04604,SYN_V4_shirt,S,2026-09-25
SYN_I04605,SYN_V1_dress,XL,2026-09-26
SYN_I04606,SYN_V2_shirt,XL,2026-09-27
SYN_I04607,SYN_V3_shirt,M,2026-09-28
SYN_I04608,SYN_V4_shirt,L,2026-09-29
SYN_I04609,SYN_V1_shirt,L,2026-09-30
SYN_I04610,SYN_V2_kurti,S,2026-10-01
SYN_I04611,SYN_V3_dress,S,2026-10-02
SYN_I04612,SYN_V4_kurti,XL,2026-10-03
SYN_I04613,SYN_V1_dress,M,2026-09-20
SYN_I04614,SYN_V2_trousers,XL,2026-09-21
SYN_I04615,SYN_V3_kurti,L,2026-09-22
SYN_I04616,SYN_V4_trousers,XL,2026-09-23
SYN_I04617,SYN_V1_dress,L,2026-09-24
SYN_I04618,SYN_V2_trousers,S,2026-09-25
SYN_I04619,SYN_V3_shirt,M,2026-09-26
SYN_I04620,SYN_V4_dress,M,2026-09-27
SYN_I04621,SYN_V1_kurti,M,2026-09-28
SYN_I04622,SYN_V2_dress,M,2026-09-29
SYN_I04623,SYN_V3_trousers,XL,2026-09-30
SYN_I04624,SYN_V4_dress,S,2026-10-01
SYN_I04625,SYN_V1_dress,L,2026-10-02
SYN_I04626,SYN_V2_shirt,XL,2026-10-03
SYN_I04627,SYN_V3_shirt,XL,2026-09-20
SYN_I04628,SYN_V4_kurti,S,2026-09-21
SYN_I04629,SYN_V1_shirt,L,2026-09-22
SYN_I04630,SYN_V2_kurti,S,2026-09-23
SYN_I04631,SYN_V3_dress,L,2026-09-24
SYN_I04632,SYN_V4_trousers,M,2026-09-25
SYN_I04633,SYN_V1_kurti,XL,2026-09-26
SYN_I04634,SYN_V2_kurti,XL,2026-09-27
SYN_I04635,SYN_V3_kurti,XL,2026-09-28
SYN_I04636,SYN_V4_trousers,L,2026-09-29
SYN_I04637,SYN_V1_kurti,XL,2026-09-30
SYN_I04638,SYN_V2_trousers,XL,2026-10-01
SYN_I04639,SYN_V3_shirt,XL,2026-10-02
SYN_I04640,SYN_V4_trousers,M,2026-10-03
SYN_I04641,SYN_V1_shirt,L,2026-09-20
SYN_I04642,SYN_V2_kurti,XL,2026-09-21
SYN_I04643,SYN_V3_kurti,S,2026-09-22
SYN_I04644,SYN_V4_shirt,XL,2026-09-23
SYN_I04645,SYN_V1_dress,M,2026-09-24
SYN_I04646,SYN_V2_dress,S,2026-09-25
SYN_I04647,SYN_V3_trousers,XL,2026-09-26
SYN_I04648,SYN_V4_trousers,XL,2026-09-27
SYN_I04649,SYN_V1_dress,XL,2026-09-28
SYN_I04650,SYN_V2_trousers,L,2026-09-29
SYN_I04651,SYN_V3_dress,S,2026-09-30
SYN_I04652,SYN_V4_kurti,L,2026-10-01
SYN_I04653,SYN_V1_shirt,M,2026-10-02
SYN_I04654,SYN_V2_trousers,M,2026-10-03
SYN_I04655,SYN_V3_kurti,S,2026-09-20
SYN_I04656,SYN_V4_shirt,L,2026-09-21
SYN_I04657,SYN_V1_kurti,S,2026-09-22
SYN_I04658,SYN_V2_shirt,XL,2026-09-23
SYN_I04659,SYN_V3_shirt,XL,2026-09-24
SYN_I04660,SYN_V4_trousers,S,2026-09-25
SYN_I04661,SYN_V1_trousers,XL,2026-09-26
SYN_I04662,SYN_V2_dress,M,2026-09-27
SYN_I04663,SYN_V3_shirt,XL,2026-09-28
SYN_I04664,SYN_V4_trousers,L,2026-09-29
SYN_I04665,SYN_V1_kurti,S,2026-09-30
SYN_I04666,SYN_V2_trousers,S,2026-10-01
SYN_I04667,SYN_V3_kurti,L,2026-10-02
SYN_I04668,SYN_V4_trousers,L,2026-10-03
SYN_I04669,SYN_V1_dress,L,2026-09-20
SYN_I04670,SYN_V2_shirt,M,2026-09-21
SYN_I04671,SYN_V3_shirt,S,2026-09-22
SYN_I04672,SYN_V4_shirt,L,2026-09-23
SYN_I04673,SYN_V1_trousers,L,2026-09-24
SYN_I04674,SYN_V2_dress,M,2026-09-25
SYN_I04675,SYN_V3_shirt,L,2026-09-26
SYN_I04676,SYN_V4_kurti,L,2026-09-27
SYN_I04677,SYN_V1_trousers,M,2026-09-28
SYN_I04678,SYN_V2_dress,XL,2026-09-29
SYN_I04679,SYN_V3_trousers,L,2026-09-30
SYN_I04680,SYN_V4_shirt,L,2026-10-01
SYN_I04681,SYN_V1_dress,XL,2026-10-02
SYN_I04682,SYN_V2_trousers,L,2026-10-03
SYN_I04683,SYN_V3_trousers,XL,2026-09-20
SYN_I04684,SYN_V4_dress,L,2026-09-21
SYN_I04685,SYN_V1_shirt,L,2026-09-22
SYN_I04686,SYN_V2_dress,L,2026-09-23
SYN_I04687,SYN_V3_shirt,L,2026-09-24
SYN_I04688,SYN_V4_shirt,XL,2026-09-25
SYN_I04689,SYN_V1_kurti,XL,2026-09-26
SYN_I04690,SYN_V2_trousers,XL,2026-09-27
SYN_I04691,SYN_V3_shirt,L,2026-09-28
SYN_I04692,SYN_V4_kurti,S,2026-09-29
SYN_I04693,SYN_V1_shirt,S,2026-09-30
SYN_I04694,SYN_V2_shirt,L,2026-10-01
SYN_I04695,SYN_V3_kurti,S,2026-10-02
SYN_I04696,SYN_V4_shirt,S,2026-10-03
SYN_I04697,SYN_V1_shirt,L,2026-09-20
SYN_I04698,SYN_V2_shirt,XL,2026-09-21
SYN_I04699,SYN_V3_shirt,L,2026-09-22
SYN_I04700,SYN_V4_trousers,M,2026-09-23
SYN_I04701,SYN_V1_trousers,S,2026-06-15
SYN_I04702,SYN_V2_dress,XL,2026-06-16
SYN_I04703,SYN_V3_shirt,XL,2026-06-17
SYN_I04704,SYN_V4_kurti,XL,2026-06-18
SYN_I04705,SYN_V1_kurti,XL,2026-06-19
SYN_I04706,SYN_V2_trousers,M,2026-06-20
SYN_I04707,SYN_V3_kurti,M,2026-06-21
SYN_I04708,SYN_V4_shirt,L,2026-06-22
SYN_I04709,SYN_V1_trousers,M,2026-06-23
SYN_I04710,SYN_V2_trousers,XL,2026-06-24
SYN_I04711,SYN_V3_dress,XL,2026-06-25
SYN_I04712,SYN_V4_dress,S,2026-06-26
SYN_I04713,SYN_V1_dress,XL,2026-06-27
SYN_I04714,SYN_V2_kurti,XL,2026-06-28
SYN_I04715,SYN_V3_kurti,M,2026-06-29
SYN_I04716,SYN_V4_trousers,M,2026-06-30
SYN_I04717,SYN_V1_shirt,L,2026-07-01
SYN_I04718,SYN_V2_trousers,S,2026-07-02
SYN_I04719,SYN_V3_dress,S,2026-07-03
SYN_I04720,SYN_V4_shirt,XL,2026-07-04
SYN_I04721,SYN_V1_shirt,XL,2026-07-05
SYN_I04722,SYN_V2_kurti,S,2026-07-06
SYN_I04723,SYN_V3_shirt,S,2026-07-07
SYN_I04724,SYN_V4_kurti,XL,2026-07-08
SYN_I04725,SYN_V1_trousers,M,2026-07-09
SYN_I04726,SYN_V2_dress,XL,2026-07-10
SYN_I04727,SYN_V3_shirt,M,2026-07-11
SYN_I04728,SYN_V4_dress,M,2026-07-12
SYN_I04729,SYN_V1_shirt,XL,2026-06-15
SYN_I04730,SYN_V2_trousers,M,2026-06-16
SYN_I04731,SYN_V3_kurti,M,2026-06-17
SYN_I04732,SYN_V4_kurti,M,2026-06-18
SYN_I04733,SYN_V1_shirt,M,2026-06-19
SYN_I04734,SYN_V2_dress,XL,2026-06-20
SYN_I04735,SYN_V3_dress,M,2026-06-21
SYN_I04736,SYN_V4_kurti,L,2026-06-22
SYN_I04737,SYN_V1_trousers,S,2026-06-23
SYN_I04738,SYN_V2_dress,M,2026-06-24
SYN_I04739,SYN_V3_shirt,M,2026-06-25
SYN_I04740,SYN_V4_kurti,S,2026-06-26
SYN_I04741,SYN_V1_shirt,XL,2026-06-27
SYN_I04742,SYN_V2_dress,XL,2026-06-28
SYN_I04743,SYN_V3_trousers,S,2026-06-29
SYN_I04744,SYN_V4_kurti,M,2026-06-30
SYN_I04745,SYN_V1_kurti,L,2026-07-01
SYN_I04746,SYN_V2_dress,L,2026-07-02
SYN_I04747,SYN_V3_shirt,L,2026-07-03
SYN_I04748,SYN_V4_kurti,XL,2026-07-04
SYN_I04749,SYN_V1_dress,M,2026-07-05
SYN_I04750,SYN_V2_shirt,M,2026-07-06
SYN_I04751,SYN_V3_shirt,S,2026-07-07
SYN_I04752,SYN_V4_dress,M,2026-07-08
SYN_I04753,SYN_V1_dress,M,2026-07-09
SYN_I04754,SYN_V2_kurti,S,2026-07-10
SYN_I04755,SYN_V3_kurti,L,2026-07-11
SYN_I04756,SYN_V4_kurti,L,2026-07-12
SYN_I04757,SYN_V1_dress,S,2026-06-15
SYN_I04758,SYN_V2_dress,M,2026-06-16
SYN_I04759,SYN_V3_kurti,XL,2026-06-17
SYN_I04760,SYN_V4_shirt,L,2026-06-18
SYN_I04761,SYN_V1_trousers,L,2026-06-19
SYN_I04762,SYN_V2_shirt,L,2026-06-20
SYN_I04763,SYN_V3_shirt,XL,2026-06-21
SYN_I04764,SYN_V4_shirt,S,2026-06-22
SYN_I04765,SYN_V1_kurti,M,2026-06-23
SYN_I04766,SYN_V2_kurti,M,2026-06-24
SYN_I04767,SYN_V3_shirt,XL,2026-06-25
SYN_I04768,SYN_V4_dress,S,2026-06-26
SYN_I04769,SYN_V1_dress,XL,2026-06-27
SYN_I04770,SYN_V2_shirt,XL,2026-06-28
SYN_I04771,SYN_V3_dress,M,2026-06-29
SYN_I04772,SYN_V4_dress,L,2026-06-30
SYN_I04773,SYN_V1_shirt,S,2026-07-01
SYN_I04774,SYN_V2_trousers,XL,2026-07-02
SYN_I04775,SYN_V3_kurti,L,2026-07-03
SYN_I04776,SYN_V4_kurti,XL,2026-07-04
SYN_I04777,SYN_V1_trousers,M,2026-07-05
SYN_I04778,SYN_V2_trousers,L,2026-07-06
SYN_I04779,SYN_V3_kurti,M,2026-07-07
SYN_I04780,SYN_V4_kurti,L,2026-07-08
SYN_I04781,SYN_V1_shirt,L,2026-07-09
SYN_I04782,SYN_V2_dress,XL,2026-07-10
SYN_I04783,SYN_V3_dress,S,2026-07-11
SYN_I04784,SYN_V4_shirt,L,2026-07-12
SYN_I04785,SYN_V1_trousers,XL,2026-06-15
SYN_I04786,SYN_V2_dress,M,2026-06-16
SYN_I04787,SYN_V3_shirt,M,2026-06-17
SYN_I04788,SYN_V4_shirt,L,2026-06-18
SYN_I04789,SYN_V1_dress,XL,2026-06-19
SYN_I04790,SYN_V2_shirt,XL,2026-06-20
SYN_I04791,SYN_V3_trousers,XL,2026-06-21
SYN_I04792,SYN_V4_dress,XL,2026-06-22
SYN_I04793,SYN_V1_dress,XL,2026-06-23
SYN_I04794,SYN_V2_shirt,S,2026-06-24
SYN_I04795,SYN_V3_shirt,M,2026-06-25
SYN_I04796,SYN_V4_kurti,L,2026-06-26
SYN_I04797,SYN_V1_kurti,M,2026-06-27
SYN_I04798,SYN_V2_trousers,S,2026-06-28
SYN_I04799,SYN_V3_dress,XL,2026-06-29
SYN_I04800,SYN_V4_shirt,L,2026-06-30
SYN_I04801,SYN_V1_dress,XL,2026-07-01
SYN_I04802,SYN_V2_trousers,M,2026-07-02
SYN_I04803,SYN_V3_kurti,S,2026-07-03
SYN_I04804,SYN_V4_dress,S,2026-07-04
SYN_I04805,SYN_V1_shirt,XL,2026-07-05
SYN_I04806,SYN_V2_dress,M,2026-07-06
SYN_I04807,SYN_V3_shirt,XL,2026-07-07
SYN_I04808,SYN_V4_trousers,L,2026-07-08
SYN_I04809,SYN_V1_trousers,S,2026-07-09
SYN_I04810,SYN_V2_kurti,XL,2026-07-10
SYN_I04811,SYN_V3_dress,S,2026-07-11
SYN_I04812,SYN_V4_trousers,M,2026-07-12
SYN_I04813,SYN_V1_shirt,M,2026-06-15
SYN_I04814,SYN_V2_kurti,M,2026-06-16
SYN_I04815,SYN_V3_trousers,M,2026-06-17
SYN_I04816,SYN_V4_dress,L,2026-06-18
SYN_I04817,SYN_V1_dress,S,2026-06-19
SYN_I04818,SYN_V2_dress,L,2026-06-20
SYN_I04819,SYN_V3_trousers,S,2026-06-21
SYN_I04820,SYN_V4_dress,L,2026-06-22
SYN_I04821,SYN_V1_trousers,S,2026-06-23
SYN_I04822,SYN_V2_trousers,L,2026-06-24
SYN_I04823,SYN_V3_shirt,XL,2026-06-25
SYN_I04824,SYN_V4_kurti,L,2026-06-26
SYN_I04825,SYN_V1_dress,M,2026-06-27
SYN_I04826,SYN_V2_kurti,M,2026-06-28
SYN_I04827,SYN_V3_dress,M,2026-06-29
SYN_I04828,SYN_V4_dress,XL,2026-06-30
SYN_I04829,SYN_V1_kurti,M,2026-07-01
SYN_I04830,SYN_V2_shirt,S,2026-07-02
SYN_I04831,SYN_V3_trousers,XL,2026-07-03
SYN_I04832,SYN_V4_dress,M,2026-07-04
SYN_I04833,SYN_V1_shirt,S,2026-07-05
SYN_I04834,SYN_V2_shirt,L,2026-07-06
SYN_I04835,SYN_V3_shirt,M,2026-07-07
SYN_I04836,SYN_V4_shirt,M,2026-07-08
SYN_I04837,SYN_V1_kurti,L,2026-07-09
SYN_I04838,SYN_V2_dress,L,2026-07-10
SYN_I04839,SYN_V3_dress,L,2026-07-11
SYN_I04840,SYN_V4_dress,L,2026-07-12
SYN_I04841,SYN_V1_shirt,M,2026-06-15
SYN_I04842,SYN_V2_trousers,S,2026-06-16
SYN_I04843,SYN_V3_trousers,M,2026-06-17
SYN_I04844,SYN_V4_shirt,M,2026-06-18
SYN_I04845,SYN_V1_dress,XL,2026-06-19
SYN_I04846,SYN_V2_shirt,XL,2026-06-20
SYN_I04847,SYN_V3_dress,L,2026-06-21
SYN_I04848,SYN_V4_dress,L,2026-06-22
SYN_I04849,SYN_V1_dress,XL,2026-06-23
SYN_I04850,SYN_V2_trousers,S,2026-06-24
SYN_I04851,SYN_V3_trousers,M,2026-06-25
SYN_I04852,SYN_V4_dress,M,2026-06-26
SYN_I04853,SYN_V1_kurti,L,2026-06-27
SYN_I04854,SYN_V2_trousers,M,2026-06-28
SYN_I04855,SYN_V3_shirt,M,2026-06-29
SYN_I04856,SYN_V4_kurti,S,2026-06-30
SYN_I04857,SYN_V1_shirt,S,2026-07-01
SYN_I04858,SYN_V2_kurti,XL,2026-07-02
SYN_I04859,SYN_V3_dress,L,2026-07-03
SYN_I04860,SYN_V4_shirt,S,2026-07-04
SYN_I04861,SYN_V1_shirt,M,2026-07-05
SYN_I04862,SYN_V2_shirt,S,2026-07-06
SYN_I04863,SYN_V3_kurti,M,2026-07-07
SYN_I04864,SYN_V4_kurti,L,2026-07-08
SYN_I04865,SYN_V1_shirt,S,2026-07-09
SYN_I04866,SYN_V2_dress,L,2026-07-10
SYN_I04867,SYN_V3_kurti,L,2026-07-11
SYN_I04868,SYN_V4_kurti,XL,2026-07-12
SYN_I04869,SYN_V1_shirt,M,2026-06-15
SYN_I04870,SYN_V2_trousers,S,2026-06-16
SYN_I04871,SYN_V3_trousers,XL,2026-06-17
SYN_I04872,SYN_V4_dress,XL,2026-06-18
SYN_I04873,SYN_V1_dress,L,2026-06-19
SYN_I04874,SYN_V2_trousers,S,2026-06-20
SYN_I04875,SYN_V3_kurti,M,2026-06-21
SYN_I04876,SYN_V4_dress,S,2026-06-22
SYN_I04877,SYN_V1_kurti,L,2026-06-23
SYN_I04878,SYN_V2_trousers,M,2026-06-24
SYN_I04879,SYN_V3_dress,XL,2026-06-25
SYN_I04880,SYN_V4_dress,S,2026-06-26
SYN_I04881,SYN_V1_shirt,XL,2026-06-27
SYN_I04882,SYN_V2_trousers,S,2026-06-28
SYN_I04883,SYN_V3_shirt,XL,2026-06-29
SYN_I04884,SYN_V4_shirt,M,2026-06-30
SYN_I04885,SYN_V1_trousers,M,2026-07-01
SYN_I04886,SYN_V2_trousers,M,2026-07-02
SYN_I04887,SYN_V3_dress,L,2026-07-03
SYN_I04888,SYN_V4_trousers,S,2026-07-04
SYN_I04889,SYN_V1_trousers,XL,2026-07-05
SYN_I04890,SYN_V2_dress,XL,2026-07-06
SYN_I04891,SYN_V3_dress,XL,2026-07-07
SYN_I04892,SYN_V4_kurti,M,2026-07-08
SYN_I04893,SYN_V1_trousers,XL,2026-07-09
SYN_I04894,SYN_V2_dress,L,2026-07-10
SYN_I04895,SYN_V3_dress,S,2026-07-11
SYN_I04896,SYN_V4_trousers,S,2026-07-12
SYN_I04897,SYN_V1_dress,XL,2026-06-15
SYN_I04898,SYN_V2_shirt,S,2026-06-16
SYN_I04899,SYN_V3_dress,L,2026-06-17
SYN_I04900,SYN_V4_dress,S,2026-06-18
SYN_I04901,SYN_V1_kurti,S,
SYN_I04902,SYN_V2_trousers,S,
SYN_I04903,SYN_V3_kurti,L,
SYN_I04904,SYN_V4_dress,XL,
SYN_I04905,SYN_V1_kurti,L,
SYN_I04906,SYN_V2_dress,L,
SYN_I04907,SYN_V3_trousers,M,
SYN_I04908,SYN_V4_shirt,L,
SYN_I04909,SYN_V1_shirt,XL,
SYN_I04910,SYN_V2_dress,S,
SYN_I04911,SYN_V3_trousers,L,
SYN_I04912,SYN_V4_trousers,S,
SYN_I04913,SYN_V1_trousers,M,
SYN_I04914,SYN_V2_dress,XL,
SYN_I04915,SYN_V3_dress,L,
SYN_I04916,SYN_V4_dress,M,
SYN_I04917,SYN_V1_dress,XL,
SYN_I04918,SYN_V2_dress,M,
SYN_I04919,SYN_V3_kurti,M,
SYN_I04920,SYN_V4_kurti,M,
SYN_I04921,SYN_V1_trousers,XL,
SYN_I04922,SYN_V2_shirt,XL,
SYN_I04923,SYN_V3_dress,L,
SYN_I04924,SYN_V4_shirt,XL,
SYN_I04925,SYN_V1_kurti,L,
SYN_I04926,SYN_V2_shirt,XL,
SYN_I04927,SYN_V3_dress,L,
SYN_I04928,SYN_V4_shirt,M,
SYN_I04929,SYN_V1_kurti,XL,
SYN_I04930,SYN_V2_shirt,M,
SYN_I04931,SYN_V3_trousers,M,
SYN_I04932,SYN_V4_trousers,XL,
SYN_I04933,SYN_V1_trousers,M,
SYN_I04934,SYN_V2_dress,L,
SYN_I04935,SYN_V3_trousers,M,
SYN_I04936,SYN_V4_trousers,S,
SYN_I04937,SYN_V1_kurti,XL,
SYN_I04938,SYN_V2_shirt,L,
SYN_I04939,SYN_V3_trousers,S,
SYN_I04940,SYN_V4_shirt,S,
SYN_I04941,SYN_V1_dress,L,
SYN_I04942,SYN_V2_shirt,M,
SYN_I04943,SYN_V3_shirt,S,
SYN_I04944,SYN_V4_dress,XL,
SYN_I04945,SYN_V1_dress,M,
SYN_I04946,SYN_V2_trousers,L,
SYN_I04947,SYN_V3_kurti,L,
SYN_I04948,SYN_V4_kurti,S,
SYN_I04949,SYN_V1_trousers,XL,
SYN_I04950,SYN_V2_dress,L,
SYN_I04951,SYN_V3_kurti,XL,
SYN_I04952,SYN_V4_kurti,XL,
SYN_I04953,SYN_V1_shirt,M,
SYN_I04954,SYN_V2_dress,S,
SYN_I04955,SYN_V3_kurti,M,
SYN_I04956,SYN_V4_dress,S,
SYN_I04957,SYN_V1_trousers,L,
SYN_I04958,SYN_V2_shirt,S,
SYN_I04959,SYN_V3_trousers,M,
SYN_I04960,SYN_V4_shirt,XL,
SYN_I04961,SYN_V1_kurti,XL,
SYN_I04962,SYN_V2_kurti,XL,
SYN_I04963,SYN_V3_trousers,XL,
SYN_I04964,SYN_V4_shirt,M,
SYN_I04965,SYN_V1_dress,M,
SYN_I04966,SYN_V2_dress,S,
SYN_I04967,SYN_V3_trousers,L,
SYN_I04968,SYN_V4_shirt,S,
SYN_I04969,SYN_V1_shirt,M,
SYN_I04970,SYN_V2_trousers,XL,
SYN_I04971,SYN_V3_shirt,M,
SYN_I04972,SYN_V4_trousers,XL,
SYN_I04973,SYN_V1_trousers,S,
SYN_I04974,SYN_V2_dress,XL,
SYN_I04975,SYN_V3_shirt,S,
SYN_I04976,SYN_V4_shirt,S,
SYN_I04977,SYN_V1_shirt,M,
SYN_I04978,SYN_V2_shirt,L,
SYN_I04979,SYN_V3_kurti,XL,
SYN_I04980,SYN_V4_shirt,S,
SYN_I04981,SYN_V1_shirt,M,
SYN_I04982,SYN_V2_kurti,L,
SYN_I04983,SYN_V3_trousers,S,
SYN_I04984,SYN_V4_dress,M,
SYN_I04985,SYN_V1_kurti,M,
SYN_I04986,SYN_V2_shirt,M,
SYN_I04987,SYN_V3_dress,S,
SYN_I04988,SYN_V4_shirt,M,
SYN_I04989,SYN_V1_shirt,XL,
SYN_I04990,SYN_V2_shirt,M,
SYN_I04991,SYN_V3_kurti,M,
SYN_I04992,SYN_V4_trousers,S,
SYN_I04993,SYN_V1_kurti,L,
SYN_I04994,SYN_V2_dress,L,
SYN_I04995,SYN_V3_trousers,XL,
SYN_I04996,SYN_V4_kurti,L,
SYN_I04997,SYN_V1_kurti,M,
SYN_I04998,SYN_V2_kurti,XL,
SYN_I04999,SYN_V3_shirt,S,
SYN_I05000,SYN_V4_dress,L,
